"","ALK","DIC","TOT_P","TOT_N5","TOT_N3","TOT_S6","TOT_S2","CH4","O2","N2","Mn2","Fe2","Ca2","MnO2","OM","OM_beta","FeOH3","FeOH3_P","FeCO3","S0","FeS","Viv","CaCO3","Apatite","MnCO3"
"1",4.80940898568612,5.52014404459725,0.015484057668068,0.0556892270639831,0.176186525033844,0.0989932641302348,0.0010655513621798,3.2756067772457e-06,0.176492784415731,0.00140946116821147,0.233912125413136,0.000548216638211604,1.89985685083081,35.6053830909124,4282.13041090187,5483.97056517092,17.2403340518634,21.3334382714241,0,4.91111152840013,4.97000252172916e-05,7.20616918005364e-09,2564.10295517493,0.0168717785331074,0
"2",4.83035670147917,5.61663306677257,0.0164767695078553,0.0522362785996425,0.183105726816088,0.0969685108588594,0.00200497504292728,1.64709572572184e-05,0.132754138239567,0.0041858921860666,0.235297488459093,0.000965265175984267,1.89956864480543,21.8277982840656,3946.72165268696,5460.12154715264,17.9883679489261,23.6479887186702,0,5.87798327316494,0.000142186390289678,8.83249465166392e-09,2564.10304317287,0.0200390585577914,0
"3",4.85300308698203,5.71002453584168,0.0175174935529613,0.0481282857688303,0.190462799541936,0.094920214578379,0.00296153465841926,0.000126615121332369,0.0917310776625063,0.00692657793173639,0.236255715935375,0.0017287619673361,1.89927658318352,11.6077450714552,3633.34324872163,5436.12724083755,16.5038897791128,23.5286975100988,0,6.81626889028862,0.000440661279817868,1.08793601159555e-08,2564.10315167488,0.0233303583203221,0
"4",4.87671193971103,5.79954693950854,0.018615278250363,0.0435865399016496,0.198092569738104,0.0928508977830547,0.00393648223641634,0.000943485859719023,0.0539421315726207,0.00961271826333475,0.236828279802599,0.0028101737148247,1.89898061971243,5.11607628457633,3340.84329706188,5411.98882840828,12.9206013641164,20.0893359603772,0,7.60978013978168,0.00122525790097743,1.3471672035372e-08,2564.10328274666,0.026744009878479,0
"5",4.90065917425515,5.88121727223476,0.0197328872045406,0.0388736985497006,0.205817643554815,0.0907659967841883,0.00492762948014628,0.00515302271605794,0.0230508619702135,0.0122100679569874,0.237108828955904,0.00401891311902043,1.89868070805016,1.76435685906067,3068.1062643804,5387.70677472422,8.34505346766325,13.8584064591375,0,8.18132050923373,0.00291999503348316,1.67770501414908e-08,2564.10343732895,0.03027613514212,0
"6",4.92385142720365,5.94772855492085,0.0207768889542985,0.034302557644845,0.213473631107808,0.0886774998706324,0.00592650277484835,0.0175900978720837,0.00597848223657241,0.0146505997055305,0.237212995052876,0.00502329087262748,1.89837680158783,0.470533763051726,2814.05368030307,5363.28067805831,4.44821305624391,7.58596246543871,0,8.5333767987105,0.00583652273986054,2.10227246984515e-08,2564.10361541638,0.0339209115358905,0
"7",4.945575465852,6.00054909982196,0.0216855874913197,0.0301581376516439,0.220965303630301,0.0866047192484455,0.00691887144127304,0.0374043641988472,0.000960416193045073,0.0168431312332753,0.237241389154473,0.00563802677523181,1.89806885296666,0.109998414651033,2577.64478115918,5338.70911330099,2.13241283319739,3.6381848508348,0,8.73023071912211,0.00997032129297158,2.65202117847418e-08,2564.10381704884,0.0376726438083955,0
"8",4.9658005739162,6.04755225615342,0.0224866704863132,0.0265285416113359,0.228271489810732,0.084559887271845,0.00789508249525686,0.0595950430931433,0.000107161605503108,0.0187599679272061,0.237247998903667,0.00597119897653309,1.89775681374753,0.0247865908498622,2357.87710263115,5313.98947136958,0.986541504263426,1.67176663978,0,8.83565908026553,0.015177570454849,3.37016833822927e-08,2564.10404294682,0.0415276837380023,0
"9",4.98474778292509,6.09227233939705,0.0232202839952685,0.0233751126753272,0.235398911843278,0.082546032230733,0.0088518127050759,0.0819675989997812,9.04053551396567e-06,0.0204249410781776,0.237249471716539,0.00616060473802665,1.89744063453978,0.00551495019738042,2153.7870175594,5289.11779974345,0.450362748153219,0.758817706566437,0,8.89089089824019,0.0213797728368965,4.31742359015796e-08,2564.10429416745,0.0454842696676567,0
"10",5.00261085943828,6.13551174735948,0.0239099309797847,0.0206388207599807,0.242359366982225,0.0805634676122173,0.00978799961410609,0.104093129867619,6.08365636576383e-07,0.0218696356955241,0.237249794886671,0.00628356602218101,1.89712026519103,0.00121764371941007,1964.45021102834,5264.08865029483,0.204285969152118,0.343021619192941,0,8.91942296763525,0.0285445758438114,5.58022617152416e-08,2564.10457185002,0.0495418766335829,0
"11",5.01953603222363,6.17747923050173,0.0245675725402794,0.0182645588466575,0.249164903268453,0.0786118489618386,0.0107033590688489,0.125923871517136,3.382977754965e-08,0.0231231850035369,0.237249865107888,0.0063769785016725,1.8967956548957,0.000267228750681257,1788.98207987769,5238.89494182987,0.092371016363251,0.154815976033001,0,8.93401773855619,0.0366579632079789,7.28346069308283e-08,2564.10487716902,0.0537008322378417,0
"12",5.03563892418718,6.21829870425689,0.0251994383074966,0.0162035390475192,0.255827187969403,0.0766905541465064,0.011597985289509,0.147463772914158,1.59373587408517e-09,0.0242113504719916,0.237249880244682,0.00645773727447541,1.89646675225028,5.83416473936635e-05,1626.53803810846,5213.52784589657,0.0417086232570258,0.0698375622900913,0,8.94142987570819,0.0457171904030641,9.61043366952838e-08,2564.10521134418,0.057962144508833,0
"13",5.05101576230444,6.25807813391243,0.0258090876150698,0.0144130016883295,0.262357451552225,0.074798791968318,0.0124721860252969,0.168723925717676,6.47950043360401e-11,0.0251567082442219,0.237249883484262,0.00653347476729047,1.8961335052836,1.26745842071589e-05,1476.31370359869,5187.97670533074,0.0188254556539468,0.0315061125066019,0,8.94517420890921,0.0557288776712063,1.28348520758632e-07,2564.10557565911,0.0623274359985191,0
"14",5.06574919933602,6.29691676715021,0.0263988430175617,0.01285567425164,0.268766488172581,0.0729356629086997,0.0133263919011962,0.189717917066737,2.3059898205957e-12,0.0259789372358137,0.237249884172863,0.00660762516404748,1.89579586147615,2.73966748882096e-06,1337.54493559869,5162.22899554899,0.00849803393682978,0.0142186575136861,0,8.94705802933833,0.0667077581903502,1.73730587189405e-07,2564.10597148057,0.066798924057526,0
"15",5.07991143476379,6.33490631814088,0.0269704422055423,0.0114992095832739,0.275064660749545,0.0711002039090944,0.0141611010964886,0.210461101347441,7.26551144376436e-14,0.0266951158936052,0.237249884318218,0.00668173934769254,1.89545376777517,5.88931144139655e-07,1209.50768732917,5136.27033859425,0.00383722989594561,0.00641951835168625,0,8.94800271694075,0.0786756692869759,2.38712271193043e-07,2564.10640027727,0.0713794170343156,0
"16",5.0935660755328,6.37213162619373,0.0275253314178055,0.010315636741586,0.281261906476572,0.0692914243795738,0.0149768431947465,0.230970213464509,2.04523592003372e-15,0.0273200121399392,0.237249884348675,0.00675652882561182,1.89510717060822,1.25801464911405e-07,1091.51763453044,5110.08457922796,0.00173300502866212,0.00289905439073148,0,8.94847511195653,0.0916608074879081,3.33543487120333e-07,2564.10686363786,0.0760723109702446,0
"17",5.10676939755824,6.40867122516712,0.0280647969117603,0.00928083984247309,0.287367742330309,0.0675083359928644,0.0157741540527821,0.251263039784738,5.18288630291663e-17,0.0278663585288502,0.237249884355006,0.00683233294561098,1.89475601589675,2.66738081388803e-08,982.929540025811,5083.65393079579,0.000782572106959283,0.00130908176800913,0,8.94871068997835,0.105697218249234,4.748727787319e-07,2564.10736328757,0.0808815784743801,0
"18",5.11957130190181,6.44459785856059,0.0285900238373125,0.00837407462351223,0.293391270381267,0.0657499773924475,0.0165535574567024,0.271358122822849,1.18987654710362e-18,0.0283451074873164,0.237249884356309,0.00690932704585048,1.89440024906975,5.60623410542153e-09,883.136317332748,5056.95919606791,0.000353157999551109,0.000590750904985208,0,8.94882782822456,0.12082445691847,6.90446693254967e-07,2564.10790110298,0.0858117450173912,0
"19",5.13201609530469,6.47997894452426,0.0291021227052693,0.00757752820846514,0.299341182744015,0.0640154344451711,0.0173155513272225,0.291274495764505,2.48810064264001e-20,0.0287656637479056,0.237249884356575,0.00698761494363818,1.89403981507758,1.16614536608525e-09,791.567764049005,5029.98006474108,0.000159162331918221,0.00026623928520851,0,8.94888587964912,0.137087351893238,1.02782046782445e-06,2564.10847912448,0.0908678499119726,0
"20",5.1441431530634,6.51487699197232,0.0296021414118585,0.00687592420945664,0.305225766038566,0.0623038565091476,0.0180605972377844,0.311031445136792,4.7606975075426e-22,0.0291360928443623,0.237249884356629,0.00706726998930809,1.89367465840575,2.39636707397849e-10,707.688948828106,5002.69548486738,7.15785877212234e-05,0.000119732830476268,0,8.94891453463466,0.154535807968656,1.57102166177498e-06,2564.10909956565,0.0960553906954973,0
"21",5.1559874917378,6.54934996927022,0.0300910708126048,0.00625617282254978,0.311052905280114,0.0606144691420771,0.018789112508732,0.330648300081172,8.36836276906439e-24,0.0294633058518905,0.237249884356639,0.00714835330495875,1.89330472308821,4.85545621528621e-11,630.998254380132,4975.08410034892,3.20915319591007e-05,5.36808935690197e-05,0,8.94892861141231,0.17322459952335,2.46248275467247e-06,2564.10976481934,0.101380250916346,0
"22",5.16758026663361,6.58345162794425,0.0305698473980484,0.0057070638592498,0.316830087170742,0.0589465836562086,0.0195014643942189,0.35014424645635,1.35608334511815e-25,0.0297532214584077,0.237249884356641,0.00723092192546916,1.89292995271989,9.68035535559376e-12,561.025102471722,4947.12474116197,1.43288785928004e-05,2.39685127818503e-05,0,8.94893548678566,0.193213116197831,3.86726038196637e-06,2564.11047745989,0.106848612600465,0
"23",5.17894920401298,6.61723178486135,0.0310393546443136,0.00521899957891871,0.322564402831795,0.0572996039041223,0.0201979660141375,0.369538163819773,2.03204122495776e-27,0.0300109070219693,0.237249884356642,0.00731503246376623,1.89255029046814,1.89503512016515e-12,497.32741380518,4918.79694763153,6.36450409901553e-06,1.06461667454108e-05,0,8.94893882179511,0.214565036794436,5.96561724604947e-06,2564.11124024125,0.112466855950026,0
"24",5.19011897606953,6.65073656712665,0.0315004237515405,0.0047837636043085,0.328262550085436,0.0556730306481113,0.020878873763398,0.388848483320997,2.82324417974357e-29,0.0302407005772518,0.237249884356642,0.00740074279952579,1.89216567908283,3.63480105597404e-13,439.488883402907,4890.08150545567,2.80891997241514e-06,4.69859454648592e-06,0,8.94894042643962,0.237347919802782,8.95503234759927e-06,2564.11205609124,0.118241450034167,0
"25",5.20111152588621,6.6840086244968,0.0319538341024453,0.00439432198430781,0.333930835463408,0.0540664638275375,0.021544385984175,0.408093064683447,3.6456318578931e-31,0.0304463158691488,0.237249884356642,0.00748811289714739,1.89177606090514,6.81660657362695e-14,387.116177342475,4860.96096490116,1.23030732391596e-06,2.05798484541023e-06,0,8.94894119130142,0.261632710890046,1.30522165885593e-05,2564.11292810195,0.124178839261682,0
"26",5.21194634910934,6.71708731441525,0.0324003136088059,0.00404465250425222,0.339575176183978,0.0524796029978773,0.0221946427259291,0.427289090704155,4.38462778146698e-33,0.0306309324723902,0.237249884356642,0.00757720524165751,1.89138137787502,1.24739027521192e-14,339.836175539904,4831.420116231,5.34145141023467e-07,8.9348615339392e-07,0,8.94894155198929,0.287493178487652,1.84950833562395e-05,2564.11385951695,0.13028533115136,0
"27",5.22264073862375,6.75000886486275,0.0328405390441641,0.00372959854682105,0.345201102388008,0.0509122461767112,0.022829726448183,0.446452978003901,4.92107149894606e-35,0.0307972729490926,0.237249884356642,0.00766808510875613,1.89098157153743,2.22311370907902e-15,297.293394040282,4801.44639440096,2.29590117115016e-07,3.84044655527548e-07,0,8.94894172004033,0.315005297719316,2.55446234347973e-05,2564.11485371609,0.136566991222556,0
"28",5.23320999801166,6.78280652010021,0.033275136431455,0.00344474410872923,0.350813759955909,0.0493642872989518,0.0234496635441618,0.465600303056602,5.16300640959476e-37,0.0309476688366048,0.237249884356642,0.00776082076465874,1.89057658304785,3.85212459099069e-16,259.147716072993,4771.03018954349,9.75858355569714e-08,1.63235764499885e-07,0,8.94894179729689,0.344246609741904,3.44866377252602e-05,2564.11591419875,0.143029550637213,0
"29",5.24366762900645,6.81551067407806,0.0337046815403233,0.00318630693118309,0.356417914234076,0.0478357124579845,0.0240544265802907,0.484745742771961,5.0715335517954e-39,0.0310841170717633,0.237249884356642,0.00785548363803111,1.89016635317735,6.47984329770146e-17,225.072542677563,4740.16504559252,4.09709225139161e-08,6.85337149272495e-08,0,8.94894183229621,0.375295587558061,4.56332894388981e-05,2564.11704456668,0.149678331511683,0
"30",5.25402549752819,6.84814899581471,0.0341297005397586,0.00295104707083252,0.362017954979678,0.0463265950916203,0.0246439371578712,0.503903029068588,4.67073336579043e-41,0.0312083282629754,0.237249884356642,0.00795214848270728,1.88975082231757,1.05683117161561e-17,194.753441853453,4708.84773709586,1.69734057748148e-08,2.8392100533795e-08,0,8.94894184790234,0.408231040154543,5.93244488653604e-05,2564.11824850764,0.1565181936281,0
"31",5.26429398223365,6.88074655042972,0.0345506708427599,0.00273618859916064,0.367617902786516,0.0448370902611586,0.0252180693098718,0.523084916941544,4.03832471390129e-43,0.0313217680308392,0.237249884356642,0.00805089353944613,1.88932993048626,1.66951026480297e-18,167.88733308146,4677.07822302016,6.93197330752166e-09,1.15953913748943e-08,0,8.94894185474409,0.443131584387027,7.59288172655228e-05,2564.11952978066,0.163553504725372,0
"32",5.27448210885612,6.91332591879062,0.0349680221693918,0.00253935245656953,0.373221417185245,0.0433674281669056,0.0257766533488175,0.542303165499015,3.28172014272688e-45,0.0314256924593869,0.237249884356642,0.0081518007003821,1.8889036173336,2.55269186515225e-19,144.182196822081,4644.85948519487,2.78854767504506e-09,4.66451617991919e-09,0,8.94894185769028,0.480075208717197,9.58448303535912e-05,2564.12089220404,0.170788134809769,0
"33",5.28459767297354,6.94590731793881,0.0353821378426958,0.00235849879358356,0.37883180652455,0.0419179070421509,0.0263194800825724,0.561568531332094,2.50933143059771e-47,0.0315211785383879,0.237249884356642,0.00825495567781064,1.88847182214968,3.77601679945345e-20,123.357252474933,4612.1972669468,1.10414188062598e-09,1.84694266219433e-09,0,8.94894185893533,0.519138945419915,0.000119501354596569,2564.12233964653,0.178225473195047,0
"34",5.29464735325174,6.9785087236515,0.0357933563191154,0.00219187740084051,0.384452039643897,0.0404888855676537,0.0268463053147319,0.580890773413775,1.80719896326064e-49,0.0316091503349952,0.237249884356642,0.00836044817807976,1.88803448387347,5.40265304199899e-21,105.143509521512,4579.09973356734,4.3007750479173e-10,7.19407990546972e-10,0,8.94894185945145,0.560398659194956,0.000147358199751795,2564.12387602222,0.185868465459784,0
"35",5.30463681668082,7.01114599572633,0.0362019729423793,0.00203798506046787,0.39008475925217,0.0390807749481098,0.027356854546627,0.600278668528523,1.22701026200845e-51,0.0316904015110919,0.237249884356642,0.00846837208099594,1.88759154110347,7.47704673351734e-22,89.2845701765773,4545.57707993278,1.64721986329015e-10,2.7553711101337e-10,0,8.94894185966125,0.603928951328699,0.000179906477699722,2564.12550528908,0.19371966635637,0
"36",5.31457081687261,7.04383300589071,0.0366082418982206,0.00189552884513367,0.395732296838551,0.0376940307892614,0.0278508277995242,0.619740036043084,7.86065611157524e-54,0.0317656147004297,0.237249884356642,0.00857882562501239,1.88714293211005,1.00115756258612e-22,75.5375506648206,4511.64111164196,6.20162268854103e-11,1.0373704429311e-10,0,8.94894185974476,0.649803170675751,0.000217668840308386,2564.12723145092,0.201781304021647,0
"37",5.32445328612344,7.07658176767818,0.0370123783378029,0.00176339455038845,0.401396688869546,0.0363291449083216,0.0283279044790762,0.63928177067002,4.7553925033534e-56,0.0318353781755319,0.237249884356642,0.00869191159842423,1.88668859484961,1.29746308034139e-23,63.6739924280255,4477.30482460685,2.29471874766426e-11,3.83846861251369e-11,0,8.94894185977727,0.698093516561856,0.000261199627998376,2564.12905856251,0.210055350649655,0
"38",5.33428742167054,7.10940256720206,0.0374145606309,0.00164061957491832,0.407079693974123,0.0349866372008751,0.0287877482096276,0.658909881767784,2.71867202877865e-58,0.0319002001662212,0.237249884356642,0.00880773753679177,1.88622846698059,1.62829608263347e-24,53.4806519224963,4442.58200460939,8.34443279734289e-12,1.39580693339455e-11,0,8.94894185978973,0.748871214709226,0.000311084956590393,2564.13099073707,0.21854359504771,0
"39",5.34407576637873,7.14230409349925,0.0378149327060271,0.001526369666658,0.41278281078957,0.0336670476747041,0.0292300115734292,0.67862953767639,1.46985950830873e-60,0.0319605211370791,0.237249884356642,0.00892641592682608,1.88576248588115,1.98007207761444e-25,44.7600842081431,4407.48686360102,2.9821294034529e-12,4.98832814489552e-12,0,8.9489418597944,0.802206745552646,0.000367942763973636,2564.13303215566,0.227247713110125,0
"40",5.35382028397518,7.17529356700788,0.0382136064337881,0.00141991903514438,0.418507296133663,0.0323709287457785,0.0296543406987429,0.698445113608007,7.52022752622374e-63,0.0320167242876202,0.237249884356642,0.0090480644169883,1.88529058866861,2.33465940702146e-26,37.3309665073703,4372.03372420636,1.04755706749442e-12,1.75229096266401e-12,0,8.94894185979611,0.858170104632539,0.000432422831308184,2564.13518707764,0.236169333081345,0
"41",5.36352242889241,7.20837686476066,0.038610664011354,0.00132063339653475,0.424254183181408,0.0310988378749726,0.030060379650623,0.718360241691442,3.643289286067e-65,0.0320691445040982,0.237249884356642,0.00917280603507215,1.88481271222046,2.6708834522456e-27,31.0281387751362,4336.23675866773,3.61779099418228e-13,6.05162492872506e-13,0,8.94894185979664,0.916831076685178,0.000505206786955062,2564.13745985178,0.245310093410835,0
"42",5.37318321076766,7.24155864099416,0.0390061603097008,0.00122795557133599,0.43002429935302,0.029851330606972,0.0304477745882195,0.738377861897424,1.67232488815685e-67,0.032118075963547,0.237249884356642,0.0093007694130558,1.8843287931969,2.96664421219716e-28,25.7023654677759,4300.1097838452,1.22869569052904e-13,2.05528884409795e-13,0,8.94894185979695,0.978259508044614,0.000587008095964663,2564.13985492728,0.254671691910205,0
"43",5.38280325366602,7.27484244206386,0.0394001251503891,0.0011413932993651,0.43581828365924,0.0286289540563109,0.0308161776621766,0.758500272733512,7.27705452804422e-70,0.0321637785671811,0.237249884356642,0.00943208901952438,1.88383876806486,3.20134630208787e-29,21.2198438556241,4263.66611018446,4.10508619142429e-14,6.86674326143378e-14,0,8.94894185979702,1.04252556548416,0.000678572034290994,2564.14237686454,0.264255925725337,0
"44",5.39238285013216,7.3082308147838,0.0397925654846552,0.00106050897432202,0.441636603295842,0.0274322408703187,0.0311652506346264,0.77872918077869,3.00351887813244e-72,0.0322064833602895,0.237249884356642,0.00956690539997769,1.88334257312339,3.3582566061965e-30,17.4614984850511,4226.91843990767,1.34969430338371e-14,2.25768810460418e-14,0,8.94894185979696,1.1096999731972,0.000780675645169407,2564.14503034511,0.274064722281218,0
"45",5.4019220102211,7.34172540755474,0.0401834674538473,0.000984911033449665,0.447479569327061,0.0262617036854939,0.0314946682120961,0.799065748314451,1.17642941709002e-74,0.0322463970782859,0.237249884356642,0.00970536542535034,1.88284014453043,3.42641562822367e-31,14.3221089837259,4189.87880804089,4.36871041300871e-15,7.30771813082463e-15,0,8.94894185979706,1.17985422287572,0.000894127675270627,2564.14782018087,0.284100161827506,0
"46",5.41142050570327,7.37532706388375,0.040572798316341,0.000914246767338979,0.453347351344297,0.0251178300827617,0.0318041210881645,0.819510638490418,4.374952857658e-77,0.0322837059429567,0.237249884356642,0.00984762254908282,1.88233141833088,3.40182784535698e-32,11.7093203105772,4152.55855913232,1.39268471763169e-15,2.32959990464278e-15,0,8.94894185979697,1.25306075461608,0.0010197684901079,2564.15075132215,0.294364492514467,0
"47",5.42087790967882,7.40903590811736,0.0409605082316832,0.000848196341805928,0.459239991029325,0.0240010780382804,0.0320933186978929,0.840064057629827,1.54545071579129e-79,0.032318578818766,0.237249884356642,0.00999383707309327,1.88181633048596,3.28775711178797e-33,9.54258215682349,4114.9683524481,4.37436865769911e-16,7.31718290495429e-16,0,8.94894185979707,1.32939310853546,0.00115846997139973,2564.15382886494,0.30486013908476,0
"48",5.43029363186721,7.44285142340062,0.0413465318976364,0.000786467848383914,0.465157414588886,0.0229118718598321,0.0323619916899663,0.860725794428308,5.18806419829985e-82,0.0323511698260762,0.237249884356642,0.0101441764230102,1.8812948169039,3.09408214349464e-34,7.75205895358248,4077.11818885683,1.35432881807729e-16,2.26544044427479e-16,0,8.94894185979707,1.40892604854027,0.00131113540330538,2564.15705805707,0.315589706307251,0
"49",5.43966694985928,7.47677252203149,0.0417307900399341,0.000728793222583684,0.471099444059104,0.0218505985941642,0.0326098941252432,0.881495255925508,1.6558101719294e-84,0.0323816204962087,0.237249884356642,0.0102988154330376,1.88076681347191,2.83516336019324e-35,6.27754513499387,4039.01745334475,4.13487294990552e-17,6.91656877385943e-17,0,8.94894185979706,1.49173566069816,0.00147869935928408,2564.16044430347,0.326555978236789,0
"50",5.4489970366307,7.51079760850261,0.0421131907578822,0.000674924889787923,0.477065807503596,0.0208176048876294,0.0328368054121988,0.902371500232671,5.02632427059221e-87,0.032410061542331,0.237249884356642,0.0104579366408336,1.88023225608947,2.54231201502296e-36,5.06741298206148,4000.67496798801,1.24540718034688e-17,2.08324282721241e-17,0,8.94894185979697,1.57789942922244,0.00166212760644055,2564.16399317071,0.337761914287866,0
"51",5.45828298461867,7.54492463561353,0.0424936307314947,0.000624633017521859,0.483056148148614,0.0198131942808135,0.0330425319907334,0.923353266081062,1.45177255399962e-89,0.032436614310192,0.237249884356642,0.0106217305927968,1.87969108070302,2.22051970157457e-37,4.07761327552372,3962.09905113254,3.70212745740482e-18,6.1926979326669e-18,0,8.94894185979717,1.66749629328512,0.00186241704931415,2564.16771039071,0.349210642984987,0
"52",5.46752382665907,7.5791511540982,0.0428719962977101,0.000577703269907878,0.489070032512751,0.0188376249172103,0.0332269087761967,0.944438999318158,3.99137254879018e-92,0.0324613919637159,0.237249884356642,0.0107903961601613,1.87914322334195,1.90350782901288e-38,3.2707425863182,3923.29757941643,1.08657360436841e-18,1.81755549771852e-18,0,8.94894185979727,1.76060668781311,0.00208059573989484,2564.17160186394,0.360905454116251,0
"53",5.47671855407151,7.61347435624988,0.0432481644044825,0.000533934975411359,0.495106957598247,0.0178911076461422,0.0333898003754072,0.965626876523075,1.04492130771651e-94,0.0324845004523888,0.237249884356642,0.0109641408663171,1.87858862015616,1.55134049033688e-39,2.61518557553225,3884.27805006831,3.1499870959841e-19,5.2691104781389e-19,0,8.94894185979707,1.85731257121782,0.00231772298500048,2564.17567366204,0.372849789882378,0
"54",5.48586613216477,7.64789111404275,0.0436220034522874,0.000493139632575633,0.501166357216616,0.0169738045007592,0.0335311020860766,0.986914825942505,2.60579049786297e-97,0.0325060393001944,0.237249884356642,0.011143181225778,1.87802720745493,1.3186571564918e-40,2.08433624182853,3845.04764160311,9.02342354489894e-20,1.50938445461299e-19,0,8.94894185979717,1.95769744265261,0.00257488958585732,2564.17993203008,0.385047235509312,0
"55",5.49496551341821,7.68239801225047,0.0439933740329182,0.000455139690406849,0.507247607523863,0.0160858275328983,0.0336507406904984,1.00830054596606,6.19216085344547e-100,0.0325261022495417,0.237249884356642,0.0113277430952335,1.8774589217475,2.41903326314288e-41,1.65589861156605,3805.61327160868,2.55514246199273e-20,4.27408986429826e-20,0,8.94894185979717,2.06184635104636,0.00285321824765563,2564.18438338839,0.397501509682513,0
"56",5.50401564857598,7.71699137705089,0.0443621295754646,0.000419767550505712,0.513350031840645,0.0152272379876636,0.0337486750537297,1.02978152136784,1.40261863225654e-102,0.0325447777881153,0.237249884356642,0.0115180620371269,1.8768836997851,6.58543111060677e-42,1.31126481764468,3765.98165077599,7.15493573468718e-21,1.19683496158071e-20,0,8.94894185979707,2.16984589773145,0.003153864198899,2564.1890343342,0.410216455067536,0
"57",5.51301549587109,7.75166730058622,0.0447281169091411,0.000386864747068594,0.519472904830999,0.0143980458016838,0.0338248965358498,1.05135503754134,3.02953035572308e-105,0.0325621495818153,0.237249884356642,0.0117143836962128,1.8763014786047,0,1.03496672807435,3726.15933268489,1.98201287749693e-21,3.31539288968127e-21,0,8.94894185979707,2.28178423411764,0.00347801606145595,2564.19389164299,0.423196029103963,0
"58",5.52196402857722,7.78642166192193,0.0450911767522334,0.000356281268621287,0.525615456110191,0.0135982094100179,0.0338794292272895,1.0730181929495,6.24150270428486e-108,0.0325782968328652,0.237249884356642,0.0119169641895532,1.87571219557444,0,0.814196126560951,3686.15275912827,5.43348587369442e-22,9.08881099429319e-22,0,8.94894185979707,2.39775105549175,0.00382689701230882,2564.19896226973,0.436444295197209,0
"59",5.53086024106783,7.82125014481809,0.0454511441359155,0.000327874991934537,0.531776873348248,0.0128276358475514,0.0339123300157057,1.09476791000205,1.22692312579593e-110,0.0325932945786912,0.237249884356642,0.012126070510416,1.87511578844082,5.96816937148064e-44,0.638387783327512,3645.96830095661,1.4746244399782e-22,2.46666378344891e-22,0,8.94894185979697,2.51783759167802,0.00420176627706194,2564.20425334994,0.449965414383797,0
"60",5.53970315354398,7.85614825269498,0.0458078487710949,0.000301511204130802,0.537956304931186,0.0120861811314194,0.0339236884924736,1.11660094456015,2.30193281020231e-113,0.0326072139442379,0.237249884356642,0.0123419809465457,1.87451219537772,1.53825044978946e-44,0.498859467439892,3605.61229456495,3.96344810819049e-23,6.62981952624779e-23,0,8.94894185979696,2.64213659499989,0.004603920993333,2564.20977220068,0.463763637507283,0
"61",5.54849181557672,7.89111132114279,0.0461611153658131,0.000277062193651152,0.544152862237073,0.0113736509114804,0.033913626706571,1.13851389425408,4.12329665295914e-116,0.0326201223579282,0.237249884356642,0.0125649855132727,1.87390135503733,1.01753889492312e-45,0.388502942157339,3565.09107423789,1.05538448415407e-23,1.76538419823944e-23,0,8.94894185979696,2.77074232571659,0.00503469847925367,2564.21552632141,0.477843297914549,0
"62",5.55722530859501,7.92613452829304,0.046510763900083,0.00025440689462766,0.550365621579131,0.0106898013761527,0.0338822987734622,1.16050320578442,7.053418882066e-119,0.0326320837394258,0.237249884356642,0.0127953864019302,1.87328320660298,0,0.301520170430308,3524.41100062642,2.78515949566929e-24,4.65884863483726e-24,0,8.94894185979707,2.90375053485279,0.00549547893852479,2564.22152339483,0.492208804660691,0
"63",5.5659027474367,7.961212903339,0.0468566098644058,0.000233430572408565,0.556593625863124,0.0100343404010099,0.0338298903465285,1.18256518136188,1.15260783147971e-121,0.0326431586656706,0.237249884356642,0.0130334984440368,1.87265768984404,0,0.233199273634118,3483.57848566188,7.28696566360899e-25,1.21892014036497e-24,0,8.94894185979707,3.04125844414618,0.00598768862891187,2564.22777128765,0.506864636196617,0
"64",5.57452328106918,7.99634133346307,0.0471984644675917,0.00021402454060965,0.562835886001581,0.00940692892743627,0.0337566179586419,1.2046959844253,1.79974583453685e-124,0.0326534045202685,0.237249884356642,0.0132796495916978,1.87202474517283,0,0.179725182775701,3442.60001422379,1.89084412533918e-25,3.16289124041861e-25,0,8.94894185979707,3.18336472264191,0.00651280351585995,2564.23427805131,0.521815334503726,0
"65",5.58308609257512,8.03151456940205,0.0475361348189239,0.000196085902203891,0.569091382122847,0.0088071825583845,0.0336627282416204,1.22689164476233,2.68600530078077e-127,0.0326628756301899,0.237249884356642,0.0135341814146579,1.87138431370374,2.45000728836747e-47,0.138020360018136,3401.48216287622,4.86779148491366e-26,8.14255117145166e-26,0,8.94894185979696,3.33016945929404,0.0070723534272054,2564.24105192265,0.537065499633879,0
"66",5.59159039849114,8.06672722985652,0.0478694240891564,0.000179517308890384,0.575359064608747,0.00823467335788011,0.0335484970315234,1.24914806314312,3.8325210816729e-130,0.032671623392817,0.237249884356642,0.0137974496144236,1.87073633731448,0,0.105611421858363,3360.23161597567,1.24374200566328e-26,2.08045742234042e-26,0,8.94894185979717,3.48177413077914,0.00766792671893512,2564.24810132456,0.552619784609563,0
"67",5.6000354475786,8.10197380492743,0.0481981316543258,0.00016422673437086,0.581637854990751,0.0076889318404152,0.033414228368029,1.27146101556368,5.22947209043647e-133,0.0326796963956485,0.237249884356642,0.0140698245558406,1.87008075870962,2.0570208991785e-48,0.0805179441465271,3318.85517943528,3.15504627523207e-27,5.2775731713198e-27,0,8.94894185979707,3.63828156362648,0.00830117545577206,2564.25543486653,0.568482890637757,0
"68",5.60842051909997,8.13724865874281,0.0485220532258968,0.000150127258266438,0.587926646730909,0.00716944913578715,0.0332602533964584,1.29382615718323,6.82555819979064e-136,0.032687140530386,0.237249884356642,0.014351691816484,1.86941752148649,0,0.0611601600808994,3277.35979240868,7.94901868025255e-28,1.32966441901465e-27,0,8.94894185979707,3.79979588957737,0.00897382110423226,2564.26306134525,0.584659562591651,0
"69",5.61674492066832,8.17254603141891,0.0488409809703363,0.000137136858278981,0.594224305910634,0.00667567931430345,0.033086929181369,1.31623902602814,8.52383155839938e-139,0.0326939991026682,0.237249884356642,0.014643452754173,1.8687465702034,0,0.0462826668341536,3235.75253713307,1.98979932134434e-28,3.32841758837859e-28,0,8.94894185979717,3.96642249304897,0.0096876607298887,2564.27098974503,0.601154584715266,0
"70",5.6250079857334,8.20786004048369,0.0491547036208327,0.00012517820888304,0.600529671847415,0.00620704185661717,0.0328946374409976,1.33869504652481,1.01872098702636e-141,0.0327003129383561,0.237249884356642,0.0149455250928766,1.86806785045035,3.10751136981825e-50,0.0348916295935023,3194.04064714736,4.95050035936963e-29,8.28090164201235e-29,0,8.94894185979696,4.13826794941166,0.0104445736850653,2564.27922923826,0.61797277650787,0
"71",5.63320907076328,8.24318468187626,0.0494630065835392,0.000114178485361805,0.606841557656985,0.00576292425180614,0.032683783212193,1.36118953291421,1.16547998213786e-144,0.032706120486998,0.237249884356642,0.0152583435272136,1.86738130892224,0,0.0262033111455195,3152.23151407692,1.22458683132529e-29,2.04841578954991e-29,0,8.94894185979707,4.31543995272081,0.0112465287682334,2564.28778918576,0.635118988748242,0
"72",5.6413475521777,8.27851383062266,0.0497656720404161,0.000104069172403703,0.613158750776118,0.00534268470669146,0.0324547934558084,1.38371769259232,1.27669517639737e-147,0.032711457922885,0.237249884356642,0.0155823603456848,1.86668689349463,0,0.0196020601692542,3110.33269315455,3.0129224609735e-30,5.03983693427974e-30,0,8.94894185979717,4.49804723142861,0.0120955918321424,2564.29667913709,0.652598099620231,0
"73",5.64942282308613,8.31384124127762,0.0500624790504844,9.47858767800316e-05,0.61948001345917,0.00494565494882911,0.032208115612819,1.40627462941326,1.339381813351e-150,0.0327163592439534,0.237249884356642,0.0159180460726939,1.86598455330216,2.70301035444353e-53,0.0146061628594359,3068.35190762505,7.37568007538916e-31,1.23375975787162e-30,0,8.94894185979707,4.68619945052859,0.0129939338143053,2564.3059088307,0.670415010904734,0
"74",5.65743428988145,8.34916054821183,0.0503532036510686,8.62681438488197e-05,0.625804083259686,0.00457114310512701,0.0319442161216749,1.42885534698532,1.34603598400043e-153,0.0327208563686658,0.237249884356642,0.0162658901293213,1.86527423881964,0,0.0108402019762082,3026.2970521619,1.79717553010649e-31,3.00620800280485e-31,0,8.94894185979707,4.88000709847425,0.0139438391609935,2564.31548819409,0.688574644206458,0
"75",5.6653813687376,8.38446526581562,0.0506376189604023,7.84592777925892e-05,0.632129673506843,0.00421843663765639,0.0316635789075802,1.45145475198403,1.29611275374635e-156,0.032724979230921,0.237249884356642,0.0166264015127126,1.86455590194586,0,0.00801277703144784,2984.17619540574,4.36026155817348e-32,7.29358539047264e-32,0,8.94894185979707,5.07958135714333,0.0149477146144301,2564.3254273438,0.707081937184077,0
"76",5.67326348205772,8.41974878868271,0.050915495282797,7.1306165611505e-05,0.638455473785067,0.00388680531795967,0.0313667038544948,1.47406765750178,1.19607935823945e-159,0.0327287558729818,0.237249884356642,0.0170001094938226,1.86382949609029,0,0.00589862149466836,2941.9975817189,1.05372746177767e-32,1.76261243006227e-32,0,8.94894185979707,5.28503395305204,0.0160080983324814,2564.33573658535,0.725941839758563,0
"77",5.68108005491742,8.45500439183081,0.0511866002174176,6.4759104969437e-05,0.644780150424063,0.00357550422102099,0.0310541052706845,1.49668878644888,1.0580449848055e-162,0.0327322125363677,0.237249884356642,0.0173875643331269,1.86309497626253,7.47122754277348e-55,0.00432431018324247,2899.76963223487,2.53745692992711e-33,4.24450656139352e-33,0,8.94894185979707,5.49647698789086,0.0171276693108216,2564.346426413,0.745159310273582,0
"78",5.68883051154599,8.49022523101049,0.0514506987715803,5.87716360375539e-05,0.651102347005397,0.0032837767200711,0.0307263103585747,1.5193127750175,8.97366101006237e-166,0.0327353737506375,0.237249884356642,0.0177893380137613,1.86235229916475,0,0.00315688495135635,2857.50094526937,6.09095589806852e-34,1.01885876247152e-33,0,8.94894185979707,5.71402274646687,0.0183092570793022,2564.35750750946,0.764739311585716,0
"79",5.69651427188608,8.52540434314834,0.0517075534793759,5.33003775052265e-05,0.657420684890941,0.00301085746355579,0.0303838576995079,1.54193417621669,7.29877087867039e-169,0.0327382624199713,0.237249884356642,0.0182060249913878,1.86160142328709,2.36562941348555e-56,0.00229484189625729,2815.20029614793,1.45797907541384e-34,2.43882041069474e-34,0,8.94894185979707,5.93778347998939,0.0195558516470267,2564.36899074542,0.784686807063919,0
"80",5.70413074827099,8.56053464696614,0.0519569245263244,4.83048669367756e-05,0.663733763777727,0.00275597531590996,0.0300272957637451,1.56454746348448,5.69424630295702e-172,0.0327408999074584,0.237249884356642,0.0186382429599038,1.86084230900608,1.12716178224059e-56,0.00166102091823535,2772.8766364951,3.48144699918627e-35,5.82355682845116e-35,0,8.94894185979707,6.1678711626169,0.0208706136743492,2564.38088717899,0.805006756480687,0
"81",5.7116793422562,8.5956089438138,0.0521985698806874,4.37474056493634e-05,0.670040162283108,0.00251835624425276,0.02965718145569,1.58714703438054,4.26206348521142e-175,0.0327433061169979,0.237249884356642,0.019086633631911,1.8600749186861,0,0.00119702080031319,2730.53909302169,8.2961294760453e-36,1.38772704198048e-35,0,8.94894185979707,6.40439721914858,0.0222568848545612,2564.39320805493,0.825704111775266,0
"82",5.71915944163934,8.63061991875016,0.0524322454319957,3.95929082754901e-05,0.676338438563585,0.0022972261337513,0.0292740787038573,1.60972721436178,3.06118993645856e-178,0.032745499572726,0.237249884356642,0.0195518635326441,1.85929921678405,0,0.000858832032421737,2688.19696583926,1.97362250061003e-36,3.30135796779122e-36,0,8.94894185979707,6.64747222163008,0.023718198493261,2564.40596480386,0.846783812676705,0
"83",5.72657041770117,8.66556014190238,0.0526577051372921,3.58087571558057e-05,0.682627130970189,0.00209181351518847,0.0288785571045425,1.63228226064162,2.11025908154482e-181,0.0327474974958928,0.237249884356642,0.0200346248058193,1.8585151699571,2.91120967361066e-58,0.000613437222244028,2645.85972632435,4.68912869193059e-37,7.84369471077412e-37,0,8.94894185979707,6.89720555273542,0.0252582902791278,2564.41916904116,0.868250782169471,0
"84",5.73391162269655,8.7004220701318,0.0528747011755407,3.23646616863212e-05,0.688904758742901,0.00190135218920989,0.0284711906274978,1.65480636613309,1.39650918374386e-184,0.0327493158791235,0.237249884356642,0.0205356360296079,1.85772274717375,4.75415437913943e-59,0.000436176751871994,2603.53701454984,1.1130828715717e-37,1.86189861827049e-37,0,8.94894185979707,7.15370503361505,0.0268811092458498,2564.43283256585,0.89010992179146,0
"85",5.74118238762231,8.73519804903103,0.0530829841106145,2.92325227201793e-05,0.695169822746276,0.00172508373280537,0.0280525563911636,1.67729366347494,8.87361715546202e-188,0.0327509695580111,0.237249884356642,0.0210556430406591,1.85692191982805,0,0.000308716813963898,2561.23863629618,2.64082178340831e-38,4.41740912128368e-38,0,8.94894185979707,7.41707651406146,0.0285908289310248,2564.44696735921,0.912366106749012,0
"86",5.74838202028557,8.76988031527473,0.0532823030632395,2.63863020991158e-05,0.701420806248099,0.00156225987479279,0.027623233514177,1.69973822913999,5.41491725793289e-191,0.0327524722800003,0.237249884356642,0.0215954197637985,1.85611266185724,2.38281349431159e-60,0.000217489377512238,2518.97455965137,6.26465464328914e-39,1.04791405224004e-38,0,8.94894185979707,7.68742342274837,0.0303918587437416,2564.46158558334,0.935024180842171,0
"87",5.7555098036932,8.80446099934335,0.053472405892245,2.38018973645098e-05,0.707656175742701,0.00141214472840253,0.0271838020489593,1.72213408762439,3.17396134418385e-194,0.032753836770537,0.237249884356642,0.0221557690447075,1.85529494986267,4.51062702496707e-61,0.000152500113830309,2476.75491120556,1.48652810522574e-39,2.4865755244532e-39,0,8.94894185979707,7.96484627540829,0.032288855557958,2564.47669957945,0.958088951185739,0
"88",5.76256499477956,8.83893212863729,0.0536530393854473,2.14570216731329e-05,0.713874381820283,0.00127401687049394,0.0267348420022064,1.74447521571678,1.78736654555123e-197,0.0327550747964698,0.237249884356642,0.0227375234825449,1.85446876323406,0,0.000106421831079493,2434.58997184348,3.5297174344646e-40,5.90430073263963e-40,0,8.94894185979707,8.24944213886817,0.0342867355534999,2564.49232186604,0.981565182719484,0
"89",5.76954682348611,8.87328563099587,0.053823949460476,1.93310889188669e-05,0.720073860083451,0.0011471712584548,0.0262769324460601,1.76675554684631,9.67186959025499e-201,0.0327561972267026,0.237249884356642,0.0233415462591133,1.8536340842773,0,7.39083583656844e-05,2392.49017213592,8.39019203624417e-41,1.40346126584744e-40,0,8.94894185979707,8.54130404895328,0.0363906863302403,2564.50846513691,1.0054575924964,0
"90",5.77645449220341,8.90751333863351,0.0539848813758333,1.74051040390893e-05,0.726253032111938,0.001030920977422,0.0258106507226504,1.78896897550883,5.03006778035858e-204,0.0327572140901104,0.237249884356642,0.0239687319607824,1.85279089834554,0,5.10778043407282e-05,2350.46608732979,1.99730712401358e-41,3.34097619273155e-41,0,8.94894185979707,8.84052038044218,0.038606179323577,2564.52514225902,1.0297708437429,0
"91",5.78328717558173,8.94160699250304,0.0541355799524671,1.56615584633743e-05,0.73241030647637,0.000924598812097438,0.0253365717435707,1.81110936177091,2.51469201074235e-207,0.0327581346307396,0.237249884356642,0.0246200073889818,1.85193919397385,9.17372629955997e-64,3.51252984733003e-05,2308.52843193529,4.76361041296264e-42,7.96828328993917e-42,0,8.94894185979707,9.14717416738475,0.0409389825505474,2564.54236627008,1.05450953968001,0
"92",5.79004402071317,8.97555824709355,0.0542757898061241,1.40843306427662e-05,0.738544079801743,0.000827558639096754,0.0248552673846934,1.83317053585168,1.20871384037895e-210,0.0327589673603256,0.237249884356642,0.0252963323546529,1.85107896301733,6.82861502665643e-64,2.40342186081328e-05,2266.68805390749,1.13874160507955e-42,1.90481901681573e-42,0,8.94894185979707,9.46134237237927,0.0433951737156597,2564.56015037611,1.07967821710209,0
"93",5.79672414768436,9.0093586756683,0.054405255590741,1.26585915802472e-05,0.744652737881156,0.00073917663743969,0.0243673059755752,1.85514630278314,5.58687966535265e-214,0.0327597201081712,0.237249884356642,0.0259987004516048,1.85021020079274,1.07809055763606e-64,1.63619458740497e-05,2224.95592841939,2.72955979685752e-43,4.56584477584454e-43,0,8.94894185979707,9.78309510360024,0.0459811537037583,2564.57850794874,1.10528133970002,0
"94",5.80332665049487,9.04299977594548,0.0545237222531227,1.13707152671705e-05,0.750734656840206,0.000658852316448581,0.0238732518815334,1.87703044714965,2.48371023355939e-217,0.032760400068433,0.237249884356642,0.0267281398032713,1.84933290622358,3.82561873257027e-65,1.10817251890563e-05,2183.34315122287,6.56328515936052e-44,1.09786718326308e-43,0,8.94894185979707,10.1124947787426,0.0487036604839366,2564.59745252239,1.13132329112963,0
"95",5.80985059833316,9.07647297622276,0.0546309352991465,1.0208193916374e-05,0.756788204352289,0.000586009361945304,0.0233736651753337,1.89881673790821,1.06217545429443e-220,0.0327610138448765,0.237249884356642,0.0274857137768911,1.84844708198882,3.75111633965947e-66,7.46654244870705e-06,2141.8609315941,1.58378375010089e-44,2.64925896468346e-44,0,8.94894185979707,10.4495952354355,0.0515697834437977,2564.61699779124,1.15780836781102,0
"96",5.8162950371978,9.10976964194429,0.0547266410717266,9.1595578703936e-06,0.762811740904949,0.000520096303206997,0.0228691013943057,1.92049893329122,4.37051444258929e-224,0.0327615674931626,0.237249884356642,0.0282725216586635,1.84755273467501,0,5.00430114849062e-06,2100.52058485989,3.83710061926021e-45,6.41847298491307e-45,0,8.94894185979707,10.7944407880448,0.054586978167313,2564.6371576061,1.18474077145931,0
"97",5.82265899184854,9.14288108270659,0.0548105870407593,8.21430005261625e-06,0.768803621117249,0.000460587004638286,0.0223601113776273,1.94207078579392,1.73055889338249e-227,0.0327620665607353,0.237249884356642,0.0290896992829467,1.84664987493197,0,3.33619025099873e-06,2059.33352450168,9.33753107845755e-46,1.56192648876689e-45,0,8.94894185979707,11.1470652313874,0.0577630816623485,2564.65794597108,1.21212460133538,0
"98",5.82894146806852,9.1757985596979,0.054882522105267,7.36280482027742e-06,0.774762195108011,0.000406980987524813,0.0218472411774935,1.96352604724899,6.59528602137314e-231,0.0327625161243855,0.237249884356642,0.0299384196080879,1.84573851763206,0,2.21214267508742e-06,2018.31125383451,2.28335575352836e-46,3.81946127380738e-46,0,8.94894185979707,11.5074907924186,0.0611063280358455,2564.67937704016,1.23996384621616,0
"99",5.83514145521536,9.20851329356352,0.0549421969079435,6.59628107085004e-06,0.780685809914628,0.000358803588533896,0.0213310320369235,1.98485847399101,2.41963341659503e-234,0.0327629208255691,0.237249884356642,0.0308198932309992,1.84481868203278,1.38336067036013e-68,1.4588197430326e-06,1977.46535725861,5.61333708516622e-47,9.38965537038593e-47,0,8.94894185979707,11.8757270315437,0.0646253646058145,2564.70146511355,1.26826237607433,0
"100",5.84125792903635,9.24101647268766,0.0549893641622968,5.90669944749608e-06,0.786572810962001,0.000315605962808744,0.0208120204260776,2.00606183211365,8.54690423233794e-238,0.0327632849035608,0.237249884356642,0.0317353688321341,1.84389039194297,1.03632768281964e-69,9.56725317462467e-07,1936.80749108196,1.38793915571502e-47,2.32166181177107e-47,0,8.94894185979707,12.2517696960835,0.0683292684300455,2564.72422463398,1.29702393346682,0
"101",5.84728985472024,9.27329926188089,0.0550237789925722,5.28673348477305e-06,0.792421543580985,0.000276964940551165,0.020290738128156,2.02712990282255,2.90727058874737e-241,0.0327636122265279,0.237249884356642,0.0326861335420791,1.8429536758924,1.74055271313107e-69,6.23937004367924e-07,1896.34937391325,3.45318370782587e-48,5.77627968090542e-48,0,8.94894185979707,12.6355995290933,0.0722275632218409,2564.74767018283,1.32625212462325,0
"102",5.85323619015541,9.30535281146004,0.0550451992866244,4.72970453260772e-06,0.798230354575604,0.000242482746894169,0.0197677123652514,2.04805648788665,9.52473407875967e-245,0.0327639063206086,0.237249884356642,0.0336735132205675,1.8420085673047,0,4.04606181087074e-07,1856.10277662501,8.6490734321375e-49,1.44676540120052e-48,0,8.94894185979707,13.0271810377223,0.0763302366134201,2564.77181647613,1.35595041023619,0
"103",5.85909588936266,9.33716826670635,0.0550533860618967,4.22953029457164e-06,0.803997593838088,0.000211786595623242,0.0192434659539255,2.06883541519081,3.00596490749626e-248,0.0327641703970829,0.237249884356642,0.0346988726383557,1.84105510467376,0,2.60875185957434e-07,1816.07951188834,2.18184248877152e-49,3.64965594105732e-49,0,8.94894185979707,13.4264612261907,0.0806477577179433,2564.79667836049,1.38612209594075,0
"104",5.86486790606849,9.36873677768578,0.0550481038446427,3.780676815619e-06,0.809721616010644,0.000184528167908473,0.0187185174797987,2.08946054439206,9.14009863320162e-252,0.0327644073777213,0.237249884356642,0.0357636155520864,1.84009333174324,8.61402758519152e-72,1.67228949592864e-07,1776.29142328118,5.54609103518086e-50,9.27717019004043e-50,0,8.94894185979707,13.8333682996785,0.0851910949315014,2564.8222708089,1.41677032248855,0
"105",5.87055119738396,9.40004950941417,0.055029121062516,3.37811375457965e-06,0.815400782192681,0.000160382987657029,0.0181933814800654,2.10992577268162,2.67809216957766e-255,0.0327646199184002,0.237249884356642,0.0368691846620169,1.83912329768949,0,1.06570811963645e-07,1736.75037397357,1.4212448795904e-50,2.37737363956838e-50,0,8.94894185979707,14.2478103463763,0.0899717339069012,2564.84860891643,1.44789805560789,0
"106",5.87614472755271,9.43109765234868,0.0549962104506263,3.01727277774144e-06,0.821033461692036,0.000139049705387031,0.0176685686226101,2.13022504065427,7.5627371328e-259,0.0327648104310687,0.237249884356642,0.0380170614423172,1.83814505730749,3.80032224405722e-73,6.75122606653611e-08,1697.46823499463,3.67350266475162e-51,6.14481608727624e-51,0,8.94894185979707,14.6696740062534,0.0950016956216431,2564.8757078959,1.47950807555054,0
"107",5.88164747173126,9.46187243318569,0.0549491494711435,2.69400891171299e-06,0.826618033818542,0.000120249302662417,0.0171445858702731,2.15035233828595,2.05864751289276e-262,0.0327649811041535,0.237249884356642,0.0392087658335718,1.83715867119986,0,4.25122197267213e-08,1658.45687308704,9.58153793320971e-52,1.60274249962539e-51,0,8.94894185979707,15.0988231364562,0.100293554453074,2564.90358307342,1.51160296632089,0
"108",5.88705841976444,9.49236512594417,0.0548877207465046,2.40456469633816e-06,0.832152889718097,0.000103724229119109,0.0166219366188332,2.17030171101995,5.40262229256034e-266,0.0327651339214848,0.237249884356642,0.0404458557871517,1.83616420596892,3.65443579299808e-74,2.66072881363143e-08,1619.72813815663,2.52319067524489e-52,4.22064282170994e-52,0,8.94894185979707,15.5350974844321,0.105860456164241,2564.93224988395,1.54418510458731,0
"109",5.89237657991903,9.5225670633129,0.0548117125062541,2.14553698164876e-06,0.837636434245198,8.92374839629498e-05,0.0161011207974162,2.1900672659612,1.36715091608939e-269,0.0327652706798272,0.237249884356642,0.041729926651288,1.83516173441147,5.89867991628547e-75,1.65505276210724e-08,1581.29385032589,6.7118789416792e-53,1.12272306462299e-52,0,8.94894185979707,15.9783113813999,0.111716135694391,2564.96172386676,1.57725664827755,0
"110",5.89760098253859,9.55246964823854,0.0547209190475187,1.91384621660844e-06,0.843067087871667,7.65716535387882e-05,0.0155826349203205,2.20964317817698,3.33646555677796e-273,0.0327653930050939,0.237249884356642,0.0430626103889862,1.83415133571646,1.06186975700231e-75,1.0230949251826e-08,1543.16578660184,1.80442636647641e-53,3.0183367692722e-53,0,8.94894185979707,16.4282524701531,0.117874934638284,2564.9920206609,1.6108195248517,0
"111",5.90273068358481,9.58206436573109,0.0546151412090867,1.7067080816372e-06,0.848443288629128,6.55279161686956e-05,0.0150669720796666,2.22902369710188,7.85387104319803e-277,0.0327655023673241,0.237249884356642,0.0444455746183939,1.8331330956651,0,6.28464990460863e-09,1505.35566717056,4.90523201464823e-54,8.20517945575115e-54,0,8.94894185979707,16.8846804826235,0.124351818288447,2565.02315600067,1.64487541926295,0
"112",5.90776476803009,9.61134279486238,0.0544941868590291,1.52160732153671e-06,0.85376349408254,5.59250249480704e-05,0.0145546218688297,2.24820315304333,1.78351150827556e-280,0.0327656000944989,0.237249884356642,0.0458805214668879,1.83210710683358,0,3.83597084978105e-09,1467.87514133205,1.34906241517686e-54,2.25663111968665e-54,0,8.94894185979707,17.3473260840903,0.131162392104187,2565.0551457111,1.67942576159847,0
"113",5.9127023530696,9.64029662093268,0.0543578713957623,1.35627364039131e-06,0.859026183331897,4.75982785849213e-05,0.0140460702273001,2.26717596378306,3.90778534554228e-284,0.0327656873852675,0.237249884356642,0.0473691862310042,1.83107346879798,6.91252880185791e-78,2.32630308658596e-09,1430.73577309106,3.7556549804042e-55,6.28223557949895e-55,0,8.94894185979707,17.815889802258,0.138322917460574,2565.08800570341,1.71447171440977,0
"114",5.91754259112223,9.66891764777963,0.0542060182624139,1.20865952523005e-06,0.86422985903896,4.03984896843539e-05,0.0135417991984376,2.28593664126868,8.26257154057938e-288,0.0327657653206561,0.237249884356642,0.0489133358354045,1.83003228834136,0,1.40159194507682e-09,1393.94902642149,1.05889204492665e-55,1.77125143661966e-55,0,8.94894185979707,18.2900410608041,0.145850326519768,2565.12175197058,1.75001415973414,0
"115",5.92228467259246,9.69719781020349,0.0540384594743093,1.0769198706417e-06,0.869373049475691,3.41909591321949e-05,0.0130422865925387,2.30447979838826,1.68614975364336e-291,0.0327658348748256,0.237249884356642,0.0505147670853867,1.82898367966279,0,8.38896654648368e-10,1357.52625022344,3.02526329173574e-56,5.06047993968325e-56,0,8.94894185979707,18.7694173382349,0.153762236056008,2565.156400583,1.78605368580992,0
"116",5.92692782836853,9.72512918648173,0.0538550361593518,9.59393282078763e-07,0.874454310590805,2.88544644339707e-05,0.012548005548716,2.32280015581949,3.32154068727398e-295,0.0327658969249426,0.237249884356642,0.0521753047090011,1.82792776458813,2.01189837910504e-78,4.9876268436941e-10,1321.47866299438,8.76304465383423e-57,1.46582982718999e-56,0,8.94894185979707,19.253623473897,0.162076960054496,2565.19196768409,1.82259057349502,0
"117",5.93147133203503,9.75270401094594,0.0536555991110198,8.54584941218529e-07,0.87947222809064,2.42802690332176e-05,0.0120594239902942,2.34089254894382,6.31700463133576e-299,0.0327659522602263,0.237249884356642,0.0538967991866618,1.82686467278233,4.62778999610538e-79,2.94540411513897e-10,1285.8173372376,2.57491878902081e-57,4.30717052421786e-57,0,8.94894185979707,19.7422311440067,0.170813520893311,2565.22846948617,1.85962478239422,0
"118",5.93591450178239,9.77991468659306,0.0534400093536496,7.61150922419654e-07,0.884425419530312,2.03711587810704e-05,0.0115770039697571,2.35875193481446,1.16004858914575e-302,0.0327660015902291,0.237249884356642,0.055681124368236,1.82579454196302,2.13766508100319e-79,1.72753903781647e-10,1250.55318363309,7.67938004602362e-58,1.28456087700887e-57,0,8.94894185979707,20.2347785311859,0.179991658906657,2565.26592226639,1.89715593670251,0
"119",5.94025670199905,9.80675379770277,0.0532081387196195,6.77883854982161e-07,0.889312536410907,1.70405108713443e-05,0.0111012009007194,2.37637339916606,2.05730760205669e-306,0.0327660455524061,0.237249884356642,0.0575301748799713,1.82471751811515,0,1.00625784235543e-10,1215.69693499835,2.32584693918753e-58,3.89053799406537e-58,0,8.94894185979707,20.7307702113981,0.189631840117216,2565.30434236282,1.93518331077739,0
"120",5.94449734453672,9.83321412243233,0.0529598704379839,6.0369983154724e-07,0.894132266278222,1.42113997051004e-05,0.0106324626759493,2.39375216345229,3.52407030640551e-310,0.0327660847190275,0.237249884356642,0.0594458633262821,1.8236337557065,5.63400595248122e-81,5.82043280711728e-11,1181.25913006831,7.15759397075632e-59,1.19727961544445e-58,0,8.94894185979707,21.2296772823204,0.199755261915505,2565.34374617071,1.9737058144496,0
"121",5.94863588964423,9.85928864535948,0.0526950997340486,5.37626468529197e-07,0.898883334818355,1.18157433180966e-05,0.0101712286721182,2.41088359189662,5.8314413610205e-314,0.0327661196034819,0.237249884356642,0.0614301172943471,1.82254341790354,0,3.34296500604546e-11,1147.25009712579,2.23935260048848e-59,3.7458554247595e-59,0,8.94894185979707,21.7309377568513,0.21038385645497,2565.38415013896,2.01272197808668,0
"122",5.95267184656974,9.88497056994391,0.0524137344393019,4.78792029925597e-07,0.903564507945224,9.79349320443083e-06,0.00971792864369429,2.42776319853998,9.32301873702432e-318,0.0327661506660194,0.237249884356642,0.0634848761726814,1.82144667678771,3.94302201140551e-82,1.90635894340279e-11,1113.67993751621,7.12664877195617e-60,1.19210328721676e-59,0,8.94894185979707,22.2339572447277,0.221540291523422,2565.42557076685,2.05222993742447,0
"123",5.95660477383634,9.91025333087681,0.0521156956110488,4.26415531178703e-07,0.908174593874892,8.09186960958222e-06,0.00927298151021607,2.44438665426802,1.44267168585644e-321,0.0327661783189755,0.237249884356642,0.0656120877983013,1.82034371357141,0,1.0792929980275e-11,1080.55850908184,2.30830127291596e-60,3.86118865034988e-60,0,8.94894185979707,22.7381099441218,0.233247968644549,2565.46802460098,2.0922274181811,0
"124",5.96043427920224,9.93513060628811,0.0518009181610137,3.79797744940315e-07,0.912712445181351,6.66464365394563e-06,0.00883679404306414,2.46074979379953,0,0.0327662029315207,0.237249884356642,0.0678137049507776,1.8192347188137,3.76461074683173e-83,6.06598347207941e-12,1047.89540955351,7.61340492903333e-61,1.2735249530654e-60,0,8.94894185979707,23.242739963246,0.245531018157787,2565.51152823251,2.13271172048085,0
"125",5.96416001932094,9.95959632977995,0.0514693514920967,3.38313035605873e-07,0.917176960828252,5.47146699032169e-06,0.00840975945977964,2.47684862261639,0,0.0327662248339711,0.237249884356642,0.0700916817153627,1.8181198926352,4.08944230457578e-83,3.38419524908429e-12,1015.69995993931,2.55845191390086e-61,4.27962571798397e-61,0,8.94894185979707,23.7471629898417,0.258414291021143,2565.55609829468,2.1736797030961,0
"126",5.96778169912354,9.98364470225483,0.0511209601423823,3.01401954317734e-07,0.921567088170858,4.47724910061549e-06,0.00799225593593474,2.49267932381448,0,0.0327662443216981,0.237249884356642,0.0724479697413885,1.81699944493177,0,1.87398832135736e-12,983.981187952051,8.7642926944834e-62,1.46603859198873e-61,0,8.94894185979707,24.2506683233811,0.27192334707978,2565.60175146076,2.21512776754497,0
"127",5.9712990709507,10.0072702035063,0.0507557244354079,2.68564530781025e-07,0.925881824922338,3.65158180163884e-06,0.00758464504652308,2.508238264854,0,0.0327662616586703,0.237249884356642,0.0748845144262658,1.81587359558684,2.04074959474525e-84,1.02991265656203e-12,952.747811518959,3.06212670462049e-62,5.12214285741475e-62,0,8.94894185979707,24.7525212815254,0.286084439543598,2565.64850444225,2.25705184206083,0
"128",5.97471193346669,10.0304676035397,0.0503736411356049,2.39354202679799e-07,0.930120221078357,2.96821005937835e-06,0.00718727015077905,2.52352200418691,0,0.0327662770806584,0.237249884356642,0.0774032510595679,1.81474257468163,7.30838573364173e-85,5.61720845490877e-13,922.00822241934,1.09173344888335e-62,1.82618657776701e-62,0,8.94894185979707,25.251965987981,0.300924495419938,2565.69637398755,2.29944736547002,0
"129",5.97802013039437,10.053231973589,0.0499747241077282,2.13372327720869e-07,0.93428138079377,2.40454780598923e-06,0.00680045473622735,2.53852729773832,0,0.0327662907981329,0.237249884356642,0.0800061009658002,1.81360662270324,0,3.04012697522804e-13,891.770470097281,3.97385429937743e-63,6.64722638199708e-63,0,8.94894185979707,25.7482285442789,0.316471091652841,2565.74537688104,2.34230927100396,0
"130",5.98122354911462,10.0755586967984,0.0495590049789853,1.90263227363947e-07,0.938364464205107,1.9412371134486e-06,0.00642450073957343,2.55325110521803,0,0.0327663029988806,0.237249884356642,0.0826949676884511,1.81246599074981,1.01479457999911e-85,1.63259391730787e-13,862.042245698522,1.4774643005218e-63,2.47141413272935e-63,0,8.94894185979707,26.2405205825804,0.332752426728701,2565.79552994265,2.38563197008727,0
"131",5.9843221191787,10.0974434785319,0.0491265338024727,1.69709715118279e-07,0.942368689192418,1.56174880047528e-06,0.00605968686373947,2.56769059623795,0,0.0327663138503657,0.237249884356642,0.0854717332616983,1.81132094073258,0,8.6984918113395e-14,832.830866382032,5.61347475901745e-64,9.38988566306249e-64,0,8.94894185979707,26.7280431904552,0.349797287519179,2565.84685002786,2.42940933613307,0
"132",5.98731581078649,10.1188823562796,0.0486773797204191,1.51429065898186e-07,0.946293333073965,1.25202233223752e-06,0.00570626691188882,2.58184315621063,0,0.0327663235018581,0.237249884356642,0.0883382546196087,1.81017174557431,3.46941934560953e-86,4.59783073677613e-14,804.143259958348,2.18045567595059e-64,3.64733616333849e-64,0,8.94894185979707,27.209991192331,0.367635011146703,2565.89935402828,2.47363468839431,0
"133",5.99020463328752,10.1398717091245,0.0482116316256222,1.35169386334726e-07,0.950137734227186,1.00014271195079e-06,0.0053644681606266,2.59570639200364,0,0.032766332086349,0.237249884356642,0.091296360195706,1.80901868940346,0,2.41084327739399e-14,775.985949908064,8.66252052221235e-65,1.44901475021049e-64,0,8.94894185979707,27.6855577650964,0.386295441675105,2565.9530588728,2.51830077591203,0
"134",5.99298863376473,10.1604082667361,0.0477293988193577,1.20706349141412e-07,0.953901293629287,7.96051955476647e-07,0.00503448979567257,2.60927813732482,0,0.0327663397222761,0.237249884356642,0.094347846768285,1.80786206774387,1.16576469718359e-87,1.25387877239718e-14,748.365040834973,3.52121250664413e-65,5.89007419684517e-65,0,8.94894185979707,28.1539393581998,0.405808881449016,2566.00798152924,2.56339976161589,0
"135",5.99566789576335,10.1804891178564,0.0472308116639202,1.07840257633164e-07,0.957583476310852,6.3129267973721e-07,0.0047165014341338,2.62255645781255,0,0.0327663465150725,0.237249884356642,0.0974944766087056,1.80670218769924,7.5278318817755e-88,6.46809124586812e-15,721.286204409403,1.46503468622369e-65,2.45062261551258e-65,0,8.94894185979707,28.614340881024,0.426206036928684,2566.06413900676,2.60892320662215,0
"136",5.99824253822837,10.2001117182436,0.0467160222278467,9.63934093047993e-08,0.961183812715807,4.98781318083437e-07,0.00441064175801688,2.63553965580603,0,0.0327663525585592,0.237249884356642,0.100737974990988,1.80553936813202,2.39266311845641e-88,3.3089792762667e-15,694.754665858037,6.24099902940243e-66,1.04395708229032e-65,0,8.94894185979707,29.0659811128206,0.447517958895139,2566.12154835879,2.65486205479768,0
"137",6.00071271471547,10.2192738980389,0.0461852049217568,8.62077299947284e-08,0.964701899961175,3.92608495431956e-07,0.00411701728377285,2.64822627477017,0,0.0327663579361942,0.237249884356642,0.104080028121248,1.8043739398362,2.07362493184561e-88,1.6786975162394e-15,668.775191057083,2.72294227434127e-66,4.554775379027e-66,0,8.94894185979707,29.5080982829874,0.469775976929126,2566.18022668678,2.70120661765082,0
"138",6.0030786129377,10.2379738685241,0.0456385571226317,7.71426525981211e-08,0.968137402990079,3.07864147694599e-07,0.00383570129242743,2.66061510335008,0,0.032766362722192,0.237249884356642,0.107522281544764,1.80320624570343,0,8.44450857050749e-16,643.35207428604,1.21705970076602e-66,2.03582485463961e-66,0,8.94894185979707,29.9399557624525,0.493011628101433,2566.24019114459,2.74794655961036,0
"139",6.00534045471014,10.2562102282347,0.045076299784245,6.90732165589949e-08,0.971490055611594,2.4048504851451e-07,0.00356673294418087,2.67270517903086,0,0.0327663669825278,0.237249884356642,0.111066339086645,1.80203664088192,1.36605532548604e-89,4.21175174535283e-16,618.489126699357,5.5740084145967e-67,9.32386871675937e-67,0,8.94894185979707,30.3608478003375,0.517256579846839,2566.30145894364,2.79507088377914,0
"140",6.00749849634968,10.2739819683973,0.0444986780313501,6.18883664703194e-08,0.974759661421155,1.87122506516895e-07,0.00331011660024367,2.6844957913785,0,0.0327663707758348,0.237249884356642,0.114713762379131,1.80086549292776,0,2.08257380325077e-16,594.189665573157,2.61625269408768e-67,4.37631141453757e-67,0,8.94894185979707,30.7701052343255,0.542542547032025,2566.36404735895,2.84256791823104,0
"141",6.00955302958346,10.2912884776584,0.043905961735126,5.54894300533962e-08,0.977946094595412,1.45028113371178e-07,0.00306582137308684,2.69598648483868,0,0.0327663741542088,0.237249884356642,0.118466071024425,1.79969318194797,2.85393959259661e-90,1.02082191013155e-16,570.456504383718,1.25864076973454e-67,2.10537918597686e-67,0,8.94894185979707,31.1671010983515,0.568901203267601,2566.42797373585,2.89042530294866,0
"142",6.0115043830126,10.3081295460751,0.0432984460672849,4.97887575806407e-08,0.981049300555637,1.11955552472997e-07,0.00283378092422429,2.70717706107112,0,0.0327663771639257,0.237249884356642,0.122324743436645,1.79852010073487,2.90249568287425e-90,4.95991345719276e-17,547.291943773694,6.20677746494174e-68,1.03823270315845e-67,0,8.94894185979707,31.5512560477122,0.596364086555808,2566.49325549769,2.93862997748218,0
"143",6.0133529241703,10.3245053683374,0.0426764520301563,4.47085064577404e-08,0.984069296494028,8.60766159103032e-08,0.00261389352611414,2.71806758079777,0,0.0327663798460836,0.237249884356642,0.126291218399948,1.79734665489124,0,2.3885549748746e-17,524.697763460979,3.13749143195577e-68,5.24820847683464e-68,0,8.94894185979707,31.922043519654,0.624962499408429,2566.55991015437,2.98716816944882,0
"144",6.01509906220591,10.3404165461937,0.0420403269599746,4.01795562002095e-08,0.987006171757532,6.59097199298068e-08,0.00240602240178375,2.72865836514477,0,0.0327663822371758,0.237249884356642,0.130366897372213,1.79617326294587,5.88877853933397e-91,1.13997627658227e-17,502.675215143756,1.62568803409489e-68,2.71935395084079e-68,0,8.94894185979707,32.2789945470779,0.654727403612608,2566.62795531181,3.03602538395519,0
"145",6.01674325121356,10.3558640900547,0.0413904450005248,3.61405404337331e-08,0.989860088084144,5.02593531719317e-08,0.00220999635238433,2.73894999645868,0,0.0327663843696016,0.237249884356642,0.134553147554945,1.79500035645894,2.92232545212027e-92,5.39160584226479e-18,481.225016453562,8.63360654224784e-69,1.44417819214103e-68,0,8.94894185979707,32.6217021445045,0.685689309867339,2566.69740868233,3.08518639408916,0
"146",6.01828599421626,10.3708494197492,0.0407272075442353,3.25369838253583e-08,0.992631279687004,3.81650347575191e-08,0.00202561067911287,2.74894331857965,0,0.032766386272122,0.237249884356642,0.138851305740348,1.79382838011687,0,2.52676266287078e-18,460.347346006123,4.69877866393271e-69,7.8598366081849e-69,0,8.94894185979707,32.9498251888909,0.71787816255761,2566.76828809608,3.13463523257873,0
"147",6.01972784780179,10.3853743644118,0.0400510436377529,2.9320533021313e-08,0.995320053182006,2.88584986040826e-08,0.0018526284018671,2.758639436555,0,0.0327663879702658,0.237249884356642,0.143262682936096,1.7926577918163,0,1.17326721809401e-18,440.04183959732,2.62015838503615e-69,4.38284462130668e-69,0,8.94894185979707,33.2630917234897,0.751323219977921,2566.84061151344,3.18435518477936,0
"148",6.02106942739509,10.3994411614803,0.0393624103489931,2.64482717345181e-08,0.997926787355074,2.17279542769004e-08,0.00169078177270188,2.7680397157789,0,0.0327663894866912,0.237249884356642,0.147788569757226,1.7914890627368,0,5.39731427080224e-19,420.307587588857,1.49660331971419e-69,2.50342874212977e-69,0,8.94894185979707,33.5613016203616,0.786052930360542,2566.91439703844,3.23432878311059,0
"149",6.02231141313934,10.4130524547876,0.0386617930926356,2.38821110979449e-08,1.00045193276577,1.62884018051087e-08,0.0015397740777202,2.77714578054539,0,0.0327663908415079,0.237249884356642,0.152430242563234,1.79032267740206,0,2.45962456972162e-19,401.143133525055,8.75354511017394e-70,1.46424080019405e-69,0,8.94894185979707,33.8443285461674,0.822094804110375,2566.98966293327,3.28453780312575,0
"150",6.0234545563431,10.4262112917318,0.0379497059110185,2.15882472857807e-08,1.00289601118439,1.21570971588551e-08,0.00139928171653858,2.78595951200392,0,0.0327663920525629,0.237249884356642,0.157188970306861,1.78915913372936,9.22980426023891e-92,1.11027944477163e-19,382.54647401867,5.240779869604e-70,8.76646388785018e-70,0,8.94894185979707,34.1121211850611,0.859475282692141,2567.06642763388,3.33496326135902,0
"151",6.0244996864408,10.4389211195139,0.0372266917073964,1.95366792095124e-08,1.00525961486025,9.03337577569143e-09,0.00126895654394674,2.79448304550892,0,0.0327663931356957,0.237249884356642,0.162066022049441,1.78799894306717,4.68644487292803e-92,4.9639810362875e-20,364.515059939782,3.21036753686243e-70,5.37011127710723e-70,0,8.94894185979707,34.3647036787764,0.898219604659702,2567.14470976664,3.38558541515622,0
"152",6.02544771839716,10.4511857804357,0.0364933224285503,1.77007798267859e-08,1.00754340561955,6.68214322942649e-09,0.00114842845373209,2.80271876735672,0,0.0327663941049645,0.237249884356642,0.167062675085741,1.78684263022085,9.83263799768808e-93,2.1979824012629e-20,347.0457989375,2.01117206305738e-70,3.36416863552313e-70,0,8.94894185979707,34.6021752415918,0.938351669362329,2567.22452816619,3.43638376466937,0
"153",6.02629966047332,10.463009506251,0.0357501991937851,1.60569152631902e-08,1.00974811379174,4.92043469895226e-09,0.00103730817945022,2.81066931090592,0,0.0327663949728469,0.237249884356642,0.172180223607873,1.78569073346652,0,9.63776901636191e-21,330.135059319642,1.28779204663238e-70,2.15414170270715e-70,0,8.94894185979707,34.8247088855575,0.979893898917049,2567.30590189439,3.48733705724675,0
"154",6.02705662225254,10.4743969115707,0.0349979523674237,1.45841065465269e-08,1.01187453696393,3.60652838251073e-09,0.000935190280203262,2.81833755207939,0,0.0327663957504192,0.237249884356642,0.177419987820578,1.78454380455327,1.09596410916103e-93,4.18455162103902e-21,313.778675310592,8.42344495401569e-71,1.4090236155233e-70,0,8.94894185979707,35.0325491341676,1.02286709906929,2567.38885026049,3.53842329442884,0
"155",6.02771982279296,10.4853529863245,0.0342372415720003,1.3263729294916e-08,1.01392353856383,2.63117265653635e-09,0.000841656269350276,2.82572660424888,0,0.0327663964475142,0.237249884356642,0.182783323394193,1.78340240869412,0,1.7988848325597e-21,297.971953702203,5.62480370121994e-71,9.40883604149846e-71,0,8.94894185979707,35.2260084960723,1.06729031963108,2567.47339284242,3.58961974182646,0
"156",6.02829059872546,10.4958830872849,0.0334687556394887,1.20792471891569e-08,1.01589604627211,1.91055297923564e-09,0.000756277827643818,2.83283981250572,0,0.0327663970728625,0.237249884356642,0.188271631099379,1.78226712454603,0,7.65599614871561e-22,282.709681906999,3.8318391561082e-71,6.40967192319145e-71,0,8.94894185979707,35.4054623171787,1.11318071520911,2567.55954950931,3.64090294213556,0
"157",6.02877041203794,10.5059929286651,0.0326932124980527,1.1015975500704e-08,1.01779305026609,1.38068277359743e-09,0.000678620016422134,2.8396807473239,0,0.0327663976342171,0.237249884356642,0.193886366401309,1.78113854417992,0,3.22556560695169e-22,267.98613741703,2.66123129062513e-71,4.45154892721099e-71,0,8.94894185979707,35.5713414787134,1.16055340699296,2567.64734044525,3.69224873159488,0
"158",6.029160857175,10.515688571806,0.0319113589920032,1.00608713436759e-08,1.01961560129719,9.92953351715363e-10,0.000608244370128239,2.84625319762474,0,0.032766398138464,0.237249884356642,0.19962904869768,1.78001727304137,3.8191261523829e-94,1.34517196963058e-22,253.79509866546,1.88283949998763e-71,3.14950158063943e-71,0,8.94894185979707,35.724122385923,1.20942134638263,2567.73678617423,3.74363226020177,0
"159",6.02946366695863,10.5249764139715,0.0311239706328676,9.2023476764553e-09,1.02136480860567,7.10621966664519e-10,0.00054471170595046,2.85256116325487,0,0.0327663985917208,0.237249884356642,0.205501269778375,1.77890392990321,0,5.55238342068204e-23,240.129857281594,1.35602655722597e-71,2.26828032097036e-71,0,8.94894185979707,35.8643139988483,1.25979518124818,2567.8279075863,3.79502801604896,0
"160",6.02968071674396,10.5338631762764,0.0303318512797389,8.4301083993159e-09,1.02304183767664,5.06054925956377e-10,0.000487584458712348,2.85860884689267,0,0.0327663989994234,0.237249884356642,0.211504701008493,1.77779914681146,0,2.26815530291399e-23,226.983231723287,9.93362209468533e-72,1.66163703750773e-71,0,8.94894185979707,35.992442494221,1.31168312563975,2567.92072596503,3.84640985416228,0
"161",6.0298140262645,10.542355890775,0.0295358327473678,7.73500218248841e-09,1.02464790784245,3.58575000138939e-10,0.000436428361600129,2.86440064540079,0,0.0327663993664034,0.237249884356642,0.217641098768419,1.77670356902625,0,9.16895534969757e-24,214.347582263882,7.39581408069131e-72,1.23712765412736e-71,0,8.94894185979707,36.1090355382504,1.36509083377351,2568.01526301618,3.89775103024634,0
"162",6.02986575890259,10.5504618867442,0.0287367743408046,7.10889291727928e-09,1.02618428973715,2.52789726012613e-10,0.000390813383975839,2.86994114064566,0,0.0327663996969562,0.237249884356642,0.223912307917549,1.77561785495993,0,3.6676065666919e-24,202.214827303779,5.59183618428681e-72,9.35368994602717e-72,0,8.94894185979707,36.2146097173983,1.42002127929632,2568.11154089762,3.94902423983105,0
"163",6.02983821870119,10.5581887761983,0.0279355623158121,6.54454491411469e-09,1.02765230260966,1.77300224804598e-10,0.000350314026792705,2.87523508980767,0,0.032766399994902,0.237249884356642,0.230320263534508,1.77454267611467,0,1.45152186393185e-24,190.576460969649,4.29006662088491e-72,7.17616748721713e-72,0,8.94894185979707,36.3096655486775,1.47647464104986,2568.2095822505,4.00020166329258,0
"164",6.02973384624095,10.5655444386767,0.0271331092647957,6.03552117832732e-09,1.02905331150307,1.2370938508381e-10,0.000314509338133561,2.88028741520867,0,0.0327664002636393,0.237249884356642,0.236866991860015,1.77347871702275,0,5.68335245302034e-25,179.423571957104,3.33709771763941e-72,5.58209796239284e-72,0,8.94894185979707,36.3946935823191,1.53444819711194,2568.30941023174,4.05125501732408,0
"165",6.02955521525068,10.5725370053537,0.0263303534286923,5.57609327951619e-09,1.03038872430817,8.58642106413018e-11,0.000282983253301615,2.88510319368628,0,0.0327664005061924,0.237249884356642,0.243554611990686,1.77242667519271,0,2.20134470333241e-25,168.746863565524,2.62984297087002e-72,4.39904441859741e-72,0,8.94894185979707,36.4701918371351,1.59393622953816,2568.41104854772,4.10215561346745,0
"166",6.02930503206998,10.5791748425179,0.0255282579361896,5.16116149557650e-09,1.03165998870037,5.92802725950200e-11,0.000255325944403059,2.88968764554744,0,0.0327664007252538,0.237249884356642,0.25038534008019,1.77138726106563,5.52190353115274e-95,8.43405338924563e-26,158.536674866547,2.09805797429808e-72,3.50950620396554e-72,0,8.94894185979707,36.536689975999,1.65492994300608,2568.51452148928,4.15287442438679,0
"167",6.02898613948038,10.585466534479,0.0247278099728588,4.78618406000126e-09,1.03286858896947,4.07069537139468e-11,0.000231136667688598,2.89404612313599,0,0.0327664009232213,0.237249884356642,0.25736149730108,1.77036119798619,0,3.19603801579415e-26,148.783002940737,1.69323029225534e-72,2.83233461048516e-72,0,8.94894185979707,36.5947715992934,1.71741740126371,2568.61985396798,4.20338215862856,0
"168",6.0286015249998,10.5914208659599,0.0239300198842937,4.44711447260791e-09,1.03401604275299,2.780090607585e-11,0.000210028131820317,2.89818409905222,0,0.0327664011022314,0.237249884356642,0.264485521628514,1.76934922219389,4.87668708629876e-95,1.19778093534677e-26,139.475526110079,1.38141983176533e-72,2.31075667557647e-72,0,8.94894185979707,36.6450854960291,1.78138348568488,2568.72707155369,4.25364934473892,0
"169",6.02815433202497,10.5970468040374,0.0231359202191284,4.14034595107769e-09,1.0351038976839,1.88821902739752e-11,0.000191631852083243,2.90210715406405,0,0.0327664012641881,0.237249884356642,0.271759982076253,1.76835208284087,1.29302356629673e-95,4.43910490870668e-27,130.603628087283,1.13858348088254e-72,1.90455451604957e-72,0,8.94894185979707,36.6883405379726,1.8468098803482,2568.83620051338,4.30364642560874,0
"170",6.02764787100842,10.6023534796976,0.022346564719813,3.86266220510106e-09,1.03613372796474,1.2753212309638e-11,0.000175603564357698,2.90582096475252,0,0.0327664014107896,0.237249884356642,0.279187593013285,1.76737054204353,4.42786278370032e-96,1.62677982591998e-27,122.156422956501,9.47482920985823e-73,1.58489290099645e-72,0,8.94894185979707,36.7252851696804,1.91367508800366,2568.94726785131,4.3533438641891,0
"171",6.02708562772503,10.6073501690762,0.0215630272712474,3.61119380783868e-09,1.03710713088028,8.56507012708206e-12,0.00016162772720007,2.90933129093581,0,0.0327664015435508,0.237249884356642,0.286771226075328,1.76640537497646,0,5.89441131031332e-28,114.122780894057,7.95614415483876e-73,1.33085632585158e-72,0,8.94894185979707,36.7566776702729,1.98195448130515,2569.0603013505,4.40271226164572,0
"172",6.02647126655887,10.6120462744565,0.0207864008198358,3.38337952204875e-09,1.03802572326161,5.71947620540779e-12,0.000149420425882916,2.9126439629181,0,0.0327664016638239,0.237249884356642,0.294513917921619,1.76545737001811,1.90845476162603e-95,2.11151153950159e-28,106.491354532105,6.73806484323542e-73,1.12710328597565e-72,0,8.94894185979707,36.7832551644187,2.05162039400767,2569.17532961551,4.45172248937949,0
"173",6.02580862811067,10.6164513051003,0.0200177962783461,3.17693201168941e-09,1.03889113791504,3.79721376702548e-12,0.000138730435219574,2.91576486861139,0,0.0327664017728165,0.237249884356642,0.302418873228631,1.76452732895956,0,7.47740771788571e-29,99.2506058630166,5.7525921346677e-73,9.62259290865797e-73,0,8.94894185979707,36.8057078082932,2.12264225760398,2569.29238211662,4.50034583632476,0
"174",6.0251017216597,10.6205748579888,0.0192583414352646,2.9898074350633e-09,1.03970502002931,2.50626103598245e-12,0.000129338599013416,2.91869994057945,0,0.0327664018716077,0.237249884356642,0.310489463346823,1.76361606728882,0,2.61743930819849e-29,92.3888335775847,4.94878879708837e-73,8.2780386424954e-73,0,8.94894185979707,36.8246614158379,2.19498679006217,2569.41148923542,4.54855417325212,0
"175",6.02435471376621,10.6244265985536,0.0185091798913137,2.82017847351376e-09,1.0404690235754,1.64440422919897e-12,0.000121055926700203,2.9214551430545,0,0.0327664019611622,0.237249884356642,0.318729221675808,1.76272441456548,0,9.05594285797386e-30,85.8942007261131,4.28812178858391e-73,7.1729142877343e-73,0,8.94894185979707,36.8406688320915,2.26861824480158,2569.53268231175,4.59632013598659,0
"176",6.02357191453309,10.6280162414784,0.0177714700505859,2.66641040110203e-09,1.0411848077128,1.07245726810259e-12,0.000113720880240776,2.92403645897781,0,0.032766402042343,0.237249884356642,0.327141837006894,1.76185321490216,6.79623816226552e-96,3.09660587956608e-30,79.7547625879763,3.74116772596183e-73,6.25800216444353e-73,0,8.94894185979707,36.8542085251859,2.34349872983562,2569.65599369223,4.64361732968561,0
"177",6.02275776290826,10.6313535316524,0.0170463841995223,2.52703984630293e-09,1.04185403321699,6.95197452981412e-13,0.000107196277534601,2.92644987711623,0,0.0327664021159228,0.237249884356642,0.335731145970968,1.76100332757205,2.73445779596953e-96,1.04639895289131e-30,73.9584946325073,3.28525880909663e-73,5.49538492899134e-73,0,8.94894185979707,36.865688198794,2.41958860889988,2569.78145678025,4.69042055664162,0
"178",6.02191681211039,10.634448225358,0.016335107713879,2.4007559371887e-09,1.04247835894223,4.47878558057293e-13,0.000101366136233714,2.92870137930644,0,0.0327664021825936,0.237249884356642,0.344501125477802,1.76017562776439,8.46868919635506e-96,3.49407196516294e-31,68.493320452033,2.90278403638925e-73,4.85560394861962e-73,0,8.94894185979707,36.8754513356409,2.49684699852921,2569.90910608763,4.73670607041927,0
"179",6.02105371593091,10.6373100717745,0.0156388384420647,2.28638355739699e-09,1.04305943833432,2.86749699205739e-13,9.61326714522425e-05,2.93079692787903,0,0.0327664022429759,0.237249884356642,0.353455885762689,1.75937100751296,0,1.15279973021175e-31,63.3471395466342,2.57995149343198e-73,4.31558893176763e-73,0,8.94894185979707,36.8837850456731,2.57523237734453,2570.03897728799,4.78245185946529,0
"180",6.02017321639825,10.6399487948788,0.0149587863230201,2.18286847190612e-09,1.04359891600733,1.8243260451249e-13,9.14135676851496e-05,2.93274245331358,0,0.0327664022976261,0.237249884356642,0.362599664432813,1.75859037682639,2.81524014013847e-97,3.7577497133019e-32,58.5078548397664,2.30587818347349e-73,3.8571354507768e-73,0,8.94894185979707,36.8909281189142,2.65470332645016,2570.17110727189,4.82763796380855,0
"181",6.01928013309894,10.6423740758231,0.0142961733083704,2.08926410972349e-09,1.04409842439853,1.15325254969321e-13,8.71395773130047e-05,2.93454384217547,0,0.032766402347044,0.237249884356642,0.371936821750191,1.75783466505315,7.03285418349197e-97,1.21009232628568e-32,53.9633998042778,2.0719147305327e-73,3.46577534554964e-73,0,8.94894185979707,36.8970786300793,2.73521942271253,2570.30553420405,4.87224682893181,0
"182",6.01837935433626,10.6445955358684,0.0136522336722504,2.00471981543495e-09,1.0445595805151,7.24325962313623e-14,8.32524539039675e-05,2.93620692538373,0,0.0327664023916788,0.237249884356642,0.381471837296858,1.7571048225191,2.86162425785318e-96,3.8493798584602e-33,49.7017650796267,1.87114004678086e-73,3.12993143329578e-73,0,8.94894185979707,36.9024007675608,2.8167423101052,2570.44229758255,4.91626370140999,0
"183",6.01747583025297,10.6466227199489,0.013028214808256,1.92847040352475e-09,1.04498398278583,4.51955858146278e-14,7.97032029554156e-05,2.93773746685764,0,0.0327664024319344,0.237249884356642,0.391209308128815,1.7564018224807,1.53889899005548e-96,1.20951095275714e-33,45.7110244632392,1.69798008417331e-73,2.84027977900794e-73,0,8.94894185979707,36.9070307717596,2.89923697798893,2570.58143830049,4.95967707148014,0
"184",6.01657456803954,10.6484650809412,0.0124253786318833,1.85982686877814e-09,1.04537320803074,2.80139588961279e-14,7.64506201390414e-05,2.9391411525881,0,0.0327664024681746,0.237249884356642,0.401153948524146,1.75572666344368,0,3.75353978546299e-34,41.9793601619699,1.54791794912901e-73,2.58926479259304e-73,0,8.94894185979707,36.9110819935964,2.98267327942699,2570.72299871008,5.00247916839232,0
"185",6.01568062936568,10.6501319647078,0.0118450037289561,1.79816812320842e-09,1.04572880856043,1.72477756110856e-14,7.34600828715036e-05,2.94042358017738,0,0.0327664025007272,0.237249884356642,0.411310591456705,1.75508037190363,3.47590221201234e-97,1.15040320413951e-34,38.495087193531,1.41727183920015e-73,2.37072777458203e-73,0,8.94894185979707,36.9146491507854,3.06702772750129,2570.86702268962,5.04466651486823,0
"186",6.01479913022079,10.6516325959815,0.011288388416421,1.74293364506123e-09,1.04605230941683,1.05471460358662e-14,7.07025617607385e-05,2.94159024888823,0,0.0327664025298882,0.237249884356642,0.421684191971902,1.75446400557373,1.77992023543061e-97,3.48179261842709e-35,35.2466768325232,1.30302372093086e-73,2.17962033867344e-73,0,8.94894185979707,36.917811889394,3.15228561257373,2571.01355571362,5.08624054776118,0
"187",6.01393524340545,10.6529760651509,0.0107568549120349,1.69361693876847e-09,1.0463452057657,6.40534748001607e-15,6.81538219679618e-05,2.94264655024072,0,0.0327664025559249,0.237249884356642,0.432279832700857,1.75387865717348,0,1.04055648464131e-35,32.2227790013118,1.20268625313719e-73,2.01178180893583e-73,0,8.94894185979707,36.9206377673692,3.23844348934489,2571.16264492643,5.12720831246736,0
"188",6.01309420398401,10.6541713160061,0.0102517548443876,1.64975971645529e-09,1.04660896045077,3.86294422218356e-15,6.57937894699772e-05,2.94359775919141,0,0.0327664025790794,0.237249884356642,0.443102731821002,1.7533254588631,1.32938025939931e-96,3.07046973157866e-36,29.4122435124197,1.11419874098466e-73,1.86376517799636e-73,0,8.94894185979707,36.9231847761076,3.32551208811678,2571.31433921983,5.16758323903273,0
"189",6.01228131809513,10.6552271344947,0.00977447637492828,1.61094672192539e-09,1.04684500171807,2.3132574779732e-15,6.36060629588053e-05,2.94444902592671,0,0.0327664025995708,0.237249884356642,0.454158253854628,1.75280558741959,0,8.94513959814013e-37,26.8041400762994,1.03584527305057e-73,1.73270017160274e-73,0,8.94894185979707,36.9255035128225,3.41351971078371,2571.46868931511,5.20738600814393,0
"190",6.01150197560242,10.6561521385347,0.00932645324962868,1.57680112712563e-09,1.04705472111825,1.37537493854005e-15,6.15775585234319e-05,2.9452053682978,0,0.0327664026175981,0.237249884356642,0.465451923792267,1.75232027026277,1.47777400516991e-97,2.5726434347087e-37,24.3877769962615,9.66189913751615e-74,1.61618484238279e-73,0,8.94894185979707,36.9276391159023,3.50251617763687,2571.62574785034,5.24664551498533,0
"191",6.01076166717894,10.6569547689254,0.00890917614995333,1.54698043906213e-09,1.04723947159344,8.11844287542637e-16,5.9698281589681e-05,2.94587166492103,0,0.0327664026333421,0.237249884356642,0.476989445136814,1.75187079245387,1.3658905539424e-96,7.3038118257854e-38,22.152718480906,9.04025082465069e-74,1.51219922151811e-73,0,8.94894185979707,36.9296330823948,3.59257739567092,2571.78556947329,5.28539993832019,0
"192",6.01006600653428,10.6576432813897,0.00852420677102457,1.52117286213843e-09,1.04740056575402,4.7571429815403e-16,5.79612295689363e-05,2.94645264896337,0,0.0327664026469674,0.237249884356642,0.488776722589164,1.75145850480284,0,2.0467494952211e-38,20.0888005135604,8.48330177589839e-74,1.41903610754207e-73,0,8.94894185979707,36.9315251069565,3.68381062259381,2571.94821094119,5.32369792080549,0
"193",6.00942075863326,10.6582257397756,0.00817319511909444,1.49909406702468e-09,1.04753927434968,2.7670911179993e-16,5.6362440626485e-05,2.94695290262812,0,0.0327664026586241,0.237249884356642,0.500819890240412,1.75108483323597,1.28916014097934e-96,5.66099662694379e-39,18.1861452278939,7.98238189179956e-74,1.33524521794508e-73,0,8.94894185979707,36.9333551243998,3.77636050182462,2572.11373122796,5.36159986443463,0
"194",6.00883187491977,10.6587100104399,0.00785790059011545,1.48048432255024e-09,1.04765682493756,1.59783841424389e-16,5.49012212750499e-05,2.94737685235168,0,0.0327664026684493,0.237249884356642,0.513125346304919,1.75075128958969,1.76204046974531e-96,1.54526318688348e-39,16.4351737489645,7.53008551024378e-74,1.25958777775334e-73,0,8.94894185979707,36.935165818639,3.87041594211547,2572.28219164025,5.39917934206822,0
"195",6.00830553675941,10.6591037578265,0.00758021746537413,1.46510595183232e-09,1.04775440074944,9.16324815648219e-17,5.35806122586537e-05,2.94772876471775,0,0.0327664026765686,0.237249884356642,0.525699795632109,1.75045948401029,2.06528889065439e-97,4.16257410091096e-40,14.826617469373,7.12004856035622e-74,1.19099924316059e-73,0,8.94894185979707,36.9370060094023,3.9662179103195,2572.45365594351,5.43652462202227,0
"196",6.00784820856803,10.65941444125,0.00734220553747787,1.45274107799351e-09,1.04783313975824,5.22654869774989e-17,5.24081958516049e-05,2.94801274309061,0,0.0327664026830968,0.237249884356642,0.538550301490165,1.75021113915203,0,1.10647189899322e-40,13.3515277408444,6.74676326647442e-74,1.12855830631479e-73,0,8.94894185979707,36.9389356000734,4.06406819749307,2572.62819049956,5.47374029805599,0
"197",6.00746670245284,10.6596493128848,0.00714612665895073,1.44318962845516e-09,1.04789413394325,2.97961599898958e-17,5.13974220599491e-05,2.94823272496473,0,0.0327664026881396,0.237249884356642,0.551684348454931,1.75000810637558,0,2.90206388431663e-41,12.0012839723306,6.40542111192617e-74,1.07146062723583e-73,0,8.94894185979707,36.9410332783339,4.16433920735562,2572.80586441737,5.51094901239872,0
"198",6.00716825671915,10.6598154169562,0.00699448808503851,1.43626756998812e-09,1.0479384287519,1.72455170846356e-17,5.05697627898671e-05,2.94839248002327,0,0.0327664026917943,0.237249884356642,0.565109918728653,1.74985238415639,0,7.5098514185603e-42,10.7676001365228,6.09177571640394e-74,1.01899589676086e-73,0,8.94894185979707,36.9434091369993,4.26748480491062,2572.9867497191,5.5482932552346,0
"199",6.00696063146457,10.6599195901226,0.00689009356169324,1.43180534951617e-09,1.04796702275486,1.06132410826871e-17,4.99582446726506e-05,2.94849560889378,0,0.0327664026941502,0.237249884356642,0.578835584990669,1.74974613891717,1.97719964746827e-97,1.91727098999381e-42,9.64252969736625,5.80201724199788e-74,9.70526827934772e-74,0,8.94894185979707,36.9462263232787,4.37405225522886,2573.1709215234,5.58593722174108,0
"200",6.00685222603038,10.6599684630321,0.00683610319066001,1.4296465181524e-09,1.04798086749008,7.74886048454668e-18,4.96133724476669e-05,2.94854554258508,0,0.03276640269529,0.237249884356642,0.59287062422945,1.74969172850042,0,4.8287395952611e-43,8.61846898167736,5.53264850102213e-74,9.25468432066587e-74,0,8.94894185979707,36.9497398413789,4.48469528383634,2573.35845824878,5.62406870902296,0
