"","tran.ALK.dC","tran.ALK.flux.up","tran.ALK.flux.down","tran.DIC.dC","tran.DIC.flux.up","tran.DIC.flux.down","tran.TOT_P.dC","tran.TOT_P.flux.up","tran.TOT_P.flux.down","tran.TOT_N5.dC","tran.TOT_N5.flux.up","tran.TOT_N5.flux.down","tran.TOT_N3.dC","tran.TOT_N3.flux.up","tran.TOT_N3.flux.down","tran.TOT_S6.dC","tran.TOT_S6.flux.up","tran.TOT_S6.flux.down","tran.TOT_S2.dC","tran.TOT_S2.flux.up","tran.TOT_S2.flux.down","tran.CH4.dC","tran.CH4.flux.up","tran.CH4.flux.down","tran.O2.dC","tran.O2.flux.up","tran.O2.flux.down","tran.N2.dC","tran.N2.flux.up","tran.N2.flux.down","tran.Mn2.dC","tran.Mn2.flux.up","tran.Mn2.flux.down","tran.Fe2.dC","tran.Fe2.flux.up","tran.Fe2.flux.down","tran.Ca2.dC","tran.Ca2.flux.up","tran.Ca2.flux.down","tran.MnO2.dC","tran.MnO2.flux.up","tran.MnO2.flux.down","tran.OM.dC","tran.OM.flux.up","tran.OM.flux.down","tran.OM_beta.dC","tran.OM_beta.flux.up","tran.OM_beta.flux.down","tran.FeOH3.dC","tran.FeOH3.flux.up","tran.FeOH3.flux.down","tran.FeOH3_P.dC","tran.FeOH3_P.flux.up","tran.FeOH3_P.flux.down","tran.FeCO3.dC","tran.FeCO3.flux.up","tran.FeCO3.flux.down","tran.S0.dC","tran.S0.flux.up","tran.S0.flux.down","tran.FeS.dC","tran.FeS.flux.up","tran.FeS.flux.down","tran.Viv.dC","tran.Viv.flux.up","tran.Viv.flux.down","tran.CaCO3.dC","tran.CaCO3.flux.up","tran.CaCO3.flux.down","tran.Apatite.dC","tran.Apatite.flux.up","tran.Apatite.flux.down"
"1",2350.30084005047,-3.16300954020003,0.397439439718526,-29.1479939571562,-4.59845785510558,0.089179321197384,241.901105420553,0.0987562059847867,0.142979201687128,-25.9517312700078,-0.0159712113523763,1.84537934372993e-37,23.6280910216061,-0.492683743734148,0.00567443628329247,0.0142050840270878,0.439436210801016,0.0282937073231517,-0.00286207867298481,-4.00925988255186e-05,0.00246453334376509,0.00015230412557492,-4.03870784797525e-08,3.2775818987371e-07,395.608149417206,3.72775400798673,0,-0.494306617493728,-0.00917559110983263,2.65499664541109e-06,-15.9701290890749,-0.39983510462019,0.000164895379809719,1287.29539576299,-0.39845463157788,0.35154536842212,0,0.00191412,0.00191412,71.7778329388065,0.4,8.94427338958263e-58,27.9785243758262,0.365,1.58551039509027e-15,103.026610089105,4.38,0.0573624555517688,-3971.65332108542,0.75,4.65744193518005e-39,-1814.10290822203,0,1.30786041273933e-34,0,0,0,-0.0509812007741612,0,0.408637877535328,0,0,0,0,0,0,0,0,0,0,0,0
"2",7936.20644822448,-3.16300954020003,0.397439439718526,-29.0933692472531,-4.59845785510558,0.089179321197384,1607.61198445389,0.0987562059847867,0.142979201687128,-23.4413910350408,-0.0159712113523763,1.84537934372993e-37,21.6399742331698,-0.492683743734148,0.00567443628329247,0.0203363708212977,0.439436210801016,0.0282937073231517,0.0134482749069149,-4.00925988255186e-05,0.00246453334376509,0.00270789359687038,-4.03870784797525e-08,3.2775818987371e-07,1247.86473213305,3.72775400798673,0,-0.752169461340228,-0.00917559110983263,2.65499664541109e-06,-66.2477859131337,-0.39983510462019,0.000164895379809719,4815.63665598897,-0.39845463157788,0.35154536842212,0,0.00191412,0.00191412,297.751037785405,0.4,8.94427338958263e-58,27.8044938618279,0.365,1.58551039509027e-15,102.943643426524,4.38,0.0573624555517688,-9599.48145962749,0.75,4.65744193518005e-39,-12044.4239502585,0,1.30786041273933e-34,0,0,0,-0.151845275504819,0,0.408637877535328,0,0,0,0,0,0,0,0,0,0,0,0
"3",13196.4662409754,-3.16300954020003,0.397439439718526,-29.053114802608,-4.59845785510558,0.089179321197384,5506.82786384078,0.0987562059847867,0.142979201687128,-14.6952131936398,-0.0159712113523763,1.84537934372993e-37,13.8642350568031,-0.492683743734148,0.00567443628329247,0.0360385402080688,0.439436210801016,0.0282937073231517,0.0244303107997868,-4.00925988255186e-05,0.00246453334376509,0.0214215440411873,-4.03870784797525e-08,3.2775818987371e-07,2354.86620242057,3.72775400798673,0,-1.23403833517396,-0.00917559110983263,2.65499664541109e-06,-158.941366594572,-0.39983510462019,0.000164895379809719,9496.34473341767,-0.39845463157788,0.35154536842212,0,0.00191412,0.00191412,714.362845463516,0.4,8.94427338958263e-58,27.6252662506734,0.365,1.58551039509027e-15,102.8578386137,4.38,0.0573624555517688,-1428.54180870153,0.75,4.65744193518005e-39,-41252.831773353,0,1.30786041273933e-34,0,0,0,-0.271777583076609,0,0.408637877535328,0,0,0,0,0,0,0,0,0,0,0,0
"4",14166.8590912495,-3.16300954020003,0.397439439718526,-29.0470021067759,-4.59845785510558,0.089179321197384,5867.29804007775,0.0987562059847867,0.142979201687128,-3.82446926687123,-0.0159712113523763,1.84537934372993e-37,4.80223870473718,-0.492683743734148,0.00567443628329247,0.0756415366733402,0.439436210801016,0.0282937073231517,0.0191206025752482,-4.00925988255186e-05,0.00246453334376509,0.0761082549272485,-4.03870784797525e-08,3.2775818987371e-07,2483.39087056264,3.72775400798673,0,-2.13495761208205,-0.00917559110983263,2.65499664541109e-06,-238.438319782499,-0.39983510462019,0.000164895379809719,10251.279172997,-0.39845463157788,0.35154536842212,0,0.00191412,0.00191412,1071.6623383631,0.4,8.94427338958263e-58,27.4407339471656,0.365,1.58551039509027e-15,102.769107658086,4.38,0.0573624555517688,-2121.37777914159,0.75,4.65744193518005e-39,-43953.0527896146,0,1.30786041273933e-34,0,0,0,-0.425908955518543,0,0.408637877535328,0,0,0,0,0,0,0,0,0,0,0,0
"5",7739.70326919001,-3.16300954020003,0.397439439718526,-29.0016266707136,-4.59845785510558,0.089179321197384,3146.41179056603,0.0987562059847867,0.142979201687128,3.63907412716114,-0.0159712113523763,1.84537934372993e-37,-0.781028993928924,-0.492683743734148,0.00567443628329247,0.144311261411447,0.439436210801016,0.0282937073231517,-0.00848971990005391,-4.00925988255186e-05,0.00246453334376509,0.0934071999930836,-4.03870784797525e-08,3.2775818987371e-07,1334.78828415861,3.72775400798673,0,-3.07153441672799,-0.00917559110983263,2.65499664541109e-06,-210.667815417505,-0.39983510462019,0.000164895379809719,5656.07970811756,-0.39845463157788,0.35154536842212,0,0.00191412,0.00191412,946.847653909446,0.4,8.94427338958263e-58,27.2507907450881,0.365,1.58551039509027e-15,102.677360498368,4.38,0.0573624555517688,-1849.96329557506,0.75,4.65744193518005e-39,-23571.3180299212,0,1.30786041273933e-34,0,0,0,-0.610450665085045,0,0.408637877535328,0,0,0,0,0,0,0,0,0,0,0,0
"6",2302.26772095497,-3.16300954020003,0.397439439718526,-28.880622979926,-4.59845785510558,0.089179321197384,902.428095861861,0.0987562059847867,0.142979201687128,5.58244040228484,-0.0159712113523763,1.84537934372993e-37,-2.75312250280319,-0.492683743734148,0.00567443628329247,0.201033203037102,0.439436210801016,0.0282937073231517,-0.0254479179140529,-4.00925988255186e-05,0.00246453334376509,0.0369965963145818,-4.03870784797525e-08,3.2775818987371e-07,394.756323349317,3.72775400798673,0,-3.05350073946876,-0.00917559110983263,2.65499664541109e-06,-115.577101757879,-0.39983510462019,0.000164895379809719,1722.29382482183,-0.39845463157788,0.35154536842212,0,0.00191412,0.00191412,519.461918889806,0.4,8.94427338958263e-58,27.0553321761667,0.365,1.58551039509027e-15,102.582505082824,4.38,0.0573624555517688,-978.874002629024,0.75,4.65744193518005e-39,-6761.98505617732,0,1.30786041273933e-34,0,0,0,-0.789169028467147,0,0.408637877535328,0,0,0,0,0,0,0,0,0,0,0,0
"7",354.934501511564,-3.16300954020003,0.397439439718526,-28.7768120307846,-4.59845785510558,0.089179321197384,131.057649821842,0.0987562059847867,0.142979201687128,4.77778938170558,-0.0159712113523763,1.84537934372993e-37,-3.1915953226676,-0.492683743734148,0.00567443628329247,0.231418150252725,0.439436210801016,0.0282937073231517,-0.0233303230667807,-4.00925988255186e-05,0.00246453334376509,-0.000258843308986848,-4.03870784797525e-08,3.2775818987371e-07,73.4089222359899,3.72775400798673,0,-2.42815725763488,-0.00917559110983263,2.65499664541109e-06,-43.55077835664,-0.39983510462019,0.000164895379809719,290.76296452575,-0.39845463157788,0.35154536842212,0,0.00191412,0.00191412,195.739212613911,0.4,8.94427338958263e-58,26.8542558781552,0.365,1.58551039509027e-15,102.484447284528,4.38,0.0573624555517688,-323.06990221617,0.75,4.65744193518005e-39,-983.76583945359,0,1.30786041273933e-34,0,0,0,-0.935251882502639,0,0.408637877535328,0,0,0,0,0,0,0,0,0,0,0,0
"8",-73.1637306463962,-3.16300954020003,0.397439439718526,-28.6988058576877,-4.59845785510558,0.089179321197384,-24.9994840254886,0.0987562059847867,0.142979201687128,3.53790397957782,-0.0159712113523763,1.84537934372993e-37,-3.2535525904538,-0.492683743734148,0.00567443628329247,0.250741954500692,0.439436210801016,0.0282937073231517,-0.017519608919119,-4.00925988255186e-05,0.00246453334376509,-0.0097034740497855,-4.03870784797525e-08,3.2775818987371e-07,9.48640657902729,3.72775400798673,0,-1.77334038196678,-0.00917559110983263,2.65499664541109e-06,-12.1667931080029,-0.39983510462019,0.000164895379809719,-33.2683439884245,-0.39845463157788,0.35154536842212,0,0.00191412,0.00191412,54.6837184744299,0.4,8.94427338958263e-58,26.6474619904777,0.365,1.58551039509027e-15,102.383090940326,4.38,0.0573624555517688,-35.7136600581398,0.75,4.65744193518005e-39,185.238414917093,0,1.30786041273933e-34,0,0,0,-1.04821911360009,0,0.408637877535328,0,0,0,0,0,0,0,0,0,0,0,0
"9",-146.66128177324,-3.16300954020003,0.397439439718526,-28.6269255273237,-4.59845785510558,0.089179321197384,-48.031906872343,0.0987562059847867,0.142979201687128,2.47304392568754,-0.0159712113523763,1.84537934372993e-37,-3.25354931332278,-0.492683743734148,0.00567443628329247,0.265275981094694,0.439436210801016,0.0282937073231517,-0.0128967056874301,-4.00925988255186e-05,0.00246453334376509,-0.0109728216977862,-4.03870784797525e-08,3.2775818987371e-07,0.906369162472468,3.72775400798673,0,-1.2369000074479,-0.00917559110983263,2.65499664541109e-06,-2.63929518829742,-0.39983510462019,0.000164895379809719,-91.5787265339096,-0.39845463157788,0.35154536842212,0,0.00191412,0.00191412,11.8623267254251,0.4,8.94427338958263e-58,26.434853572846,0.365,1.58551039509027e-15,102.278337908891,4.38,0.0573624555517688,53.8254329890357,0.75,4.65744193518005e-39,357.775656588884,0,1.30786041273933e-34,0,0,0,-1.13432004001028,0,0.408637877535328,0,0,0,0,0,0,0,0,0,0,0,0
"10",-160.49312363289,-3.16300954020003,0.397439439718526,-28.5543766621865,-4.59845785510558,0.089179321197384,-51.884111306559,0.0987562059847867,0.142979201687128,1.66331926064854,-0.0159712113523763,1.84537934372993e-37,-3.24599225764769,-0.492683743734148,0.00567443628329247,0.276267206145206,0.439436210801016,0.0282937073231517,-0.00948095465650717,-4.00925988255186e-05,0.00246453334376509,-0.0108181632215485,-4.03870784797525e-08,3.2775818987371e-07,0.0665740897946313,3.72775400798673,0,-0.831685322299757,-0.00917559110983263,2.65499664541109e-06,-0.457189700294277,-0.39983510462019,0.000164895379809719,-103.000504804111,-0.39845463157788,0.35154536842212,0,0.00191412,0.00191412,2.05484162000334,0.4,8.94427338958263e-58,26.2163370493798,0.365,1.58551039509027e-15,102.170088044275,4.38,0.0573624555517688,76.2992836864001,0.75,4.65744193518005e-39,386.637051100361,0,1.30786041273933e-34,0,0,0,-1.19907227323488,0,0.408637877535328,0,0,0,0,0,0,0,0,0,0,0,0
"11",-164.907815431204,-3.16300954020003,0.397439439718526,-28.479965147036,-4.59845785510558,0.089179321197384,-53.3068134779711,0.0987562059847867,0.142979201687128,1.08327646502876,-0.0159712113523763,1.84537934372993e-37,-3.23753643769882,-0.492683743734148,0.00567443628329247,0.28428572553893,0.439436210801016,0.0282937073231517,-0.00686681316949668,-4.00925988255186e-05,0.00246453334376509,-0.0103909306731,-4.03870784797525e-08,3.2775818987371e-07,0.00385964048097981,3.72775400798673,0,-0.541639634498764,-0.00917559110983263,2.65499664541109e-06,-0.0644114493759547,-0.39983510462019,0.000164895379809719,-106.5982108283,-0.39845463157788,0.35154536842212,0,0.00191412,0.00191412,0.289497613128723,0.4,8.94427338958263e-58,25.991822677236,0.365,1.58551039509027e-15,102.05823925446,4.38,0.0573624555517688,81.806666574226,0.75,4.65744193518005e-39,397.299577694044,0,1.30786041273933e-34,0,0,0,-1.24686082594629,0,0.408637877535328,0,0,0,0,0,0,0,0,0,0,0,0
"12",-167.133102207079,-3.16300954020003,0.397439439718526,-28.403489377131,-4.59845785510558,0.089179321197384,-54.136540888476,0.0987562059847867,0.142979201687128,0.685894677578252,-0.0159712113523763,1.84537934372993e-37,-3.22878728856065,-0.492683743734148,0.00567443628329247,0.289942566230375,0.439436210801016,0.0282937073231517,-0.00484578668117941,-4.00925988255186e-05,0.00246453334376509,-0.00985058050852603,-4.03870784797525e-08,3.2775818987371e-07,0.000180006842556292,3.72775400798673,0,-0.34294740107706,-0.00917559110983263,2.65499664541109e-06,-0.00747705107774746,-0.39983510462019,0.000164895379809719,-108.380060947409,-0.39845463157788,0.35154536842212,0,0.00191412,0.00191412,0.0336056471523591,0.4,8.94427338958263e-58,25.7612250412528,0.365,1.58551039509027e-15,101.942687515227,4.38,0.0573624555517688,83.5944017818968,0.75,4.65744193518005e-39,403.520377639849,0,1.30786041273933e-34,0,0,0,-1.28136904226363,0,0.408637877535328,0,0,0,0,0,0,0,0,0,0,0,0
"13",-168.357178082904,-3.16300954020003,0.397439439718526,-28.3248614406844,-4.59845785510558,0.089179321197384,-54.6230711707768,0.0987562059847867,0.142979201687128,0.423479258818874,-0.0159712113523763,1.84537934372993e-37,-3.21978343671863,-0.492683743734148,0.00567443628329247,0.293839780057581,0.439436210801016,0.0282937073231517,-0.00331677842946968,-4.00925988255186e-05,0.00246453334376509,-0.00924353466871153,-4.03870784797525e-08,3.2775818987371e-07,6.85173304667248e-06,3.72775400798673,0,-0.211739631687868,-0.00917559110983263,2.65499664541109e-06,-0.000722196043353114,-0.39983510462019,0.000164895379809719,-109.37393130296,-0.39845463157788,0.35154536842212,0,0.00191412,0.00191412,0.00324591408552055,0.4,8.94427338958263e-58,25.5244635710726,0.365,1.58551039509027e-15,101.82332692296,4.38,0.0573624555517688,84.4112364400641,0.75,4.65744193518005e-39,407.170498760012,0,1.30786041273933e-34,0,0,0,-1.30575722684648,0,0.408637877535328,0,0,0,0,0,0,0,0,0,0,0,0
"14",-168.946976826835,-3.16300954020003,0.397439439718526,-28.2440088946442,-4.59845785510558,0.089179321197384,-54.8734752290259,0.0987562059847867,0.142979201687128,0.255500456122511,-0.0159712113523763,1.84537934372993e-37,-3.21052270087728,-0.492683743734148,0.00567443628329247,0.296489711286712,0.439436210801016,0.0282937073231517,-0.00220239797109002,-4.00925988255186e-05,0.00246453334376509,-0.00860153564506521,-4.03870784797525e-08,3.2775818987371e-07,2.15288280471802e-07,3.72775400798673,0,-0.127750228130516,-0.00917559110983263,2.65499664541109e-06,-5.84925959935184e-05,-0.39983510462019,0.000164895379809719,-109.880666245588,-0.39845463157788,0.35154536842212,0,0.00191412,0.00191412,0.000262895293902276,0.4,8.94427338958263e-58,25.2814630853874,0.365,1.58551039509027e-15,101.700049724792,4.38,0.0573624555517688,84.8072629806496,0.75,4.65744193518005e-39,409.051995198517,0,1.30786041273933e-34,0,0,0,-1.3226759468046,0,0.408637877535328,0,0,0,0,0,0,0,0,0,0,0,0
"15",-169.113995396642,-3.16300954020003,0.397439439718526,-28.1608679841446,-4.59845785510558,0.089179321197384,-54.9641736170206,0.0987562059847867,0.142979201687128,0.150846441137261,-0.0159712113523763,1.84537934372993e-37,-3.20100067248145,-0.492683743734148,0.00567443628329247,0.29828678443674,0.439436210801016,0.0282937073231517,-0.00142329227931369,-4.00925988255186e-05,0.00246453334376509,-0.00794856346832919,-4.03870784797525e-08,3.2775818987371e-07,5.63575971743684e-09,3.72775400798673,0,-0.0754232205703853,-0.00917559110983263,2.65499664541109e-06,-3.99777473871245e-06,-0.39983510462019,0.000164895379809719,-110.064870167796,-0.39845463157788,0.35154536842212,0,0.00191412,0.00191412,1.79680200772827e-05,0.4,8.94427338958263e-58,25.0321543563539,0.365,1.58551039509027e-15,101.572746393347,4.38,0.0573624555517688,84.9498396125085,0.75,4.65744193518005e-39,409.737324109303,0,1.30786041273933e-34,0,0,0,-1.33425459658257,0,0.408637877535328,0,0,0,0,0,0,0,0,0,0,0,0
"16",-169.002486955056,-3.16300954020003,0.397439439718526,-28.0753828040403,-4.59845785510558,0.089179321197384,-54.9496838096098,0.0987562059847867,0.142979201687128,0.0872160258891759,-0.0159712113523763,1.84537934372993e-37,-3.19121295722442,-0.492683743734148,0.00567443628329247,0.299514485521311,0.439436210801016,0.0282937073231517,-0.000900134328380573,-4.00925988255186e-05,0.00246453334376509,-0.00730181677098633,-4.03870784797525e-08,3.2775818987371e-07,1.23855255880757e-10,3.72775400798673,0,-0.0436080129446305,-0.00917559110983263,2.65499664541109e-06,-2.31801179463933e-07,-0.39983510462019,0.000164895379809719,-110.037356173387,-0.39845463157788,0.35154536842212,0,0.00191412,0.00191412,1.04183185736302e-06,0.4,8.94427338958263e-58,24.77647469766,0.365,1.58551039509027e-15,101.441305631724,4.38,0.0573624555517688,84.9286318752844,0.75,4.65744193518005e-39,409.634870044561,0,1.30786041273933e-34,0,0,0,-1.34212384237469,0,0.408637877535328,0,0,0,0,0,0,0,0,0,0,0,0
"17",-168.710133712014,-3.16300954020003,0.397439439718526,-27.9875041485743,-4.59845785510558,0.089179321197384,-54.8671746455864,0.0987562059847867,0.142979201687128,0.0493980899284177,-0.0159712113523763,1.84537934372993e-37,-3.18115529494449,-0.492683743734148,0.00567443628329247,0.300366703070018,0.439436210801016,0.0282937073231517,-0.000561544317799651,-4.00925988255186e-05,0.00246453334376509,-0.00667301077608017,-4.03870784797525e-08,3.2775818987371e-07,2.2998793207472e-12,3.72775400798673,0,-0.0246990449642111,-0.00917559110983263,2.65499664541109e-06,-1.14544363779436e-08,-0.39983510462019,0.000164895379809719,-109.873010771927,-0.39845463157788,0.35154536842212,0,0.00191412,0.00191412,5.14815010794535e-08,0.4,8.94427338958263e-58,24.5143685725437,0.365,1.58551039509027e-15,101.305614484209,4.38,0.0573624555517688,84.8017890465042,0.75,4.65744193518005e-39,409.023061566535,0,1.30786041273933e-34,0,0,0,-1.34747593310265,0,0.408637877535328,0,0,0,0,0,0,0,0,0,0,0,0
"18",-168.300963726914,-3.16300954020003,0.397439439718526,-27.8971882803406,-4.59845785510558,0.089179321197384,-54.741032220207,0.0987562059847867,0.142979201687128,0.0274074554012405,-0.0159712113523763,1.84537934372993e-37,-3.17082358090843,-0.492683743734148,0.00567443628329247,0.300971127005177,0.439436210801016,0.0282937073231517,-0.00034935434397886,-4.00925988255186e-05,0.00246453334376509,-0.00606976118454826,-4.03870784797525e-08,3.2775818987371e-07,3.62844015352627e-14,3.72775400798673,0,-0.0137037277006175,-0.00917559110983263,2.65499664541109e-06,-4.84214358894007e-10,-0.39983510462019,0.000164895379809719,-109.62091132787,-0.39845463157788,0.35154536842212,0,0.00191412,0.00191412,2.17660231235596e-09,0.4,8.94427338958263e-58,24.2457882190003,0.365,1.58551039509027e-15,101.165558362374,4.38,0.0573624555517688,84.6072146459433,0.75,4.65744193518005e-39,408.084573630547,0,1.30786041273933e-34,0,0,0,-1.35114620898027,0,0.408637877535328,0,0,0,0,0,0,0,0,0,0,0,0
"19",-167.815650440472,-3.16300954020003,0.397439439718526,-27.8043958997957,-4.59845785510558,0.089179321197384,-54.5867517665062,0.0987562059847867,0.142979201687128,0.0148924111439781,-0.0159712113523763,1.84537934372993e-37,-3.16021388361995,-0.492683743734148,0.00567443628329247,0.301409354807702,0.439436210801016,0.0282937073231517,-0.000219865925658043,-4.00925988255186e-05,0.00246453334376509,-0.00549677036566476,-4.03870784797525e-08,3.2775818987371e-07,4.88691881538061e-16,3.72775400798673,0,-0.00744620557198894,-0.00917559110983263,2.65499664541109e-06,-1.7528861312737e-11,-0.39983510462019,0.000164895379809719,-109.312238601331,-0.39845463157788,0.35154536842212,0,0.00191412,0.00191412,7.9012075313478e-11,0.4,8.94427338958263e-58,23.9706942907958,0.365,1.58551039509027e-15,101.02102111674,4.38,0.0573624555517688,84.368975984889,0.75,4.65744193518005e-39,406.935481024577,0,1.30786041273933e-34,0,0,0,-1.35369781267031,0,0.408637877535328,0,0,0,0,0,0,0,0,0,0,0,0
"20",-167.279307482141,-3.16300954020003,0.397439439718526,-27.7090913964841,-4.59845785510558,0.089179321197384,-54.4139038576464,0.0987562059847867,0.142979201687128,0.00792181821372336,-0.0159712113523763,1.84537934372993e-37,-3.14932246292348,-0.492683743734148,0.00567443628329247,0.301732263087309,0.439436210801016,0.0282937073231517,-0.000142354393937195,-4.00925988255186e-05,0.00246453334376509,-0.00495673536826399,-4.03870784797525e-08,3.2775818987371e-07,5.64245670050735e-18,3.72775400798673,0,-0.00396090910686033,-0.00917559110983263,2.65499664541109e-06,-5.86416088765723e-13,-0.39983510462019,0.000164895379809719,-108.966251266216,-0.39845463157788,0.35154536842212,0,0.00191412,0.00191412,2.47023479969505e-12,0.4,8.94427338958263e-58,23.6890565103558,0.365,1.58551039509027e-15,100.871885092537,4.38,0.0573624555517688,84.1019372934087,0.75,4.65744193518005e-39,405.647477739635,0,1.30786041273933e-34,0,0,0,-1.35549750162508,0,0.408637877535328,0,0,0,0,0,0,0,0,0,0,0,0
"21",-166.70702922114,-3.16300954020003,0.397439439718526,-27.611242359133,-4.59845785510558,0.089179321197384,-54.2282439737968,0.0987562059847867,0.142979201687128,0.00412314810676638,-0.0159712113523763,1.84537934372993e-37,-3.13814578815643,-0.492683743734148,0.00567443628329247,0.301970965406039,0.439436210801016,0.0282937073231517,-9.63743794813412e-05,-4.00925988255186e-05,0.00246453334376509,-0.0044509976616232,-4.03870784797525e-08,3.2775818987371e-07,5.60570919888431e-20,3.72775400798673,0,-0.00206157405338468,-0.00917559110983263,2.65499664541109e-06,0,-0.39983510462019,0.000164895379809719,-108.594531163899,-0.39845463157788,0.35154536842212,0,0.00191412,0.00191412,6.66986470487443e-14,0.4,8.94427338958263e-58,23.400854328947,0.365,1.58551039509027e-15,100.718031199516,4.38,0.0573624555517688,83.8150376305618,0.75,4.65744193518005e-39,404.263679359656,0,1.30786041273933e-34,0,0,0,-1.35677700814139,0,0.408637877535328,0,0,0,0,0,0,0,0,0,0,0,0
"22",-166.107646811761,-3.16300954020003,0.397439439718526,-27.510819290401,-4.59845785510558,0.089179321197384,-54.0331425335642,0.0987562059847867,0.142979201687128,0.00209858961476534,-0.0159712113523763,1.84537934372993e-37,-3.12668055627625,-0.492683743734148,0.00567443628329247,0.302144254266253,0.439436210801016,0.0282937073231517,-6.89457165015883e-05,-4.00925988255186e-05,0.00246453334376509,-0.00397998778182062,-4.03870784797525e-08,3.2775818987371e-07,4.80313473039266e-22,3.72775400798673,0,-0.00104929480738143,-0.00917559110983263,2.65499664541109e-06,0,-0.39983510462019,0.000164895379809719,-108.203860845504,-0.39845463157788,0.35154536842212,0,0.00191412,0.00191412,1.55924584802234e-15,0.4,8.94427338958263e-58,23.1060775891861,0.365,1.58551039509027e-15,100.559338945463,4.38,0.0573624555517688,83.5135118809204,0.75,4.65744193518005e-39,402.80933521487,0,1.30786041273933e-34,0,0,0,-1.35767913398196,0,0.408637877535328,0,0,0,0,0,0,0,0,0,0,0,0
"23",-165.486182018003,-3.16300954020003,0.397439439718526,-27.4077954689529,-4.59845785510558,0.089179321197384,-53.8305190370073,0.0987562059847867,0.142979201687128,0.0010438792256713,-0.0159712113523763,1.84537934372993e-37,-3.11492370970794,-0.492683743734148,0.00567443628329247,0.302263468880128,0.439436210801016,0.0282937073231517,-5.21603281643967e-05,-4.00925988255186e-05,0.00246453334376509,-0.00354352037404838,-4.03870784797525e-08,3.2775818987371e-07,3.87726895397709e-24,3.72775400798673,0,-0.000521939612840412,-0.00917559110983263,2.65499664541109e-06,0,-0.39983510462019,0.000164895379809719,-107.798103264101,-0.39845463157788,0.35154536842212,0,0.00191412,0.00191412,3.16310371696164e-17,0.4,8.94427338958263e-58,22.8047271848543,0.365,1.58551039509027e-15,100.395686514396,4.38,0.0573624555517688,83.2003415344708,0.75,4.65744193518005e-39,401.298825881684,0,1.30786041273933e-34,0,0,0,-1.358290386878,0,0.408637877535328,0,0,0,0,0,0,0,0,0,0,0,0
"24",-164.845400943922,-3.16300954020003,0.397439439718526,-27.3021469090172,-4.59845785510558,0.089179321197384,-53.6214334930491,0.0987562059847867,0.142979201687128,0.000507121754907221,-0.0159712113523763,1.84537934372993e-37,-3.10287245354658,-0.492683743734148,0.00567443628329247,0.302335580576871,0.439436210801016,0.0282937073231517,-4.13746584119201e-05,-4.00925988255186e-05,0.00246453334376509,-0.00314098607524179,-4.03870784797525e-08,3.2775818987371e-07,-2.04908808116306e-25,3.72775400798673,0,-0.000253560877448395,-0.00917559110983263,2.65499664541109e-06,0,-0.39983510462019,0.000164895379809719,-107.379391850227,-0.39845463157788,0.35154536842212,0,0.00191412,0.00191412,5.57964846729179e-19,0.4,8.94427338958263e-58,22.4968157093871,0.365,1.58551039509027e-15,100.226950764178,4.38,0.0573624555517688,82.8771732074383,0.75,4.65744193518005e-39,399.740093461109,0,1.30786041273933e-34,0,0,0,-1.35866296943417,0,0.408637877535328,0,0,0,0,0,0,0,0,0,0,0,0
"25",-164.186770371543,-3.16300954020003,0.397439439718526,-27.1938523802393,-4.59845785510558,0.089179321197384,-53.4064504142197,0.0987562059847867,0.142979201687128,0.000240446186855444,-0.0159712113523763,1.84537934372993e-37,-3.09052427189273,-0.492683743734148,0.00567443628329247,0.302365090384794,0.439436210801016,0.0282937073231517,-3.39515792284262e-05,-4.00925988255186e-05,0.00246453334376509,-0.00277147527403022,-4.03870784797525e-08,3.2775818987371e-07,1.61518443573051e-25,3.72775400798673,0,-0.000120223093428579,-0.00917559110983263,2.65499664541109e-06,0,-0.39983510462019,0.000164895379809719,-106.948862943511,-0.39845463157788,0.35154536842212,0,0.00191412,0.00191412,8.57451201425529e-21,0.4,8.94427338958263e-58,22.1823680858753,0.365,1.58551039509027e-15,100.053007265734,4.38,0.0573624555517688,82.544883946943,0.75,4.65744193518005e-39,398.137368186425,0,1.30786041273933e-34,0,0,0,-1.35882896455277,0,0.408637877535328,0,0,0,0,0,0,0,0,0,0,0,0
"26",-163.511030764393,-3.16300954020003,0.397439439718526,-27.0828934586724,-4.59845785510558,0.089179321197384,-53.1858568883873,0.0987562059847867,0.142979201687128,0.000111189381310168,-0.0159712113523763,1.84537934372993e-37,-3.077876942765,-0.492683743734148,0.00567443628329247,0.302355163524802,0.439436210801016,0.0282937073231517,-2.84378212867017e-05,-4.00925988255186e-05,0.00246453334376509,-0.00243385854660226,-4.03870784797525e-08,3.2775818987371e-07,-1.03897249375292e-25,3.72775400798673,0,-5.55946906586507e-05,-0.00917559110983263,2.65499664541109e-06,0,-0.39983510462019,0.000164895379809719,-106.507094596818,-0.39845463157788,0.35154536842212,0,0.00191412,0.00191412,1.14991436660768e-22,0.4,8.94427338958263e-58,21.8614221681847,0.365,1.58551039509027e-15,99.8737302792327,4.38,0.0573624555517688,82.2039199017245,0.75,4.65744193518005e-39,396.492801964113,0,1.30786041273933e-34,0,0,0,-1.35880912976727,0,0.408637877535328,0,0,0,0,0,0,0,0,0,0,0,0
"27",-162.818530632021,-3.16300954020003,0.397439439718526,-26.9692545878904,-4.59845785510558,0.089179321197384,-52.9597898181748,0.0987562059847867,0.142979201687128,5.01115406445829e-05,-0.0159712113523763,1.84537934372993e-37,-3.06492855119315,-0.492683743734148,0.00567443628329247,0.302308286422057,0.439436210801016,0.0282937073231517,-2.40530455380474e-05,-4.00925988255186e-05,0.00246453334376509,-0.00212684051255824,-4.03870784797525e-08,3.2775818987371e-07,4.91796567484883e-26,3.72775400798673,0,-2.50557703173145e-05,-0.00917559110983263,2.65499664541109e-06,0,-0.39983510462019,0.000164895379809719,-106.054362607306,-0.39845463157788,0.35154536842212,0,0.00191412,0.00191412,1.34789490604272e-24,0.4,8.94427338958263e-58,21.5340293017065,0.365,1.58551039509027e-15,99.6889927224118,4.38,0.0573624555517688,81.8544939375268,0.75,4.65744193518005e-39,394.807421518263,0,1.30786041273933e-34,0,0,0,-1.35861814769239,0,0.408637877535328,0,0,0,0,0,0,0,0,0,0,0,0
"28",-162.109416531095,-3.16300954020003,0.397439439718526,-26.8529231346651,-4.59845785510558,0.089179321197384,-52.7283082188122,0.0987562059847867,0.142979201687128,2.19950295842189e-05,-0.0159712113523763,1.84537934372993e-37,-3.05167749986089,-0.492683743734148,0.00567443628329247,0.302226634314182,0.439436210801016,0.0282937073231517,-2.03862367772813e-05,-4.00925988255186e-05,0.00246453334376509,-0.00184899796539986,-4.03870784797525e-08,3.2775818987371e-07,0,3.72775400798673,0,-1.09975147949816e-05,-0.00917559110983263,2.65499664541109e-06,0,-0.39983510462019,0.000164895379809719,-105.590785993128,-0.39845463157788,0.35154536842212,0,0.00191412,0.00191412,1.382942410038e-26,0.4,8.94427338958263e-58,21.2002548308652,0.365,1.58551039509027e-15,99.4986660728868,4.38,0.0573624555517688,81.4966979150319,0.75,4.65744193518005e-39,393.081669899982,0,1.30786041273933e-34,0,0,0,-1.35826764258959,0,0.408637877535328,0,0,0,0,0,0,0,0,0,0,0,0
"29",-161.383738123798,-3.16300954020003,0.397439439718526,-26.7338894253174,-4.59845785510558,0.089179321197384,-52.49143319605,0.0987562059847867,0.142979201687128,9.39510683715812e-06,-0.0159712113523763,1.84537934372993e-37,-3.03812251653126,-0.492683743734148,0.00567443628329247,0.302112268139171,0.439436210801016,0.0282937073231517,-1.72223413264851e-05,-4.00925988255186e-05,0.00246453334376509,-0.0015988090362843,-4.03870784797525e-08,3.2775818987371e-07,1.42594428833569e-26,3.72775400798673,0,-4.69755341891213e-06,-0.00917559110983263,2.65499664541109e-06,0,-0.39983510462019,0.000164895379809719,-105.116407436024,-0.39845463157788,0.35154536842212,0,0.00191412,0.00191412,1.2435962954117e-28,0.4,8.94427338958263e-58,20.8601785373438,0.365,1.58551039509027e-15,99.3026202301873,4.38,0.0573624555517688,81.1305647752161,0.75,4.65744193518005e-39,391.315706009792,0,1.30786041273933e-34,0,0,0,-1.35776784324877,0,0.408637877535328,0,0,0,0,0,0,0,0,0,0,0,0
"30",-160.641504594568,-3.16300954020003,0.397439439718526,-26.6121467517422,-4.59845785510558,0.089179321197384,-52.2491694226058,0.0987562059847867,0.142979201687128,3.90249566900318e-06,-0.0159712113523763,1.84537934372993e-37,-3.02426265753878,-0.492683743734148,0.00567443628329247,0.301967232555348,0.439436210801016,0.0282937073231517,-1.44468808232916e-05,-4.00925988255186e-05,0.00246453334376509,-0.00137467741227188,-4.03870784797525e-08,3.2775818987371e-07,-2.70072558595834e-26,3.72775400798673,0,-1.9512478334682e-06,-0.00917559110983263,2.65499664541109e-06,0,-0.39983510462019,0.000164895379809719,-104.631236495985,-0.39845463157788,0.35154536842212,0,0.00191412,0.00191412,9.81300380924677e-31,0.4,8.94427338958263e-58,20.5138949917912,0.365,1.58551039509027e-15,99.1007232997263,4.38,0.0573624555517688,80.7561018982705,0.75,4.65744193518005e-39,389.509565428892,0,1.30786041273933e-34,0,0,0,-1.35712845413881,0,0.408637877535328,0,0,0,0,0,0,0,0,0,0,0,0
"31",-159.882713914528,-3.16300954020003,0.397439439718526,-26.4876913364922,-4.59845785510558,0.089179321197384,-52.0015162965463,0.0987562059847867,0.142979201687128,1.57512606038524e-06,-0.0159712113523763,1.84537934372993e-37,-3.0100973061986,-0.492683743734148,0.00567443628329247,0.301793599847558,0.439436210801016,0.0282937073231517,-1.19953070515913e-05,-4.00925988255186e-05,0.00246453334376509,-0.00117495386474243,-4.03870784797525e-08,3.2775818987371e-07,1.27836236379373e-26,3.72775400798673,0,-7.87563029554059e-07,-0.00917559110983263,2.65499664541109e-06,0,-0.39983510462019,0.000164895379809719,-104.135272065054,-0.39845463157788,0.35154536842212,0,0.00191412,0.00191412,6.80212686173319e-33,0.4,8.94427338958263e-58,20.1615137981917,0.365,1.58551039509027e-15,98.8928412867662,4.38,0.0573624555517688,80.3733084277088,0.75,4.65744193518005e-39,387.663244040813,0,1.30786041273933e-34,0,0,0,-1.35635907983835,0,0.408637877535328,0,0,0,0,0,0,0,0,0,0,0,0
"32",-159.107367284295,-3.16300954020003,0.397439439718526,-26.3605222442631,-4.59845785510558,0.089179321197384,-51.7484734757393,0.0987562059847867,0.142979201687128,6.1728373909797e-07,-0.0159712113523763,1.84537934372993e-37,-2.99562616508485,-0.492683743734148,0.00567443628329247,0.30159348452635,0.439436210801016,0.0282937073231517,-9.82704720596205e-06,-4.00925988255186e-05,0.00246453334376509,-0.000997956243539083,-4.03870784797525e-08,3.2775818987371e-07,0,3.72775400798673,0,-3.08641870368415e-07,-0.00917559110983263,2.65499664541109e-06,0,-0.39983510462019,0.000164895379809719,-103.628513504275,-0.39845463157788,0.35154536842212,0,0.00191412,0.00191412,4.14606207581431e-35,0.4,8.94427338958263e-58,19.8031597074271,0.365,1.58551039509027e-15,98.6788376779549,4.38,0.0573624555517688,79.9821838713768,0.75,4.65744193518005e-39,385.77673946086,0,1.30786041273933e-34,0,0,0,-1.35546940565242,0,0.408637877535328,0,0,0,0,0,0,0,0,0,0,0,0
"33",-158.315475583312,-3.16300954020003,0.397439439718526,-26.2306412281213,-4.59845785510558,0.089179321197384,-51.4900433934119,0.0987562059847867,0.142979201687128,2.34699166946076e-07,-0.0159712113523763,1.84537934372993e-37,-2.98084924066937,-0.492683743734148,0.00567443628329247,0.301369041873344,0.439436210801016,0.0282937073231517,-7.91268194357377e-06,-4.00925988255186e-05,0.00246453334376509,-0.000841988431687947,-4.03870784797525e-08,3.2775818987371e-07,1.66848064336841e-26,3.72775400798673,0,-1.17349584479814e-07,-0.00917559110983263,2.65499664541109e-06,0,-0.39983510462019,0.000164895379809719,-103.110965708857,-0.39845463157788,0.35154536842212,0,0.00191412,0.00191412,2.224128240472e-37,0.4,8.94427338958263e-58,19.4389725732492,0.365,1.58551039509027e-15,98.4585728717149,4.38,0.0573624555517688,79.5827320068634,0.75,4.65744193518005e-39,383.850069915686,0,1.30786041273933e-34,0,0,0,-1.35446925084905,0,0.408637877535328,0,0,0,0,0,0,0,0,0,0,0,0
"34",-157.50706147802,-3.16300954020003,0.397439439718526,-26.0980524950112,-4.59845785510558,0.089179321197384,-51.226232146897,0.0987562059847867,0.142979201687128,8.65072324478832e-08,-0.0159712113523763,1.84537934372993e-37,-2.96576681872757,-0.492683743734148,0.00567443628329247,0.301122459667824,0.439436210801016,0.0282937073231517,-6.22786313039043e-06,-4.00925988255186e-05,0.00246453334376509,-0.000705358375973925,-4.03870784797525e-08,3.2775818987371e-07,-3.15999498250969e-26,3.72775400798673,0,-4.32536145233794e-08,-0.00917559110983263,2.65499664541109e-06,0,-0.39983510462019,0.000164895379809719,-102.582640900116,-0.39845463157788,0.35154536842212,0,0.00191412,0.00191412,1.05089366748554e-39,0.4,8.94427338958263e-58,19.0691071195632,0.365,1.58551039509027e-15,98.2319034528034,4.38,0.0573624555517688,79.1749622668984,0.75,4.65744193518005e-39,381.883280898873,0,1.30786041273933e-34,0,0,0,-1.35336855845191,0,0.408637877535328,0,0,0,0,0,0,0,0,0,0,0,0
"35",-156.682159034774,-3.16300954020003,0.397439439718526,-25.9627623736365,-4.59845785510558,0.089179321197384,-50.9570494695023,0.0987562059847867,0.142979201687128,3.08859615535776e-08,-0.0159712113523763,1.84537934372993e-37,-2.95037942855118,-0.492683743734148,0.00567443628329247,0.300855947252538,0.439436210801016,0.0282937073231517,-4.75056827054472e-06,-4.00925988255186e-05,0.00246453334376509,-0.000586395104255154,-4.03870784797525e-08,3.2775818987371e-07,1.49570780002145e-26,3.72775400798673,0,-1.54429821374772e-08,-0.00917559110983263,2.65499664541109e-06,0,-0.39983510462019,0.000164895379809719,-102.043558575198,-0.39845463157788,0.35154536842212,0,0.00191412,0.00191412,4.37655248583725e-42,0.4,8.94427338958263e-58,18.6937324843633,0.365,1.58551039509027e-15,97.9986812125156,4.38,0.0573624555517688,78.7588896998645,0.75,4.65744193518005e-39,379.876444996091,0,1.30786041273933e-34,0,0,0,-1.35217735642912,0,0.408637877535328,0,0,0,0,0,0,0,0,0,0,0,0
"36",-155.840811709102,-3.16300954020003,0.397439439718526,-25.8247788645707,-4.59845785510558,0.089179321197384,-50.6825081221241,0.0987562059847867,0.142979201687128,1.06730458691523e-08,-0.0159712113523763,1.84537934372993e-37,-2.93468779360527,-0.492683743734148,0.00567443628329247,0.300571722655705,0.439436210801016,0.0282937073231517,-3.45994522122908e-06,-4.00925988255186e-05,0.00246453334376509,-0.000483464543023186,-4.03870784797525e-08,3.2775818987371e-07,3.16642076119493e-26,3.72775400798673,0,-5.33652240782983e-09,-0.00917559110983263,2.65499664541109e-06,0,-0.39983510462019,0.000164895379809719,-101.493744290807,-0.39845463157788,0.35154536842212,0,0.00191412,0.00191412,1.60744631991969e-44,0.4,8.94427338958263e-58,18.3130315001803,0.365,1.58551039509027e-15,97.758751934886,4.38,0.0573624555517688,78.3345340306331,0.75,4.65744193518005e-39,377.829657341391,0,1.30786041273933e-34,0,0,0,-1.35090570828842,0,0.408637877535328,0,0,0,0,0,0,0,0,0,0,0,0
"37",-154.983069049173,-3.16300954020003,0.397439439718526,-25.6841110487591,-4.59845785510558,0.089179321197384,-50.4026228419407,0.0987562059847867,0.142979201687128,3.56682834559442e-09,-0.0159712113523763,1.84537934372993e-37,-2.91869276595664,-0.492683743734148,0.00567443628329247,0.300272001806026,0.439436210801016,0.0282937073231517,-2.33588185296655e-06,-4.00925988255186e-05,0.00246453334376509,-0.000394983915883791,-4.03870784797525e-08,3.2775818987371e-07,-5.99679327766282e-26,3.72775400798673,0,-1.78341452197959e-09,-0.00917559110983263,2.65499664541109e-06,0,-0.39983510462019,0.000164895379809719,-100.933227558999,-0.39845463157788,0.35154536842212,0,0.00191412,0.00191412,5.20935928293183e-47,0.4,8.94427338958263e-58,17.9271996662016,0.365,1.58551039509027e-15,97.511953821432,4.38,0.0573624555517688,77.9019180374825,0.75,4.65744193518005e-39,375.743027805511,0,1.30786041273933e-34,0,0,0,-1.34956366329716,0,0.408637877535328,0,0,0,0,0,0,0,0,0,0,0,0
"38",-154.108982172327,-3.16300954020003,0.397439439718526,-25.5407683261743,-4.59845785510558,0.089179321197384,-50.1174088792248,0.0987562059847867,0.142979201687128,1.15182985295181e-09,-0.0159712113523763,1.84537934372993e-37,-2.90239524119659,-0.492683743734148,0.00567443628329247,0.299958987708092,0.439436210801016,0.0282937073231517,-1.35888599516809e-06,-4.00925988255186e-05,0.00246453334376509,-0.000319434509707453,-4.03870784797525e-08,3.2775818987371e-07,3.89688760095455e-26,3.72775400798673,0,-5.75914630652291e-10,-0.00917559110983263,2.65499664541109e-06,0,-0.39983510462019,0.000164895379809719,-100.362038916896,-0.39845463157788,0.35154536842212,0,0.00191412,0.00191412,1.4901923752436e-49,0.4,8.94427338958263e-58,17.5364437613059,0.365,1.58551039509027e-15,97.2581155147428,4.38,0.0573624555517688,77.4610652889681,0.75,4.65744193518005e-39,373.616670062937,0,1.30786041273933e-34,0,0,0,-1.3481612108501,0,0.408637877535328,0,0,0,0,0,0,0,0,0,0,0,0
"39",-153.218597916277,-3.16300954020003,0.397439439718526,-25.3947594512782,-4.59845785510558,0.089179321197384,-49.8268800955723,0.0987562059847867,0.142979201687128,3.59128957857584e-10,-0.0159712113523763,1.84537934372993e-37,-2.88579605009995,-0.492683743734148,0.00567443628329247,0.299634862381831,0.439436210801016,0.0282937073231517,-5.1008301286407e-07,-4.00925988255186e-05,0.00246453334376509,-0.000255372624724857,-4.03870784797525e-08,3.2775818987371e-07,-1.12682755264544e-26,3.72775400798673,0,-1.79563286211109e-10,-0.00917559110983263,2.65499664541109e-06,0,-0.39983510462019,0.000164895379809719,-99.7802061182571,-0.39845463157788,0.35154536842212,0,0.00191412,0.00191412,3.76382035934936e-52,0.4,8.94427338958263e-58,17.1409800412043,0.365,1.58551039509027e-15,96.9970536177465,4.38,0.0573624555517688,77.0119972061323,0.75,4.65744193518005e-39,371.450687434459,0,1.30786041273933e-34,0,0,0,-1.34670824282098,0,0.408637877535328,0,0,0,0,0,0,0,0,0,0,0,0
"40",-152.311951469321,-3.16300954020003,0.397439439718526,-25.2460913260966,-4.59845785510558,0.089179321197384,-49.5310465627024,0.0987562059847867,0.142979201687128,1.08021570149354e-10,-0.0159712113523763,1.84537934372993e-37,-2.86889582247354,-0.492683743734148,0.00567443628329247,0.299301780479526,0.439436210801016,0.0282937073231517,2.28756216100918e-07,-4.00925988255186e-05,0.00246453334376509,-0.000201438568490951,-4.03870784797525e-08,3.2775818987371e-07,-7.13673823757093e-27,3.72775400798673,0,-5.40120957256277e-11,-0.00917559110983263,2.65499664541109e-06,0,-0.39983510462019,0.000164895379809719,-99.1877493243133,-0.39845463157788,0.35154536842212,0,0.00191412,0.00191412,8.39480395952558e-55,0.4,8.94427338958263e-58,16.7410319565104,0.365,1.58551039509027e-15,96.7285695902803,4.38,0.0573624555517688,76.5547293497612,0.75,4.65744193518005e-39,369.245154976544,0,1.30786041273933e-34,0,0,0,-1.3452145249517,0,0.408637877535328,0,0,0,0,0,0,0,0,0,0,0,0
"41",-151.389057217003,-3.16300954020003,0.397439439718526,-25.0947675042978,-4.59845785510558,0.089179321197384,-49.2299115758083,0.0987562059847867,0.142979201687128,3.13190895628931e-11,-0.0159712113523763,1.84537934372993e-37,-2.85169481796742,-0.492683743734148,0.00567443628329247,0.298961865120399,0.439436210801016,0.0282937073231517,8.75195859853204e-07,-4.00925988255186e-05,0.00246453334376509,-0.000156363605355372,-4.03870784797525e-08,3.2775818987371e-07,7.86828387708274e-27,3.72775400798673,0,-1.56599897607461e-11,-0.00917559110983263,2.65499664541109e-06,0,-0.39983510462019,0.000164895379809719,-98.5846751222397,-0.39845463157788,0.35154536842212,0,0.00191412,0.00191412,1.65347613437684e-57,0.4,8.94427338958263e-58,16.3368273221153,0.365,1.58551039509027e-15,96.4524458864388,4.38,0.0573624555517688,76.0892668039319,0.75,4.65744193518005e-39,367.00009720682,0,1.30786041273933e-34,0,0,0,-1.34368967901383,0,0.408637877535328,0,0,0,0,0,0,0,0,0,0,0,0
"42",-150.449897473506,-3.16300954020003,0.397439439718526,-24.9407863517647,-4.59845785510558,0.089179321197384,-48.9234679752587,0.0987562059847867,0.142979201687128,8.7455255989275e-12,-0.0159712113523763,1.84537934372993e-37,-2.834192717606,-0.492683743734148,0.00567443628329247,0.298617206873344,0.439436210801016,0.0282937073231517,1.44614178960534e-06,-4.00925988255186e-05,0.00246453334376509,-0.000118974828597154,-4.03870784797525e-08,3.2775818987371e-07,1.63402175148782e-26,3.72775400798673,0,-4.37193824137047e-12,-0.00917559110983263,2.65499664541109e-06,0,-0.39983510462019,0.000164895379809719,-97.9709691587383,-0.39845463157788,0.35154536842212,0,0.00191412,0.00191412,2.87567800403899e-60,0.4,8.94427338958263e-58,15.9285948620731,0.365,1.58551039509027e-15,96.1684411661727,4.38,0.0573624555517688,75.6155984904202,0.75,4.65744193518005e-39,364.715460694927,0,1.30786041273933e-34,0,0,0,-1.34214317677389,0,0.408637877535328,0,0,0,0,0,0,0,0,0,0,0,0
"43",-149.49440871433,-3.16300954020003,0.397439439718526,-24.7841387995605,-4.59845785510558,0.089179321197384,-48.6116936491774,0.0987562059847867,0.142979201687128,2.35006387548273e-12,-0.0159712113523763,1.84537934372993e-37,-2.81638836874907,-0.492683743734148,0.00567443628329247,0.298269864943014,0.439436210801016,0.0282937073231517,1.9578827902997e-06,-4.00925988255186e-05,0.00246453334376509,-8.81979783433239e-05,-4.03870784797525e-08,3.2775818987371e-07,-3.09424812169547e-26,3.72775400798673,0,-1.17511798789456e-12,-0.00917559110983263,2.65499664541109e-06,0,-0.39983510462019,0.000164895379809719,-97.3465871324161,-0.39845463157788,0.35154536842212,0,0.00191412,0.00191412,4.41488092013496e-63,0.4,8.94427338958263e-58,15.5165600486988,0.365,1.58551039509027e-15,95.8762843687209,4.38,0.0573624555517688,75.1336902170003,0.75,4.65744193518005e-39,362.391080521723,0,1.30786041273933e-34,0,0,0,-1.34058434651828,0,0.408637877535328,0,0,0,0,0,0,0,0,0,0,0,0
"44",-148.522464842021,-3.16300954020003,0.397439439718526,-24.6248056139452,-4.59845785510558,0.089179321197384,-48.2945460662249,0.0987562059847867,0.142979201687128,6.07195833353424e-13,-0.0159712113523763,1.84537934372993e-37,-2.79827947498209,-0.492683743734148,0.00567443628329247,0.297921871678215,0.439436210801016,0.0282937073231517,2.42617110787969e-06,-4.00925988255186e-05,0.00246453334376509,-6.30582819141018e-05,-4.03870784797525e-08,3.2775818987371e-07,2.04831535090613e-26,3.72775400798673,0,-3.03277419776024e-13,-0.00917559110983263,2.65499664541109e-06,0,-0.39983510462019,0.000164895379809719,-96.7114438449558,-0.39845463157788,0.35154536842212,0,0.00191412,0.00191412,5.9805352763114e-66,0.4,8.94427338958263e-58,15.1009401509367,0.365,1.58551039509027e-15,95.575667398004,4.38,0.0573624555517688,74.6434762256832,0.75,4.65744193518005e-39,360.026639517026,0,1.30786041273933e-34,0,0,0,-1.33902239364315,0,0.408637877535328,0,0,0,0,0,0,0,0,0,0,0,0
"45",-147.533856953317,-3.16300954020003,0.397439439718526,-24.4627540963656,-4.59845785510558,0.089179321197384,-47.9719556629216,0.0987562059847867,0.142979201687128,1.50720237256986e-13,-0.0159712113523763,1.84537934372993e-37,-2.77986222097156,-0.492683743734148,0.00567443628329247,0.297575240545757,0.439436210801016,0.0282937073231517,2.86634587243109e-06,-4.00925988255186e-05,0.00246453334376509,-4.26794417613194e-05,-4.03870784797525e-08,3.2775818987371e-07,-1.58238439943709e-27,3.72775400798673,0,-7.55378871070089e-14,-0.00917559110983263,2.65499664541109e-06,0,-0.39983510462019,0.000164895379809719,-96.0653999570883,-0.39845463157788,0.35154536842212,0,0.00191412,0.00191412,7.14372260482157e-69,0.4,8.94427338958263e-58,14.6819384060339,0.365,1.58551039509027e-15,95.2662361137101,4.38,0.0573624555517688,74.1448489727118,0.75,4.65744193518005e-39,357.62161896606,0,1.30786041273933e-34,0,0,0,-1.33746643647948,0,0.408637877535328,0,0,0,0,0,0,0,0,0,0,0,0
"46",-146.528268979248,-3.16300954020003,0.397439439718526,-24.2979341112816,-4.59845785510558,0.089179321197384,-47.643817881092,0.0987562059847867,0.142979201687128,3.59125781401516e-14,-0.0159712113523763,1.84537934372993e-37,-2.76113082081622,-0.492683743734148,0.00567443628329247,0.297231977727188,0.439436210801016,0.0282937073231517,3.29350287224737e-06,-4.00925988255186e-05,0.00246453334376509,-2.62809374675701e-05,-4.03870784797525e-08,3.2775818987371e-07,-1.12793724293319e-26,3.72775400798673,0,-1.83148186579032e-14,-0.00917559110983263,2.65499664541109e-06,0,-0.39983510462019,0.000164895379809719,-95.4082460420231,-0.39845463157788,0.35154536842212,0,0.00191412,0.00191412,7.51792685979605e-72,0.4,8.94427338958263e-58,14.2597372321004,0.365,1.58551039509027e-15,94.9475792560985,4.38,0.0573624555517688,73.6376468187263,0.75,4.65744193518005e-39,355.1752392385,0,1.30786041273933e-34,0,0,0,-1.33592555968117,0,0.408637877535328,0,0,0,0,0,0,0,0,0,0,0,0
"47",-145.505248478993,-3.16300954020003,0.397439439718526,-24.130273325612,-4.59845785510558,0.089179321197384,-47.3099836194788,0.0987562059847867,0.142979201687128,8.20716232226258e-15,-0.0159712113523763,1.84537934372993e-37,-2.74207697655417,-0.492683743734148,0.00567443628329247,0.296894098303484,0.439436210801016,0.0282937073231517,3.72271481366325e-06,-4.00925988255186e-05,0.00246453334376509,-1.31738404315368e-05,-4.03870784797525e-08,3.2775818987371e-07,5.78464098841059e-27,3.72775400798673,0,-4.41501997518671e-15,-0.00917559110983263,2.65499664541109e-06,0,-0.39983510462019,0.000164895379809719,-94.7396834626627,-0.39845463157788,0.35154536842212,0,0.00191412,0.00191412,6.96270287583251e-75,0.4,8.94427338958263e-58,13.8344904100928,0.365,1.58551039509027e-15,94.6192148455616,4.38,0.0573624555517688,73.1216392706921,0.75,4.65744193518005e-39,352.6863886001,0,1.30786041273933e-34,0,0,0,-1.33440888788902,0,0.408637877535328,0,0,0,0,0,0,0,0,0,0,0,0
"48",-144.464171761182,-3.16300954020003,0.397439439718526,-23.9596715254884,-4.59845785510558,0.089179321197384,-46.9702478296633,0.0987562059847867,0.142979201687128,1.79742663346399e-15,-0.0159712113523763,1.84537934372993e-37,-2.72268923175838,-0.492683743734148,0.00567443628329247,0.296563647924585,0.439436210801016,0.0282937073231517,4.1693074930757e-06,-4.00925988255186e-05,0.00246453334376509,-2.7553613812431e-06,-4.03870784797525e-08,3.2775818987371e-07,6.04099233225043e-27,3.72775400798673,0,-2.52727032943932e-17,-0.00917559110983263,2.65499664541109e-06,0,-0.39983510462019,0.000164895379809719,-94.0593015316166,-0.39845463157788,0.35154536842212,0,0.00191412,0.00191412,5.66706608910303e-78,0.4,8.94427338958263e-58,13.4063141850151,0.365,1.58551039509027e-15,94.2805735170256,4.38,0.0573624555517688,72.5965093535178,0.75,4.65744193518005e-39,350.153538189084,0,1.30786041273933e-34,0,0,0,-1.3329256840312,0,0.408637877535328,0,0,0,0,0,0,0,0,0,0,0,0
"49",-143.404202400852,-3.16300954020003,0.397439439718526,-23.7859938601175,-4.59845785510558,0.089179321197384,-46.6243359503417,0.0987562059847867,0.142979201687128,3.76931947917687e-16,-0.0159712113523763,1.84537934372993e-37,-2.70295220302613,-0.492683743734148,0.00567443628329247,0.296242731065723,0.439436210801016,0.0282937073231517,4.64919928399507e-06,-4.00925988255186e-05,0.00246453334376509,5.49763933608364e-06,-4.03870784797525e-08,3.2775818987371e-07,-9.01365751669208e-27,3.72775400798673,0,-6.30538096613558e-16,-0.00917559110983263,2.65499664541109e-06,0,-0.39983510462019,0.000164895379809719,-93.3665503430252,-0.39845463157788,0.35154536842212,0,0.00191412,0.00191412,4.04663618284665e-81,0.4,8.94427338958263e-58,12.9752772734764,0.365,1.58551039509027e-15,93.9309781136571,4.38,0.0573624555517688,72.0618326409112,0.75,4.65744193518005e-39,347.574640879453,0,1.30786041273933e-34,0,0,0,-1.33148547834551,0,0.408637877535328,0,0,0,0,0,0,0,0,0,0,0,0
"50",-142.32424211061,-3.16300954020003,0.397439439718526,-23.6090628444999,-4.59845785510558,0.089179321197384,-46.2718878390882,0.0987562059847867,0.142979201687128,7.56262645710602e-17,-0.0159712113523763,1.84537934372993e-37,-2.68284567039425,-0.492683743734148,0.00567443628329247,0.295933548158866,0.439436210801016,0.0282937073231517,5.17931418567926e-06,-4.00925988255186e-05,0.00246453334376509,1.203595129671e-05,-4.03870784797525e-08,3.2775818987371e-07,4.80029559054851e-27,3.72775400798673,0,0,-0.00917559110983263,2.65499664541109e-06,0,-0.39983510462019,0.000164895379809719,-92.6607085914986,-0.39845463157788,0.35154536842212,0,0.00191412,0.00191412,2.52977481611407e-84,0.4,8.94427338958263e-58,12.5413898244576,0.365,1.58551039509027e-15,93.569618754833,4.38,0.0573624555517688,71.5170524172643,0.75,4.65744193518005e-39,344.947011471753,0,1.30786041273933e-34,0,0,0,-1.33009823664008,0,0.408637877535328,0,0,0,0,0,0,0,0,0,0,0,0
"51",-141.222872828573,-3.16300954020003,0.397439439718526,-23.4286489387152,-4.59845785510558,0.089179321197384,-45.9124388282857,0.0987562059847867,0.142979201687128,1.45053370444735e-17,-0.0159712113523763,1.84537934372993e-37,-2.6623435058883,-0.492683743734148,0.00567443628329247,0.295638443832313,0.439436210801016,0.0282937073231517,5.77808263455336e-06,-4.00925988255186e-05,0.00246453334376509,1.72459111325305e-05,-4.03870784797525e-08,3.2775818987371e-07,-1.01404145777089e-27,3.72775400798673,0,0,-0.00917559110983263,2.65499664541109e-06,0,-0.39983510462019,0.000164895379809719,-91.9408456316428,-0.39845463157788,0.35154536842212,0,0.00191412,0.00191412,1.38114160726903e-87,0.4,8.94427338958263e-58,12.1045914721192,0.365,1.58551039509027e-15,93.195522399899,4.38,0.0573624555517688,70.9614503955026,0.75,4.65744193518005e-39,342.267185465159,0,1.30786041273933e-34,0,0,0,-1.32877457984976,0,0.408637877535328,0,0,0,0,0,0,0,0,0,0,0,0
"52",-140.098288815455,-3.16300954020003,0.397439439718526,-23.2444595104795,-4.59845785510558,0.089179321197384,-45.5453975079706,0.0987562059847867,0.142979201687128,2.65754662400954e-18,-0.0159712113523763,1.84537934372993e-37,-2.64141241832658,-0.492683743734148,0.00567443628329247,0.295359970467491,0.439436210801016,0.0282937073231517,6.46604974022112e-06,-4.00925988255186e-05,0.00246453334376509,2.14577126805146e-05,-4.03870784797525e-08,3.2775818987371e-07,4.79707873908722e-28,3.72775400798673,0,0,-0.00917559110983263,2.65499664541109e-06,0,-0.39983510462019,0.000164895379809719,-91.205776982093,-0.39845463157788,0.35154536842212,0,0.00191412,0.00191412,6.56564458000503e-91,0.4,8.94427338958263e-58,11.6647387557085,0.365,1.58551039509027e-15,92.8075157890584,4.38,0.0573624555517688,70.3941123733832,0.75,4.65744193518005e-39,339.530753403434,0,1.30786041273933e-34,0,0,0,-1.3275260717987,0,0.408637877535328,0,0,0,0,0,0,0,0,0,0,0,0
"53",-138.948217529022,-3.16300954020003,0.397439439718526,-23.0561259854969,-4.59845785510558,0.089179321197384,-45.1700198300233,0.0987562059847867,0.142979201687128,4.64717250346027e-19,-0.0159712113523763,1.84537934372993e-37,-2.62001049217111,-0.492683743734148,0.00567443628329247,0.29510097154989,0.439436210801016,0.0282937073231517,7.26661812371196e-06,-4.00925988255186e-05,0.00246453334376509,2.49539854764441e-05,-4.03870784797525e-08,3.2775818987371e-07,0,3.72775400798673,0,0,-0.00917559110983263,2.65499664541109e-06,0,-0.39983510462019,0.000164895379809719,-90.4540124618797,-0.39845463157788,0.35154536842212,0,0.00191412,0.00191412,2.70823329238956e-94,0.4,8.94427338958263e-58,11.2215923789531,0.365,1.58551039509027e-15,92.404180389107,4.38,0.0573624555517688,69.8138882048735,0.75,4.65744193518005e-39,336.732167805185,0,1.30786041273933e-34,0,0,0,-1.32636559791256,0,0.408637877535328,0,0,0,0,0,0,0,0,0,0,0,0
"54",-137.769828101534,-3.16300954020003,0.397439439718526,-22.8631890020205,-4.59845785510558,0.089179321197384,-44.7853791457556,0.0987562059847867,0.142979201687128,7.75032294040939e-20,-0.0159712113523763,1.84537934372993e-37,-2.59808549952891,-0.492683743734148,0.00567443628329247,0.294864692455784,0.439436210801016,0.0282937073231517,8.20696294197546e-06,-4.00925988255186e-05,0.00246453334376509,2.7978548739199e-05,-4.03870784797525e-08,3.2775818987371e-07,2.87893470053897e-27,3.72775400798673,0,0,-0.00917559110983263,2.65499664541109e-06,0,-0.39983510462019,0.000164895379809719,-89.6836961814087,-0.39845463157788,0.35154536842212,0,0.00191412,0.00191412,9.65378604570984e-98,0.4,8.94427338958263e-58,10.7748050602111,0.365,1.58551039509027e-15,91.9837977815479,4.38,0.0573624555517688,69.2193454839684,0.75,4.65744193518005e-39,333.864519770934,0,1.30786041273933e-34,0,0,0,-1.32530786664367,0,0.408637877535328,0,0,0,0,0,0,0,0,0,0,0,0
"55",-136.559626432853,-3.16300954020003,0.397439439718526,-22.6650814185499,-4.59845785510558,0.089179321197384,-44.3903318471992,0.0987562059847867,0.142979201687128,1.23168657791964e-20,-0.0159712113523763,1.84537934372993e-37,-2.57557296822619,-0.492683743734148,0.00567443628329247,0.294654927576312,0.439436210801016,0.0282937073231517,9.3191712376171e-06,-4.00925988255186e-05,0.00246453334376509,3.07453116127979e-05,-4.03870784797525e-08,3.2775818987371e-07,-4.95903387074165e-27,3.72775400798673,0,0,-0.00917559110983263,2.65499664541109e-06,0,-0.39983510462019,0.000164895379809719,-88.8925377283643,-0.39845463157788,0.35154536842212,0,0.00191412,0.00191412,2.9598248687215e-101,0.4,8.94427338958263e-58,10.3239111105174,0.365,1.58551039509027e-15,91.5442836735453,4.38,0.0573624555517688,68.608716432877,0.75,4.65744193518005e-39,330.919282807791,0,1.30786041273933e-34,0,0,0,-1.32437007602874,0,0.408637877535328,0,0,0,0,0,0,0,0,0,0,0,0
"56",-135.31333628569,-3.16300954020003,0.397439439718526,-22.4611090893536,-4.59845785510558,0.089179321197384,-43.983478403597,0.0987562059847867,0.142979201687128,1.86793673982453e-21,-0.0159712113523763,1.84537934372993e-37,-2.55239399614893,-0.492683743734148,0.00567443628329247,0.294476216739575,0.439436210801016,0.0282937073231517,1.06416783779396e-05,-4.00925988255186e-05,0.00246453334376509,3.34473663462942e-05,-4.03870784797525e-08,3.2775818987371e-07,1.88149320312711e-27,3.72775400798673,0,0,-0.00917559110983263,2.65499664541109e-06,0,-0.39983510462019,0.000164895379809719,-88.0777341298009,-0.39845463157788,0.35154536842212,0,0.00191412,0.00191412,7.76319431675928e-105,0.4,8.94427338958263e-58,9.86831939912924,0.365,1.58551039509027e-15,91.0831084863513,4.38,0.0573624555517688,67.9798376712932,0.75,4.65744193518005e-39,327.886022318785,0,1.30786041273933e-34,0,0,0,-1.32357280320558,0,0.408637877535328,0,0,0,0,0,0,0,0,0,0,0,0
"57",-134.025766421249,-3.16300954020003,0.397439439718526,-22.2504294332558,-4.59845785510558,0.089179321197384,-43.5631197937434,0.0987562059847867,0.142979201687128,2.67507140174291e-22,-0.0159712113523763,1.84537934372993e-37,-2.52845281482654,-0.492683743734148,0.00567443628329247,0.294334108153509,0.439436210801016,0.0282937073231517,1.22211040354191e-05,-4.00925988255186e-05,0.00246453334376509,3.62664111474362e-05,-4.03870784797525e-08,3.2775818987371e-07,1.83702338200362e-30,3.72775400798673,0,0,-0.00917559110983263,2.65499664541109e-06,0,-0.39983510462019,0.000164895379809719,-87.2358825919588,-0.39845463157788,0.35154536842212,0,0.00191412,0.00191412,1.73118571880435e-108,0.4,8.94427338958263e-58,9.40731205580615,0.365,1.58551039509027e-15,90.5972022874875,4.38,0.0573624555517688,67.3300828671965,0.75,4.65744193518005e-39,324.752070760222,0,1.30786041273933e-34,0,0,0,-1.32294119415333,0,0.408637877535328,0,0,0,0,0,0,0,0,0,0,0,0
"58",-132.69066485072,-3.16300954020003,0.397439439718526,-22.0320279975256,-4.59845785510558,0.089179321197384,-43.1272096688795,0.0987562059847867,0.142979201687128,3.67021825182646e-23,-0.0159712113523763,1.84537934372993e-37,-2.50363412509238,-0.492683743734148,0.00567443628329247,0.294235510619618,0.439436210801016,0.0282937073231517,1.41146335990721e-05,-4.00925988255186e-05,0.00246453334376509,3.93827484580076e-05,-4.03870784797525e-08,3.2775818987371e-07,4.8727819091552e-28,3.72775400798673,0,0,-0.00917559110983263,2.65499664541109e-06,0,-0.39983510462019,0.000164895379809719,-86.3628846866167,-0.39845463157788,0.35154536842212,0,0.00191412,0.00191412,3.2595256311083e-112,0.4,8.94427338958263e-58,8.94005214278923,0.365,1.58551039509027e-15,90.0828417411663,4.38,0.0573624555517688,66.656288786545,0.75,4.65744193518005e-39,321.502170958881,0,1.30786041273933e-34,0,0,0,-1.32250655745714,0,0.408637877535328,0,0,0,0,0,0,0,0,0,0,0,0
"59",-131.30056281745,-3.16300954020003,0.397439439718526,-21.8046934791714,-4.59845785510558,0.089179321197384,-42.6733030801688,0.0987562059847867,0.142979201687128,4.33655629561999e-24,-0.0159712113523763,1.84537934372993e-37,-2.47780025735965,-0.492683743734148,0.00567443628329247,0.294189165577082,0.439436210801016,0.0282937073231517,1.63931555483935e-05,-4.00925988255186e-05,0.00246453334376509,4.29862433905164e-05,-4.03870784797525e-08,3.2775818987371e-07,-4.05871793633919e-28,3.72775400798673,0,0,-0.00917559110983263,2.65499664541109e-06,0,-0.39983510462019,0.000164895379809719,-85.4538436545518,-0.39845463157788,0.35154536842212,0,0.00191412,0.00191412,5.14159386328291e-116,0.4,8.94427338958263e-58,8.4656046182886,0.365,1.58551039509027e-15,89.5355168279618,4.38,0.0573624555517688,65.9546760304116,0.75,4.65744193518005e-39,318.118093801583,0,1.30786041273933e-34,0,0,0,-1.32230850022003,0,0.408637877535328,0,0,0,0,0,0,0,0,0,0,0,0
"60",-129.846613331009,-3.16300954020003,0.397439439718526,-21.5669920374934,-4.59845785510558,0.089179321197384,-42.1985033158072,0.0987562059847867,0.142979201687128,6.62402968214035e-25,-0.0159712113523763,1.84537934372993e-37,-2.4507882511585,-0.492683743734148,0.00567443628329247,0.294206279662544,0.439436210801016,0.0282937073231517,1.91454631882051e-05,-4.00925988255186e-05,0.00246453334376509,4.72888199514323e-05,-4.03870784797525e-08,3.2775818987371e-07,8.60548269599322e-29,3.72775400798673,0,0,-0.00917559110983263,2.65499664541109e-06,0,-0.39983510462019,0.000164895379809719,-84.5029579181684,-0.39845463157788,0.35154536842212,0,0.00191412,0.00191412,6.73667179334662e-120,0.4,8.94427338958263e-58,7.98297618259069,0.365,1.58551039509027e-15,88.9497754900155,4.38,0.0573624555517688,65.2207668462087,0.75,4.65744193518005e-39,314.57824181895,0,1.30786041273933e-34,0,0,0,-1.32239778986655,0,0.408637877535328,0,0,0,0,0,0,0,0,0,0,0,0
"61",-128.318432051151,-3.16300954020003,0.397439439718526,-21.3172422333515,-4.59845785510558,0.089179321197384,-41.6994093583808,0.0987562059847867,0.142979201687128,1.4993160236676e-25,-0.0159712113523763,1.84537934372993e-37,-2.42240700565554,-0.492683743734148,0.00567443628329247,0.294301371384394,0.439436210801016,0.0282937073231517,2.24839799333517e-05,-4.00925988255186e-05,0.00246453334376509,5.25393690400656e-05,-4.03870784797525e-08,3.2775818987371e-07,7.70972014011586e-29,3.72775400798673,0,0,-0.00917559110983263,2.65499664541109e-06,0,-0.39983510462019,0.000164895379809719,-83.5034158305601,-0.39845463157788,0.35154536842212,0,0.00191412,0.00191412,7.26320122021196e-124,0.4,8.94427338958263e-58,7.49118095299118,0.365,1.58551039509027e-15,88.3190452540392,4.38,0.0573624555517688,64.449303893234,0.75,4.65744193518005e-39,310.857257367179,0,1.30786041273933e-34,0,0,0,-1.32284018509743,0,0.408637877535328,0,0,0,0,0,0,0,0,0,0,0,0
"62",-126.703952175573,-3.16300954020003,0.397439439718526,-21.0534925803657,-4.59845785510558,0.089179321197384,-41.1720677185432,0.0987562059847867,0.142979201687128,3.61795097169909e-26,-0.0159712113523763,1.84537934372993e-37,-2.39243472650318,-0.492683743734148,0.00567443628329247,0.294493402565076,0.439436210801016,0.0282937073231517,2.65527040022241e-05,-4.00925988255186e-05,0.00246453334376509,5.9042441710875e-05,-4.03870784797525e-08,3.2775818987371e-07,-1.29008320991456e-28,3.72775400798673,0,0,-0.00917559110983263,2.65499664541109e-06,0,-0.39983510462019,0.000164895379809719,-82.4472991812357,-0.39845463157788,0.35154536842212,0,0.00191412,0.00191412,6.37915108195249e-128,0.4,8.94427338958263e-58,6.98934013714136,0.365,1.58551039509027e-15,87.6354325772629,4.38,0.0573624555517688,63.6341757670318,0.75,4.65744193518005e-39,306.925663410181,0,1.30786041273933e-34,0,0,0,-1.32372155719556,0,0.408637877535328,0,0,0,0,0,0,0,0,0,0,0,0
"63",-124.989309657581,-3.16300954020003,0.397439439718526,-20.7735044808973,-4.59845785510558,0.089179321197384,-40.6119339127203,0.0987562059847867,0.142979201687128,-3.11124925633773e-26,-0.0159712113523763,1.84537934372993e-37,-2.36061698396175,-0.492683743734148,0.00567443628329247,0.294807287861385,0.439436210801016,0.0282937073231517,3.15384473628145e-05,-4.00925988255186e-05,0.00246453334376509,6.71829992690796e-05,-4.03870784797525e-08,3.2775818987371e-07,2.55596474218838e-28,3.72775400798673,0,0,-0.00917559110983263,2.65499664541109e-06,0,-0.39983510462019,0.000164895379809719,-81.3255060053059,-0.39845463157788,0.35154536842212,0,0.00191412,0.00191412,4.51540580783853e-132,0.4,8.94427338958263e-58,6.47682454861048,0.365,1.58551039509027e-15,86.8895035265502,4.38,0.0573624555517688,62.7683574219767,0.75,4.65744193518005e-39,302.749576162346,0,1.30786041273933e-34,0,0,0,-1.32515472483875,0,0.408637877535328,0,0,0,0,0,0,0,0,0,0,0,0
"64",-123.158780303373,-3.16300954020003,0.397439439718526,-20.4747442062241,-4.59845785510558,0.089179321197384,-40.0138505372738,0.0987562059847867,0.142979201687128,1.4704936289017e-26,-0.0159712113523763,1.84537934372993e-37,-2.32666579758786,-0.492683743734148,0.00567443628329247,0.295275904433646,0.439436210801016,0.0282937073231517,3.76870642771685e-05,-4.00925988255186e-05,0.00246453334376509,7.74611667638795e-05,-4.03870784797525e-08,3.2775818987371e-07,-3.09551375078018e-28,3.72775400798673,0,0,-0.00917559110983263,2.65499664541109e-06,0,-0.39983510462019,0.000164895379809719,-80.1277066170984,-0.39845463157788,0.35154536842212,0,0.00191412,0.00191412,2.00336554959155e-133,0.4,8.94427338958263e-58,5.95344821708045,0.365,1.58551039509027e-15,86.0700539667583,4.38,0.0573624555517688,61.8438762374995,0.75,4.65744193518005e-39,298.290541415137,0,1.30786041273933e-34,0,0,0,-1.32728855959174,0,0.408637877535328,0,0,0,0,0,0,0,0,0,0,0,0
"65",-121.194795404687,-3.16300954020003,0.397439439718526,-20.1543884552007,-4.59845785510558,0.089179321197384,-39.3720505334837,0.0987562059847867,0.142979201687128,0,-0.0159712113523763,1.84537934372993e-37,-2.29026026200925,-0.492683743734148,0.00567443628329247,0.295942762801357,0.439436210801016,0.0282937073231517,4.53274062641679e-05,-4.00925988255186e-05,0.00246453334376509,9.05441192614913e-05,-4.03870784797525e-08,3.2775818987371e-07,1.88733285264507e-28,3.72775400798673,0,0,-0.00917559110983263,2.65499664541109e-06,0,-0.39983510462019,0.000164895379809719,-78.8423500752854,-0.39845463157788,0.35154536842212,0,0.00191412,0.00191412,4.54401584554996e-129,0.4,8.94427338958263e-58,5.41971836692338,0.365,1.58551039509027e-15,85.1638843323161,4.38,0.0573624555517688,60.8518170079413,0.75,4.65744193518005e-39,293.50555860514,0,1.30786041273933e-34,0,0,0,-1.33032009774086,0,0.408637877535328,0,0,0,0,0,0,0,0,0,0,0,0
"66",-119.078066363343,-3.16300954020003,0.397439439718526,-19.8093487009508,-4.59845785510558,0.089179321197384,-38.6801954417806,0.0987562059847867,0.142979201687128,0,-0.0159712113523763,1.84537934372993e-37,-2.25104930425237,-0.492683743734148,0.00567443628329247,0.296865552364126,0.439436210801016,0.0282937073231517,5.49075375091859e-05,-4.00925988255186e-05,0.00246453334376509,0.000107348343464251,-4.03870784797525e-08,3.2775818987371e-07,-8.01857423711358e-29,3.72775400798673,0,0,-0.00917559110983263,2.65499664541109e-06,0,-0.39983510462019,0.000164895379809719,-77.4567406980647,-0.39845463157788,0.35154536842212,0,0.00191412,0.00191412,1.32923546617641e-124,0.4,8.94427338958263e-58,4.87714008094915,0.365,1.58551039509027e-15,84.1556040203397,4.38,0.0573624555517688,59.7823809981625,0.75,4.65744193518005e-39,288.347365655807,0,1.30786041273933e-34,0,0,0,-1.33451063846058,0,0.408637877535328,0,0,0,0,0,0,0,0,0,0,0,0
"67",-116.787849435512,-3.16300954020003,0.397439439718526,-19.436319717683,-4.59845785510558,0.089179321197384,-37.9314586128941,0.0987562059847867,0.142979201687128,5.65515107263134e-26,-0.0159712113523763,1.84537934372993e-37,-2.20865718248999,-0.492683743734148,0.00567443628329247,0.298120849825954,0.439436210801016,0.0282937073231517,6.7050943617154e-05,-4.00925988255186e-05,0.00246453334376509,0.00012917736597245,-4.03870784797525e-08,3.2775818987371e-07,3.79187910307958e-29,3.72775400798673,0,0,-0.00917559110983263,2.65499664541109e-06,0,-0.39983510462019,0.000164895379809719,-75.9572045831274,-0.39845463157788,0.35154536842212,0,0.00191412,0.00191412,5.07214128174501e-120,0.4,8.94427338958263e-58,4.32856105727652,0.365,1.58551039509027e-15,83.0275041184438,4.38,0.0573624555517688,58.6250144663907,0.75,4.65744193518005e-39,282.765058879775,0,1.30786041273933e-34,0,0,0,-1.3402071584061,0,0.408637877535328,0,0,0,0,0,0,0,0,0,0,0,0
"68",-114.302377008145,-3.16300954020003,0.397439439718526,-19.0318570133157,-4.59845785510558,0.089179321197384,-37.1186617262427,0.0987562059847867,0.142979201687128,-1.07013949381408e-25,-0.0159712113523763,1.84537934372993e-37,-2.16269225776104,-0.492683743734148,0.00567443628329247,0.299810392124259,0.439436210801016,0.0282937073231517,8.26463611692785e-05,-4.00925988255186e-05,0.00246453334376509,0.000157963239364722,-4.03870784797525e-08,3.2775818987371e-07,1.98439662695474e-30,3.72775400798673,0,0,-0.00917559110983263,2.65499664541109e-06,0,-0.39983510462019,0.000164895379809719,-74.3293628461986,-0.39845463157788,0.35154536842212,0,0.00191412,0.00191412,2.55700233352365e-115,0.4,8.94427338958263e-58,3.77852108933797,0.365,1.58551039509027e-15,81.7595548609929,4.38,0.0573624555517688,57.3686195542696,0.75,4.65744193518005e-39,276.705110161008,0,1.30786041273933e-34,0,0,0,-1.34787090923793,0,0.408637877535328,0,0,0,0,0,0,0,0,0,0,0,0
"69",-111.599469674843,-3.16300954020003,0.397439439718526,-18.592486072579,-4.59845785510558,0.089179321197384,-36.2344688732314,0.0987562059847867,0.142979201687128,5.06078231363216e-26,-0.0159712113523763,1.84537934372993e-37,-2.11275935802065,-0.492683743734148,0.00567443628329247,0.302069502351661,0.439436210801016,0.0282937073231517,0.000102996151257991,-4.00925988255186e-05,0.00246453334376509,0.000196706041031311,-4.03870784797525e-08,3.2775818987371e-07,-3.7562654355964e-30,3.72775400798673,0,0,-0.00917559110983263,2.65499664541109e-06,0,-0.39983510462019,0.000164895379809719,-72.5585200926723,-0.39845463157788,0.35154536842212,0,0.00191412,0.00191412,1.72472375442365e-110,0.4,8.94427338958263e-58,3.23354149115352,0.365,1.58551039509027e-15,80.3296052221888,4.38,0.0573624555517688,56.0018541155966,0.75,4.65744193518005e-39,270.112813114136,0,1.30786041273933e-34,0,0,0,-1.35811595480533,0,0.408637877535328,0,0,0,0,0,0,0,0,0,0,0,0
"70",-108.657323518416,-3.16300954020003,0.397439439718526,-18.1148433504294,-4.59845785510558,0.089179321197384,-35.2716357533277,0.0987562059847867,0.142979201687128,0,-0.0159712113523763,1.84537934372993e-37,-2.05847570645751,-0.492683743734148,0.00567443628329247,0.305078590452638,0.439436210801016,0.0282937073231517,0.000130070779363839,-4.00925988255186e-05,0.00246453334376509,0.000250297907973365,-4.03870784797525e-08,3.2775818987371e-07,3.14829082879113e-30,3.72775400798673,0,0,-0.00917559110983263,2.65499664541109e-06,0,-0.39983510462019,0.000164895379809719,-70.6301631921867,-0.39845463157788,0.35154536842212,0,0.00191412,0.00191412,1.57612600924029e-105,0.4,8.94427338958263e-58,2.70225415173555,0.365,1.58551039509027e-15,78.7138838535545,4.38,0.0573624555517688,54.5135166786426,0.75,4.65744193518005e-39,262.934139866463,0,1.30786041273933e-34,0,0,0,-1.37176200488237,0,0.408637877535328,0,0,0,0,0,0,0,0,0,0,0,0
"71",-105.455443269523,-3.16300954020003,0.397439439718526,-17.595845599489,-4.59845785510558,0.089179321197384,-34.2233033489867,0.0987562059847867,0.142979201687128,0,-0.0159712113523763,1.84537934372993e-37,-1.99948998337359,-0.492683743734148,0.00567443628329247,0.309079286778978,0.439436210801016,0.0282937073231517,0.000166964783026412,-4.00925988255186e-05,0.00246453334376509,0.00032710598388566,-4.03870784797525e-08,3.2775818987371e-07,-2.5964644373328e-30,3.72775400798673,0,0,-0.00917559110983263,2.65499664541109e-06,0,-0.39983510462019,0.000164895379809719,-68.530549030795,-0.39845463157788,0.35154536842212,0,0.00191412,0.00191412,1.97555661370069e-100,0.4,8.94427338958263e-58,2.19523719134291,0.365,1.58551039509027e-15,76.8879173563913,4.38,0.0573624555517688,52.8930000829989,0.75,4.65744193518005e-39,255.117929077376,0,1.30786041273933e-34,0,0,0,-1.38990897679735,0,0.408637877535328,0,0,0,0,0,0,0,0,0,0,0,0
"72",-101.975674653205,-3.16300954020003,0.397439439718526,-17.0328823132239,-4.59845785510558,0.089179321197384,-33.0833189188464,0.0987562059847867,0.142979201687128,0,-0.0159712113523763,1.84537934372993e-37,-1.9355038419471,-0.492683743734148,0.00567443628329247,0.314398041850201,0.439436210801016,0.0282937073231517,0.000218757203664422,-4.00925988255186e-05,0.00246453334376509,0.000442076751547639,-4.03870784797525e-08,3.2775818987371e-07,1.22857877253749e-30,3.72775400798673,0,0,-0.00917559110983263,2.65499664541109e-06,0,-0.39983510462019,0.000164895379809719,-66.2473468231976,-0.39845463157788,0.35154536842212,0,0.00191412,0.00191412,3.43760839685286e-95,0.4,8.94427338958263e-58,1.72441316033039,0.365,1.58551039509027e-15,74.8279830673263,4.38,0.0573624555517688,51.1307872266333,0.75,4.65744193518005e-39,246.618277066638,0,1.30786041273933e-34,0,0,0,-1.4140469320153,0,0.408637877535328,0,0,0,0,0,0,0,0,0,0,0,0
"73",-98.203293960701,-3.16300954020003,0.397439439718526,-16.4240289687572,-4.59845785510558,0.089179321197384,-31.8465669034827,0.0987562059847867,0.142979201687128,4.54828450462946e-27,-0.0159712113523763,1.84537934372993e-37,-1.86629543564377,-0.492683743734148,0.00567443628329247,0.3214826788741,0.439436210801016,0.0282937073231517,0.000294241642271118,-4.00925988255186e-05,0.00246453334376509,0.000622937582203059,-4.03870784797525e-08,3.2775818987371e-07,0,3.72775400798673,0,0,-0.00917559110983263,2.65499664541109e-06,0,-0.39983510462019,0.000164895379809719,-63.7703000353958,-0.39845463157788,0.35154536842212,0,0.00191412,0.00191412,8.402909747457e-90,0.4,8.94427338958263e-58,1.30190586415026,0.365,1.58551039509027e-15,72.5131827814619,4.38,0.0573624555517688,49.2189619486299,0.75,4.65744193518005e-39,237.397001946737,0,1.30786041273933e-34,0,0,0,-1.44622813726462,0,0.408637877535328,0,0,0,0,0,0,0,0,0,0,0,0
"74",-94.1281502213896,-3.16300954020003,0.397439439718526,-15.7682894068736,-4.59845785510558,0.089179321197384,-30.5093006757738,0.0987562059847867,0.142979201687128,-6.38990616420136e-27,-0.0159712113523763,1.84537934372993e-37,-1.79174552953867,-0.492683743734148,0.00567443628329247,0.33096310890243,0.439436210801016,0.0282937073231517,0.000409706446626393,-4.00925988255186e-05,0.00246453334376509,0.00092279698330539,-4.03870784797525e-08,3.2775818987371e-07,0,3.72775400798673,0,0,-0.00917559110983263,2.65499664541109e-06,0,-0.39983510462019,0.000164895379809719,-61.0918895749133,-0.39845463157788,0.35154536842212,0,0.00191412,0.00191412,2.91913827641901e-84,0.4,8.94427338958263e-58,0.938375510934339,0.365,1.58551039509027e-15,69.9281403511013,4.38,0.0573624555517688,47.1517208902608,0.75,4.65744193518005e-39,227.426112473894,0,1.30786041273933e-34,0,0,0,-1.48935693931486,0,0.408637877535328,0,0,0,0,0,0,0,0,0,0,0,0
"75",-89.7459024149346,-3.16300954020003,0.397439439718526,-15.0658935153249,-4.59845785510558,0.089179321197384,-29.0694726931561,0.0987562059847867,0.142979201687128,2.98308943083354e-27,-0.0159712113523763,1.84537934372993e-37,-1.71186837502263,-0.492683743734148,0.00567443628329247,0.343760396724899,0.439436210801016,0.0282937073231517,0.000598383573788733,-4.00925988255186e-05,0.00246453334376509,0.0014461304268554,-4.03870784797525e-08,3.2775818987371e-07,1.79779636631939e-31,3.72775400798673,0,0,-0.00917559110983263,2.65499664541109e-06,0,-0.39983510462019,0.000164895379809719,-58.2079929698057,-0.39845463157788,0.35154536842212,0,0.00191412,0.00191412,1.45781692736604e-78,0.4,8.94427338958263e-58,0.641070383575942,0.365,1.58551039509027e-15,67.0661711595375,4.38,0.0573624555517688,44.9258822601856,0.75,4.65744193518005e-39,216.690261966755,0,1.30786041273933e-34,0,0,0,-1.54772243013163,0,0.408637877535328,0,0,0,0,0,0,0,0,0,0,0,0
"76",-85.0593574476391,-3.16300954020003,0.397439439718526,-14.3186922537694,-4.59845785510558,0.089179321197384,-27.5270271934821,0.0987562059847867,0.142979201687128,-3.91280054876614e-27,-0.0159712113523763,1.84537934372993e-37,-1.62685044320428,-0.492683743734148,0.00567443628329247,0.361300234522937,0.439436210801016,0.0282937073231517,0.000943725847918467,-4.00925988255186e-05,0.00246453334376509,0.00240295120080593,-4.03870784797525e-08,3.2775818987371e-07,-3.40532666384242e-31,3.72775400798673,0,0,-0.00917559110983263,2.65499664541109e-06,0,-0.39983510462019,0.000164895379809719,-55.1184668644369,-0.39845463157788,0.35154536842212,0,0.00191412,0.00191412,1.05851751598873e-72,0.4,8.94427338958263e-58,0.412097528506112,0.365,1.58551039509027e-15,63.9325434028214,4.38,0.0573624555517688,42.5413354141581,0.75,4.65744193518005e-39,205.188916756765,0,1.30786041273933e-34,0,0,0,-1.62810747024282,0,0.408637877535328,0,0,0,0,0,0,0,0,0,0,0,0
"77",-80.0799193670588,-3.16300954020003,0.397439439718526,-13.530687033131,-4.59845785510558,0.089179321197384,-25.8840628576272,0.0987562059847867,0.142979201687128,2.79616598411814e-27,-0.0159712113523763,1.84537934372993e-37,-1.5370977432647,-0.492683743734148,0.00567443628329247,0.385975814007892,0.439436210801016,0.0282937073231517,0.00184301296066011,-4.00925988255186e-05,0.00246453334376509,0.0042217880752123,-4.03870784797525e-08,3.2775818987371e-07,4.44733944067131e-31,3.72775400798673,0,0,-0.00917559110983263,2.65499664541109e-06,0,-0.39983510462019,0.000164895379809719,-51.8274664267028,-0.39845463157788,0.35154536842212,0,0.00191412,0.00191412,1.1301714305441e-66,0.4,8.94427338958263e-58,0.247583501424008,0.365,1.58551039509027e-15,60.5471888637146,4.38,0.0573624555517688,40.0012873788227,0.75,4.65744193518005e-39,192.937545242293,0,1.30786041273933e-34,0,0,0,-1.74305384867831,0,0.408637877535328,0,0,0,0,0,0,0,0,0,0,0,0
"78",-74.8372242394146,-3.16300954020003,0.397439439718526,-12.7086854293624,-4.59845785510558,0.089179321197384,-24.1472418124389,0.0987562059847867,0.142979201687128,0,-0.0159712113523763,1.84537934372993e-37,-1.4432843244248,-0.492683743734148,0.00567443628329247,0.422306191607096,0.439436210801016,0.0282937073231517,0.00813288889810557,-4.00925988255186e-05,0.00246453334376509,0.00777858162713835,-4.03870784797525e-08,3.2775818987371e-07,-5.37108683688906e-31,3.72775400798673,0,0,-0.00917559110983263,2.65499664541109e-06,0,-0.39983510462019,0.000164895379809719,-48.3482846721109,-0.39845463157788,0.35154536842212,0,0.00191412,0.00191412,1.79456426379114e-60,0.4,8.94427338958263e-58,0.138269320139504,0.365,1.58551039509027e-15,56.9460262922066,4.38,0.0573624555517688,37.3159979212423,0.75,4.65744193518005e-39,179.985633187462,0,1.30786041273933e-34,0,0,0,-1.9346108123818,0,0.408637877535328,0,0,0,0,0,0,0,0,0,0,0,0
"79",-69.5765824554127,-3.16300954020003,0.397439439718526,-11.8629656150384,-4.59845785510558,0.089179321197384,-22.3906627837504,0.0987562059847867,0.142979201687128,0,-0.0159712113523763,1.84537934372993e-37,-1.34638208601044,-0.492683743734148,0.00567443628329247,0.48056993277667,0.439436210801016,0.0282937073231517,0.101111815871207,-4.00925988255186e-05,0.00246453334376509,0.0147987871410359,-4.03870784797525e-08,3.2775818987371e-07,2.5428644837019e-31,3.72775400798673,0,0,-0.00917559110983263,2.65499664541109e-06,0,-0.39983510462019,0.000164895379809719,-44.8298616437945,-0.39845463157788,0.35154536842212,0,0.00191412,0.00191412,4.28651604189193e-54,0.4,8.94427338958263e-58,0.0715584566933234,0.365,1.58551039509027e-15,53.1800924511112,4.38,0.0573624555517688,34.6004214059462,0.75,4.65744193518005e-39,166.887638070028,0,1.30786041273933e-34,0,0,0,-2.61437181535391,0,0.408637877535328,0,0,0,0,0,0,0,0,0,0,0,0
"80",-67.7437649646927,-3.16300954020003,0.397439439718526,-11.0072794629205,-4.59845785510558,0.089179321197384,-21.7320556242099,0.0987562059847867,0.142979201687128,3.46267577368459e-27,-0.0159712113523763,1.84537934372993e-37,-1.2476439656443,-0.492683743734148,0.00567443628329247,0.592990019205196,0.439436210801016,0.0282937073231517,1.46894343372552,-4.00925988255186e-05,0.00246453334376509,0.0280084221303825,-4.03870784797525e-08,3.2775818987371e-07,0,3.72775400798673,0,0,-0.00917559110983263,2.65499664541109e-06,0,-0.39983510462019,0.000164895379809719,-43.5210982924262,-0.39845463157788,0.35154536842212,0,0.00191412,0.00191412,1.55818133825947e-47,0.4,8.94427338958263e-58,0.0343149590787624,0.365,1.58551039509027e-15,49.3120790594179,4.38,0.0573624555517688,33.5902964174298,0.75,4.65744193518005e-39,162.015518984795,0,1.30786041273933e-34,0,0,0,-9.26737123349973,0,0.408637877535328,0,0,0,0,0,0,0,0,0,0,0,0
"81",-95.8422482193178,-3.16300954020003,0.397439439718526,-10.1511510455325,-4.59845785510558,0.089179321197384,-30.8206321126866,0.0987562059847867,0.142979201687128,-6.35797925119686e-27,-0.0159712113523763,1.84537934372993e-37,-1.14852141215863,-0.492683743734148,0.00567443628329247,0.931373125374636,0.439436210801016,0.0282937073231517,13.316402843181,-4.00925988255186e-05,0.00246453334376509,0.0441588045760194,-4.03870784797525e-08,3.2775818987371e-07,0,3.72775400798673,0,0,-0.00917559110983263,2.65499664541109e-06,0,-0.39983510462019,0.000164895379809719,-61.8258063345467,-0.39845463157788,0.35154536842212,0,0.00191412,0.00191412,8.72165163035338e-41,0.4,8.94427338958263e-58,0.0152945968532919,0.365,1.58551039509027e-15,45.4106375630479,4.38,0.0573624555517688,47.7181698648756,0.75,4.65744193518005e-39,230.158256407968,0,1.30786041273933e-34,0,0,0,-64.0367073751582,0,0.408637877535328,0,0,0,0,0,0,0,0,0,0,0,0
"82",-102.756546495855,-3.16300954020003,0.397439439718526,-9.23194176647827,-4.59845785510558,0.089179321197384,-32.0249239854594,0.0987562059847867,0.142979201687128,2.72259906024681e-27,-0.0159712113523763,1.84537934372993e-37,-1.0505253657881,-0.492683743734148,0.00567443628329247,2.60000436213245,0.439436210801016,0.0282937073231517,21.4942335332474,-4.00925988255186e-05,0.00246453334376509,-0.0126849409956055,-4.03870784797525e-08,3.2775818987371e-07,3.9565989552075e-31,3.72775400798673,0,0,-0.00917559110983263,2.65499664541109e-06,0,-0.39983510462019,0.000164895379809719,-64.2654681956325,-0.39845463157788,0.35154536842212,0,0.00191412,0.00191412,7.60032929160532e-34,0.4,8.94427338958263e-58,0.00637275053974733,0.365,1.58551039509027e-15,41.5436527808534,4.38,0.0573624555517688,49.6011408441833,0.75,4.65744193518005e-39,239.240359068054,0,1.30786041273933e-34,0,0,0,-108.291684606706,0,0.408637877535328,0,0,0,0,0,0,0,0,0,0,0,0
"83",-24.9012609969391,-3.16300954020003,0.397439439718526,-8.34606249368876,-4.59845785510558,0.089179321197384,-5.40079351370553,0.0987562059847867,0.142979201687128,1.81819977742674e-28,-0.0159712113523763,1.84537934372993e-37,-0.955070463201701,-0.492683743734148,0.00567443628329247,3.96549260969199,0.439436210801016,0.0282937073231517,0.675474056796417,-4.00925988255186e-05,0.00246453334376509,-0.0585607540415337,-4.03870784797525e-08,3.2775818987371e-07,-5.15522202677424e-31,3.72775400798673,0,0,-0.00917559110983263,2.65499664541109e-06,0,-0.39983510462019,0.000164895379809719,-10.7079994140307,-0.39845463157788,0.35154536842212,0,0.00191412,0.00191412,-4.4811395395992e-33,0.4,8.94427338958263e-58,0.00250055261928226,0.365,1.58551039509027e-15,37.7721248135539,4.38,0.0573624555517688,8.26460931519176,0.75,4.65744193518005e-39,39.8625528863321,0,1.30786041273933e-34,0,0,0,-20.8588501823487,0,0.408637877535328,0,0,0,0,0,0,0,0,0,0,0,0
"84",-9.18355438833511,-3.16300954020003,0.397439439718526,-7.56904018939045,-4.59845785510558,0.089179321197384,-0.356784540633853,0.0987562059847867,0.142979201687128,0,-0.0159712113523763,1.84537934372993e-37,-0.86335046980121,-0.492683743734148,0.00567443628329247,3.7647919820252,0.439436210801016,0.0282937073231517,-3.49995968525591,-4.00925988255186e-05,0.00246453334376509,-0.0284468118361682,-4.03870784797525e-08,3.2775818987371e-07,-8.86034111773478e-32,3.72775400798673,0,0,-0.00917559110983263,2.65499664541109e-06,0,-0.39983510462019,0.000164895379809719,-0.57370224755561,-0.39845463157788,0.35154536842212,0,0.00191412,0.00191412,3.61431137885825e-33,0.4,8.94427338958263e-58,0.0009311006793332,0.365,1.58551039509027e-15,34.1460159707711,4.38,0.0573624555517688,0.442792790320986,0.75,4.65744193518005e-39,2.1357151135277,0,1.30786041273933e-34,0,0,0,-1.1902902129531,0,0.408637877535328,0,0,0,0,0,0,0,0,0,0,0,0
"85",-7.54763998397663,-3.16300954020003,0.397439439718526,-6.82046700562752,-4.59845785510558,0.089179321197384,-0.0731443741164231,0.0987562059847867,0.142979201687128,0,-0.0159712113523763,1.84537934372993e-37,-0.776273454547798,-0.492683743734148,0.00567443628329247,3.40475120021444,0.439436210801016,0.0282937073231517,-3.39644434041291,-4.00925988255186e-05,0.00246453334376509,-0.0107419722084178,-4.03870784797525e-08,3.2775818987371e-07,5.17505768441592e-31,3.72775400798673,0,0,-0.00917559110983263,2.65499664541109e-06,0,-0.39983510462019,0.000164895379809719,-0.01750425155938,-0.39845463157788,0.35154536842212,0,0.00191412,0.00191412,0,0.4,8.94427338958263e-58,0.000331327571606689,0.365,1.58551039509027e-15,30.7025749574228,4.38,0.0573624555517688,0.0135100680253518,0.75,4.65744193518005e-39,0.0651628867886822,0,1.30786041273933e-34,0,0,0,-0.0373352270200828,0,0.408637877535328,0,0,0,0,0,0,0,0,0,0,0,0
"86",-6.74186144731362,-3.16300954020003,0.397439439718526,-6.10786081540364,-4.59845785510558,0.089179321197384,-0.0578365594699883,0.0987562059847867,0.142979201687128,0,-0.0159712113523763,1.84537934372993e-37,-0.694455995729853,-0.492683743734148,0.00567443628329247,3.05225158917535,0.439436210801016,0.0282937073231517,-3.05207364883103,-4.00925988255186e-05,0.00246453334376509,-0.00335425313765648,-4.03870784797525e-08,3.2775818987371e-07,-5.82580464610907e-31,3.72775400798673,0,0,-0.00917559110983263,2.65499664541109e-06,0,-0.39983510462019,0.000164895379809719,-0.000369416350290963,-0.39845463157788,0.35154536842212,0,0.00191412,0.00191412,0,0.4,8.94427338958263e-58,0.000113330221643764,0.365,1.58551039509027e-15,27.4667763734435,4.38,0.0573624555517688,0.000285121589591502,0.75,4.65744193518005e-39,0.00137522222898477,0,1.30786041273933e-34,0,0,0,-0.000799753855306419,0,0.408637877535328,0,0,0,0,0,0,0,0,0,0,0,0
"87",-6.00681206056729,-3.16300954020003,0.397439439718526,-5.44026807670523,-4.59845785510558,0.089179321197384,-0.0513299635511532,0.0987562059847867,0.142979201687128,3.94469044998526e-30,-0.0159712113523763,1.84537934372993e-37,-0.618256913803743,-0.492683743734148,0.00567443628329247,2.71993660884182,0.439436210801016,0.0282937073231517,-2.71993371803125,-4.00925988255186e-05,0.00246453334376509,-0.000394817848284591,-4.03870784797525e-08,3.2775818987371e-07,1.14172952640077e-30,3.72775400798673,0,0,-0.00917559110983263,2.65499664541109e-06,0,-0.39983510462019,0.000164895379809719,-5.94631631391241e-06,-0.39845463157788,0.35154536842212,0,0.00191412,0.00191412,5.8895864834583e-42,0.4,8.94427338958263e-58,3.74282882223907e-05,0.365,1.58551039509027e-15,24.453051845035,4.38,0.0573624555517688,4.58946418276863e-06,0.75,4.65744193518005e-39,2.21362863903623e-05,0,1.30786041273933e-34,0,0,0,-1.29927629366138e-05,0,0.408637877535328,0,0,0,0,0,0,0,0,0,0,0,0
"88",-5.32474851204339,-3.16300954020003,0.397439439718526,-4.82164432388372,-4.59845785510558,0.089179321197384,-0.0454801155683249,0.0987562059847867,0.142979201687128,-7.47510414391473e-30,-0.0159712113523763,1.84537934372993e-37,-0.547827994293033,-0.492683743734148,0.00567443628329247,2.41120023918397,0.439436210801016,0.0282937073231517,-2.41120020128315,-4.00925988255186e-05,0.00246453334376509,0.000756154902606804,-4.03870784797525e-08,3.2775818987371e-07,-1.64062419584351e-30,3.72775400798673,0,0,-0.00917559110983263,2.65499664541109e-06,0,-0.39983510462019,0.000164895379809719,-7.74754569538255e-08,-0.39845463157788,0.35154536842212,0,0.00191412,0.00191412,-2.64310944818711e-40,0.4,8.94427338958263e-58,1.19733696664115e-05,0.365,1.58551039509027e-15,21.6674963905135,4.38,0.0573624555517688,5.97963757070287e-08,0.75,4.65744193518005e-39,2.88414866102731e-07,0,1.30786041273933e-34,0,0,0,-1.70346397333165e-07,0,0.408637877535328,0,0,0,0,0,0,0,0,0,0,0,0
"89",-4.69725983372936,-3.16300954020003,0.397439439718526,-4.25303205011518,-4.59845785510558,0.089179321197384,-0.0401118672879456,0.0987562059847867,0.142979201687128,5.28202623121937e-30,-0.0159712113523763,1.84537934372993e-37,-0.483165486722309,-0.492683743734148,0.00567443628329247,2.12710310629762,0.439436210801016,0.0282937073231517,-2.12710310587982,-4.00925988255186e-05,0.00246453334376509,0.00117416248404534,-4.03870784797525e-08,3.2775818987371e-07,1.09417225394955e-30,3.72775400798673,0,0,-0.00917559110983263,2.65499664541109e-06,0,-0.39983510462019,0.000164895379809719,-8.50775877636767e-10,-0.39845463157788,0.35154536842212,0,0.00191412,0.00191412,2.49389343461121e-40,0.4,8.94427338958263e-58,3.71830276020384e-06,0.365,1.58551039509027e-15,19.1099949195108,4.38,0.0573624555517688,6.56263399206911e-10,0.75,4.65744193518005e-39,3.16534435695132e-09,0,1.30786041273933e-34,0,0,0,-1.87797847138576e-09,0,0.408637877535328,0,0,0,0,0,0,0,0,0,0,0,0
"90",-4.12408449577731,-3.16300954020003,0.397439439718526,-3.73385063352785,-4.59845785510558,0.089179321197384,-0.0352128125674521,0.0987562059847867,0.142979201687128,-1.64848216650693e-30,-0.0159712113523763,1.84537934372993e-37,-0.424154173104335,-0.492683743734148,0.00567443628329247,1.86757156761236,0.439436210801016,0.0282937073231517,-1.86757156760832,-4.00925988255186e-05,0.00246453334376509,0.00129250169674692,-4.03870784797525e-08,3.2775818987371e-07,-4.48701900292256e-31,3.72775400798673,0,0,-0.00917559110983263,2.65499664541109e-06,0,-0.39983510462019,0.000164895379809719,-7.69446456278094e-12,-0.39845463157788,0.35154536842212,0,0.00191412,0.00191412,-7.69479992038057e-44,0.4,8.94427338958263e-58,1.12252077310607e-06,0.365,1.58551039509027e-15,16.7760019095553,4.38,0.0573624555517688,6.24171570681549e-12,0.75,4.65744193518005e-39,3.01055637327012e-11,0,1.30786041273933e-34,0,0,0,-1.79371438043033e-11,0,0.408637877535328,0,0,0,0,0,0,0,0,0,0,0,0
"91",-3.60369945704972,-3.16300954020003,0.397439439718526,-3.26258018065564,-4.59845785510558,0.089179321197384,-0.0307669395969032,0.0987562059847867,0.142979201687128,-5.56198956278323e-31,-0.0159712113523763,1.84537934372993e-37,-0.370601632562651,-0.492683743734148,0.00567443628329247,1.63193238204116,0.439436210801016,0.0282937073231517,-1.63193238204101,-4.00925988255186e-05,0.00246453334376509,0.00128458342670819,-4.03870784797525e-08,3.2775818987371e-07,1.083179422501e-31,3.72775400798673,0,0,-0.00917559110983263,2.65499664541109e-06,0,-0.39983510462019,0.000164895379809719,0,-0.39845463157788,0.35154536842212,0,0.00191412,0.00191412,7.13221092762788e-44,0.4,8.94427338958263e-58,3.29707489840821e-07,0.365,1.58551039509027e-15,14.6579106512436,4.38,0.0573624555517688,5.25455818822261e-14,0.75,4.65744193518005e-39,2.53442232638042e-13,0,1.30786041273933e-34,0,0,0,-1.38368773865178e-13,0,0.408637877535328,0,0,0,0,0,0,0,0,0,0,0,0
"92",-3.13387010022262,-3.16300954020003,0.397439439718526,-2.83713991924433,-4.59845785510558,0.089179321197384,-0.0267539547953975,0.0987562059847867,0.142979201687128,-4.34561904514192e-31,-0.0159712113523763,1.84537934372993e-37,-0.322263424783664,-0.492683743734148,0.00567443628329247,1.41918031511753,0.439436210801016,0.0282937073231517,-1.41918031511768,-4.00925988255186e-05,0.00246453334376509,0.00122071099053052,-4.03870784797525e-08,3.2775818987371e-07,-7.6398743692295e-32,3.72775400798673,0,0,-0.00917559110983263,2.65499664541109e-06,0,-0.39983510462019,0.000164895379809719,0,-0.39845463157788,0.35154536842212,0,0.00191412,0.00191412,2.21658207304124e-45,0.4,8.94427338958263e-58,9.42629998373774e-08,0.365,1.58551039509027e-15,12.7460543692096,4.38,0.0573624555517688,3.97980669166003e-16,0.75,4.65744193518005e-39,1.9195735536116e-15,0,1.30786041273933e-34,0,0,0,0,0,0.408637877535328,0,0,0,0,0,0,0,0,0,0,0,0
"93",-2.71195026870121,-3.16300954020003,0.397439439718526,-2.45510910378821,-4.59845785510558,0.089179321197384,-0.0231507383143756,0.0987562059847867,0.142979201687128,9.08291029406184e-31,-0.0159712113523763,1.84537934372993e-37,-0.278861060837289,-0.492683743734148,0.00567443628329247,1.22811997308909,0.439436210801016,0.0282937073231517,-1.22811997308899,-4.00925988255186e-05,0.00246453334376509,0.00113084238990393,-4.03870784797525e-08,3.2775818987371e-07,1.00969711249188e-31,3.72775400798673,0,0,-0.00917559110983263,2.65499664541109e-06,0,-0.39983510462019,0.000164895379809719,0,-0.39845463157788,0.35154536842212,0,0.00191412,0.00191412,0,0.4,8.94427338958263e-58,2.62368110795852e-08,0.365,1.58551039509027e-15,11.0294187530143,4.38,0.0573624555517688,2.74737236838469e-18,0.75,4.65744193518005e-39,1.32513555314845e-17,0,1.30786041273933e-34,0,0,0,0,0,0.408637877535328,0,0,0,0,0,0,0,0,0,0,0,0
"94",-2.33505520832054,-3.16300954020003,0.397439439718526,-2.1138636462358,-4.59845785510558,0.089179321197384,-0.0199324001235159,0.0987562059847867,0.142979201687128,0,-0.0159712113523763,1.84537934372993e-37,-0.240094729068128,-0.492683743734148,0.00567443628329247,1.05744643968815,0.439436210801016,0.0282937073231517,-1.05744643968814,-4.00925988255186e-05,0.00246453334376509,0.0010292331406515,-4.03870784797525e-08,3.2775818987371e-07,0,3.72775400798673,0,0,-0.00917559110983263,2.65499664541109e-06,0,-0.39983510462019,0.000164895379809719,0,-0.39845463157788,0.35154536842212,0,0.00191412,0.00191412,8.47845605847834e-50,0.4,8.94427338958263e-58,7.10957619466203e-09,0.365,1.58551039509027e-15,9.49614587152604,4.38,0.0573624555517688,1.74704202985595e-20,0.75,4.65744193518005e-39,8.42647884144293e-20,0,1.30786041273933e-34,0,0,0,0,0,0.408637877535328,0,0,0,0,0,0,0,0,0,0,0,0
"95",-2.00016976219821,-3.16300954020003,0.397439439718526,-1.81066615537838,-4.59845785510558,0.089179321197384,-0.0170730370326835,0.0987562059847867,0.142979201687128,2.54411071112068e-30,-0.0159712113523763,1.84537934372993e-37,-0.205652413923539,-0.492683743734148,0.00567443628329247,0.905795192653644,0.439436210801016,0.0282937073231517,-0.905795192653756,-4.00925988255186e-05,0.00246453334376509,0.000924229929365949,-4.03870784797525e-08,3.2775818987371e-07,1.64077022765619e-31,3.72775400798673,0,0,-0.00917559110983263,2.65499664541109e-06,0,-0.39983510462019,0.000164895379809719,0,-0.39845463157788,0.35154536842212,0,0.00191412,0.00191412,-1.94274743640199e-46,0.4,8.94427338958263e-58,1.87541959044829e-09,0.365,1.58551039509027e-15,8.13389502569096,4.38,0.0573624555517688,1.03242879849888e-22,0.75,4.65744193518005e-39,4.97973730835654e-22,0,1.30786041273933e-34,0,0,0,0,0,0.408637877535328,0,0,0,0,0,0,0,0,0,0,0,0
"96",-1.70422370388104,-3.16300954020003,0.397439439718526,-1.54273009345781,-4.59845785510558,0.089179321197384,-0.014546290652581,0.0987562059847867,0.142979201687128,-4.82184911392929e-30,-0.0159712113523763,1.84537934372993e-37,-0.175216616734847,-0.492683743734148,0.00567443628329247,0.771776688898998,0.439436210801016,0.0282937073231517,-0.771776688898843,-4.00925988255186e-05,0.00246453334376509,0.000823284339648374,-4.03870784797525e-08,3.2775818987371e-07,-3.10934330993337e-31,3.72775400798673,0,0,-0.00917559110983263,2.65499664541109e-06,0,-0.39983510462019,0.000164895379809719,0,-0.39845463157788,0.35154536842212,0,0.00191412,0.00191412,1.55651856240171e-48,0.4,8.94427338958263e-58,4.81511183890012e-10,0.365,1.58551039509027e-15,6.93010862511666,4.38,0.0573624555517688,5.71290404507075e-25,0.75,4.65744193518005e-39,2.74640099426217e-24,0,1.30786041273933e-34,0,0,0,0,0,0.408637877535328,0,0,0,0,0,0,0,0,0,0,0,0
"97",-1.4441558933551,-3.16300954020003,0.397439439718526,-1.30727214001302,-4.59845785510558,0.089179321197384,-0.0123257746640863,0.0987562059847867,0.142979201687128,2.78760536590926e-30,-0.0159712113523763,1.84537934372993e-37,-0.148469502432874,-0.492683743734148,0.00567443628329247,0.654006082792892,0.439436210801016,0.0282937073231517,-0.654006082793019,-4.00925988255186e-05,0.00246453334376509,0.00074002557298312,-4.03870784797525e-08,3.2775818987371e-07,1.6980416435968e-31,3.72775400798673,0,0,-0.00917559110983263,2.65499664541109e-06,0,-0.39983510462019,0.000164895379809719,0,-0.39845463157788,0.35154536842212,0,0.00191412,0.00191412,1.04365967815206e-46,0.4,8.94427338958263e-58,1.203046344475e-10,0.365,1.58551039509027e-15,5.87221576697841,4.38,0.0573624555517688,2.97936202851797e-27,0.75,4.65744193518005e-39,1.80664946255385e-26,0,1.30786041273933e-34,0,0,0,0,0,0.408637877535328,0,0,0,0,0,0,0,0,0,0,0,0
"98",-1.2170021235899,-3.16300954020003,0.397439439718526,-1.10157227311996,-4.59845785510558,0.089179321197384,-0.010385415155114,0.0987562059847867,0.142979201687128,-8.74361153603211e-31,-0.0159712113523763,1.84537934372993e-37,-0.125096998984102,-0.492683743734148,0.00567443628329247,0.551145269881541,0.439436210801016,0.0282937073231517,-0.5511452698815,-4.00925988255186e-05,0.00246453334376509,0.000718266642959896,-4.03870784797525e-08,3.2775818987371e-07,-4.21138158780194e-32,3.72775400798673,0,0,-0.00917559110983263,2.65499664541109e-06,0,-0.39983510462019,0.000164895379809719,0,-0.39845463157788,0.35154536842212,0,0.00191412,0.00191412,6.30032483654777e-47,0.4,8.94427338958263e-58,2.92437054202045e-11,0.365,1.58551039509027e-15,4.94779438073043,4.38,0.0573624555517688,1.47278651020393e-29,0.75,4.65744193518005e-39,-5.32791408047292e-28,0,1.30786041273933e-34,0,0,0,0,0,0.408637877535328,0,0,0,0,0,0,0,0,0,0,0,0
"99",-1.02012901730765,-3.16300954020003,0.397439439718526,-0.923103998054974,-4.59845785510558,0.089179321197384,-0.00869973033272582,0.0987562059847867,0.142979201687128,3.08824844715815e-31,-0.0159712113523763,1.84537934372993e-37,-0.104792166728585,-0.492683743734148,0.00567443628329247,0.462018290454755,0.439436210801016,0.0282937073231517,-0.46201829045486,-4.00925988255186e-05,0.00246453334376509,0.000932582854609804,-4.03870784797525e-08,3.2775818987371e-07,1.9087597688958e-32,3.72775400798673,0,0,-0.00917559110983263,2.65499664541109e-06,0,-0.39983510462019,0.000164895379809719,0,-0.39845463157788,0.35154536842212,0,0.00191412,0.00191412,8.6987227180519e-48,0.4,8.94427338958263e-58,6.91445968982617e-12,0.365,1.58551039509027e-15,4.14470449248755,4.38,0.0573624555517688,6.94201212022544e-32,0.75,4.65744193518005e-39,4.96654480790733e-28,0,1.30786041273933e-34,0,0,0,0,0,0.408637877535328,0,0,0,0,0,0,0,0,0,0,0,0
"100",-0.852157189727737,-3.16300954020003,0.397439439718526,-0.77000733491304,-4.59845785510558,0.089179321197384,-0.00724407076930745,0.0987562059847867,0.142979201687128,6.36710679179659e-32,-0.0159712113523763,1.84537934372993e-37,-0.0872580922519064,-0.492683743734148,0.00567443628329247,0.386071584123112,0.439436210801016,0.0282937073231517,-0.386071584123014,-4.00925988255186e-05,0.00246453334376509,0.00213583333319302,-4.03870784797525e-08,3.2775818987371e-07,5.42389777889975e-34,3.72775400798673,0,0,-0.00917559110983263,2.65499664541109e-06,0,-0.39983510462019,0.000164895379809719,0,-0.39845463157788,0.35154536842212,0,0.00191412,0.00191412,-2.67800055869759e-55,0.4,8.94427338958263e-58,1.58986619287898e-12,0.365,1.58551039509027e-15,3.45120268292235,4.38,0.0573624555517688,3.1429068333924e-34,0.75,4.65744193518005e-39,1.6417778325533e-29,0,1.30786041273933e-34,0,0,0,0,0,0.408637877535328,0,0,0,0,0,0,0,0,0,0,0,0
