"","siderite","FeS","Viv","CaCO3","Apatite"
"1",0.139078296050169,0.00753923610985404,0.0416837110477137,0.457603917487477,7765.57812803665
"2",0.30416109621409,0.0397411351362318,0.0249224410614875,0.338278651033408,1967.48287984928
"3",0.417921414609555,0.0770210221824985,0.0178793437137614,0.279543294299463,986.778906191376
"4",0.51246500863062,0.11596176975219,0.0179656613867746,0.245108512201758,791.184193613063
"5",0.598395580839364,0.157271786825562,0.019584083954923,0.22287079759976,730.584894967698
"6",0.680033017148185,0.202712743513017,0.0214746358534657,0.207611029943073,702.115575522763
"7",0.759260849436742,0.254759834191831,0.0235323721552847,0.196704728014049,689.498122974934
"8",0.836804627479754,0.316780591406885,0.0258222361553773,0.188685309416721,689.004713432864
"9",0.912727165882675,0.393366898363242,0.0283971036875299,0.18266633302429,698.713686606004
"10",0.986633029553405,0.490720716516828,0.0312652878991592,0.178077558120073,716.812689116968
"11",1.0577487562362,0.617004063986944,0.0343806376277985,0.174532237775608,741.244980244657
"12",1.12524218632729,0.78270052789069,0.037647077565454,0.171759704223319,769.633327533426
"13",1.18872846814291,1.00093113023452,0.0409393743570028,0.169570236843347,799.373658113017
"14",1.24815228192377,1.28692949637883,0.0441163993755784,0.16782564031689,827.867189010106
"15",1.30371837809668,1.65746893388484,0.0470460114476834,0.166419915494998,852.877650411566
"16",1.35589638719938,2.13037755658105,0.0496566122294719,0.165264716903017,873.26376149692
"17",1.40539853415357,2.72286928203497,0.0520539536473886,0.164272617907543,890.752688976005
"18",1.4529335094462,3.44846249669982,0.0547608288115563,0.163330206770265,913.657276292647
"19",1.49817610667831,4.30983957548926,0.0589801674721266,0.1622647407646,960.951352234129
"20",1.53688200485901,5.28070368826071,0.0661462102347685,0.160844437612629,1056.00282683272
"21",1.55237643080933,6.25262545481209,0.0738472630965898,0.158761124341968,1170.02466380234
"22",1.50830038311336,6.95288005740946,0.0683363795337373,0.155653577138491,1112.61512752414
"23",1.41836803496865,7.25222229294152,0.0524901251049919,0.151943155899913,904.907981516767
"24",1.33307613097232,7.33021777423633,0.0427606401857983,0.148394718034968,780.847724613456
"25",1.26177955926172,7.28759290316087,0.0379619581422856,0.145147667971554,729.409277971254
"26",1.20230706504853,7.16944407366504,0.0352088646483374,0.14217057351912,707.336253583995
"27",1.15198611633331,7.00258747965812,0.0332685854906236,0.139421691859441,695.149862898981
"28",1.10882093622163,6.80498387664417,0.0317136188578406,0.136867791316678,686.230198505075
"29",1.07139090548723,6.58916047763239,0.0303905986047399,0.134483502190166,678.491712768801
"30",1.03868566523038,6.36407668653149,0.029235283163568,0.132249245137661,671.28336916509
"31",1.00998578859218,6.13627449739893,0.0282147697059642,0.130149631350389,664.396668824857
"32",0.98478078490249,5.91060749848786,0.0273091380707636,0.128172336219331,657.760076888486
"33",0.962693363279975,5.69060167083344,0.0265045570334183,0.126307133302588,651.345040976575
"34",0.943384558342885,5.47846000815075,0.0257892358958182,0.124544842662898,645.136340154205
"35",0.926546671681034,5.27544420680303,0.0251527691968033,0.122877171518946,639.12321568295
"36",0.911902581546532,5.08217580957985,0.0245859426798438,0.121296630460068,633.296576818394
"37",0.899204091159143,4.89884635980281,0.0240806045632404,0.119796452259119,627.648088843314
"38",0.88822978222771,4.72536388315958,0.0236295557236117,0.118370516156695,622.169867197165
"39",0.878782667952976,4.56145472178861,0.0232264481559187,0.117013278844485,616.854369854661
"40",0.870687826246243,4.40673401085124,0.022865690382762,0.115719712434956,611.694355637618
"41",0.863790119762295,4.26075411353613,0.0225423603424681,0.114485249190431,606.682864866636
"42",0.857952061453461,4.12303756524653,0.0222521262316103,0.113305732526267,601.813207752944
"43",0.853051853851579,3.99309914539571,0.0219911753800347,0.112177373694809,597.078955551193
"44",0.848981611249399,3.87046033918789,0.0217561508936905,0.111096713534388,592.473932739532
"45",0.845645762428981,3.75465849648159,0.0215440955792501,0.110060588691546,587.99220960964
"46",0.842959624942672,3.64525231968526,0.0213524025472072,0.109066101771235,583.628095042751
"47",0.840848138448849,3.54182483423304,0.0211787718460178,0.108110594925386,579.376129391007
"48",0.839244743086965,3.44398465555323,0.0210211724825524,0.10719162644705,575.231077437693
"49",0.838090388586793,3.35136612504481,0.0208778092146476,0.106306949991418,571.187921431673
"50",0.83733266024771,3.26362871592268,0.0207470935470009,0.105454496094285,567.241854200296
"51",0.836925008774897,3.18045598779231,0.0206276184137956,0.104632355702358,563.388272348776
"52",0.836826072013234,3.10155428220336,0.0205181360850598,0.103838765468216,559.622769555452
"53",0.836999077747487,3.02665129008876,0.0204175388858095,0.103072094595982,555.941129972507
"54",0.837411317859723,2.955494578695,0.020324842365759,0.102330833052446,552.339321741308
"55",0.838033685205648,2.8878501351902,0.020239170601968,0.101613580982996,548.813490630772
"56",0.838840265565653,2.82350096290675,0.0201597433569365,0.100919039192841,545.359953806159
"57",0.839807977932803,2.76224575148869,0.0200858648503803,0.100246000572063,541.975193734741
"58",0.840916257215767,2.7038976321757,0.0200169139344491,0.099593342358617,538.655852233606
"59",0.842146774162074,2.64828302270514,0.0199523354898146,0.0989600191466637,535.398724663898
"60",0.84348318795156,2.59524056187984,0.0198916328842067,0.098345056559154,532.200754274674
"61",0.844910927477669,2.54462013103451,0.0198343613560056,0.0977475455134254,529.059026698623
"62",0.846416997833174,2.4962819579421,0.0197801222037559,0.097166637017158,525.970764600985
"63",0.847989808953586,2.45009579777923,0.0197285576782941,0.0966015374394208,522.933322482107
"64",0.849619023753572,2.40594018536575,0.0196793464878839,0.0960515042079843,519.944181633351
"65",0.8512954234251,2.3637017528321,0.0196321998386118,0.095515841889672,517.000945245367
"66",0.85301078785696,2.32327460702371,0.0195868579425433,0.0949938986154052,514.101333667113
"67",0.854757789389024,2.28455976124053,0.0195430869350109,0.0944850628158759,511.243179813469
"68",0.856529898335714,2.24746461627068,0.0195006761500647,0.0939887602375196,508.424424718832
"69",0.858321298906079,2.21190248607197,0.0194594357097542,0.0935044512117565,505.643113233726
"70",0.860126814315992,2.17779216385704,0.0194191943886408,0.0930316281533616,502.89738986105
"71",0.861941840034731,2.14505752472917,0.0193797977199134,0.0925698132663745,500.185494728453
"72",0.863762284236278,2.11362716138856,0.0193411063137798,0.0921185564382178,497.505759693043
"73",0.86558451463757,2.08343404977447,0.0193029943625373,0.0916774333046897,494.856604574532
"74",0.867405311003702,2.05441524182744,0.0192653483099651,0.0912460434702653,492.236533512877
"75",0.869221822685512,2.02651158284436,0.0192280656654866,0.0908240088697038,489.644131446381
"76",0.871031530630022,1.99966745116078,0.0191910539459973,0.0904109722583702,487.078060706282
"77",0.872832213369606,1.97383051812894,0.0191542297303737,0.0900065958199089,484.537057723876
"78",0.874621916553392,1.94895152656956,0.0191175178135311,0.0896105598810282,482.019929846337
"79",0.876398925634778,1.92498408606227,0.0190808504485076,0.0892225617241316,479.525552257455
"80",0.878161741373382,1.90188448360613,0.0190441666664601,0.0888423144894353,477.052864999717
"81",0.879909057848548,1.87961150832896,0.0190074116656827,0.0884695461589791,474.60087009424
"82",0.881639742716057,1.85812628905613,0.0189705362618329,0.0881039986156795,472.168628755291
"83",0.883352819469611,1.83739214366585,0.0189334963924874,0.0877454267711781,469.75525869625
"84",0.885047451495578,1.81737443926167,0.0188962526699735,0.0873935977568401,467.359931524121
"85",0.886722927732721,1.79804046228549,0.0188587699771387,0.0870482901727515,464.981870219809
"86",0.888378649769564,1.77935929777628,0.0188210171013562,0.0867092933900424,462.620346701623
"87",0.890014120230277,1.76130171705306,0.0187829664026152,0.0863764069022695,460.274679469624
"88",0.891628932316269,1.74384007316623,0.0187445935120343,0.0860494397219815,457.944231328603
"89",0.893222760384903,1.72694820351962,0.0187058770575615,0.0857282098189124,455.628407187635
"90",0.894795351459721,1.71060133911851,0.0186667984140056,0.0854125435965829,453.326651934358
"91",0.896346517577522,1.69477601994519,0.0186273414748684,0.0851022754043344,451.038448382189
"92",0.89787612888805,1.67945001600707,0.0185874924437459,0.0847972470821112,448.763315288897
"93",0.899384107430585,1.66460225363921,0.0185472396433187,0.0844973075354974,446.500805444993
"94",0.900870421519879,1.65021274667867,0.0185065733401803,0.0842023123387491,444.25050383058
"95",0.902335080680882,1.63626253215855,0.0184654855839514,0.0839121233637416,442.012025839305
"96",0.903778131077945,1.62273361019829,0.0184239700593056,0.083626608432923,439.785015568195
"97",0.905199651389724,1.60960888779184,0.0183820219496828,0.0833456409945154,437.569144172175
"98",0.906599749086186,1.59687212621929,0.0183396378116099,0.0830690998183635,435.364108282138
"99",0.907978557068354,1.58450789182832,0.0182968154586618,0.082796868710941,433.169628485417
"100",0.909336230635529,1.57250150995138,0.0182535538542083,0.0825288362481539,430.985447867604
"101",0.91067294474828,1.56083902174209,0.0182098530121812,0.0822648955246855,428.811330614592
"102",0.911988891558594,1.54950714373081,0.0181657139051817,0.0820049439187233,426.64706067376
"103",0.913284278181566,1.53849322991398,0.0181211383793192,0.0817488828710064,424.492440473187
"104",0.914559324685369,1.52778523620543,0.018076129075237,0.0814966176771985,422.347289697788
"105",0.915814262278705,1.51737168709056,0.0180306893548364,0.0812480572926833,420.211444121191
"106",0.917049331676915,1.50724164433574,0.0179848232332602,0.0810031141489421,418.084754492208
"107",0.918264781629718,1.49738467761584,0.0179385353157421,0.0807617039807292,415.967085474674
"108",0.919460867595334,1.48779083693264,0.0178918307389629,0.0805237456633335,413.858314639411
"109",0.920637850547024,1.47845062670588,0.0178447151165921,0.0802891610592506,411.75833150702
"110",0.921795995899716,1.46935498142714,0.0177971944887215,0.0800578748736596,409.66703664022
"111",0.92293557254524,1.46049524277421,0.0177492752749224,0.0798298145181206,407.584340784331
"112",0.924056851986051,1.45186313809098,0.0177009642306843,0.079604909981969,405.510164054561
"113",0.925160107558159,1.44345076014445,0.0176522684070101,0.0793830937109112,403.444435168641
"114",0.926245613734906,1.4352505480763,0.0176031951129621,0.0791643004923647,401.387090723399
"115",0.927313645504008,1.42725526947257,0.01755375188097,0.0789484673471184,399.338074513772
"116",0.928364477810959,1.41945800347974,0.0175039464347238,0.0787355334269121,397.297336892785
"117",0.929398385062653,1.41185212490085,0.0174537866594913,0.0785254399175765,395.264834171006
"118",0.930415640685522,1.40443128920947,0.0174032805747045,0.0783181299473829,393.240528053934
"119",0.931416516733074,1.39718941842357,0.0173524363086769,0.0781135485002865,391.224385115822
"120",0.932401283538259,1.39012068778559,0.0173012620753173,0.0779116423337697,389.216376308421
"121",0.933370209406377,1.38321951319795,0.0172497661527155,0.0777123599010022,387.216476503114
"122",0.934323560344755,1.37648053936731,0.0171979568634841,0.0775156512770633,385.224664064945
"123",0.935261599825736,1.3698986286136,0.0171458425567454,0.0773214680889866,383.240920457057
"124",0.936184588579748,1.36346885030275,0.0170934315916598,0.077129763449395,381.265229874051
"125",0.937092784415752,1.35718647086505,0.0170407323223975,0.0769404918935268,379.297578902844
"126",0.937986442066292,1.35104694436321,0.0169877530844614,0.0767536093194442,377.337956209562
"127",0.938865813054913,1.3450459035768,0.0169345021822719,0.0765690729312498,375.38635225112
"128",0.939731145583745,1.3391791515718,0.0168809878779329,0.0763868411851328,373.44275901009
"129",0.94058268443935,1.33344265372617,0.016827218381098,0.0762068737380904,371.507169751566
"130",0.941420670914984,1.32783253018394,0.0167732018398642,0.076029131399166,369.579578800712
"131",0.942245342747726,1.32234504871241,0.0167189463326214,0.0758535760830674,367.659981339765
"132",0.943056934069023,1.31697661793867,0.0166644598607921,0.0756801707660357,365.748373223295
"133",0.943855675367233,1.31172378094269,0.0166097503423968,0.075508879443833,363.844750810543
"134",0.944641793461029,1.30658320918647,0.0165548256063861,0.0753396670917372,361.949110813741
"135",0.945415511482571,1.30155169675936,0.0164996933876841,0.0751724996264377,360.061450161346
"136",0.946177048869357,1.29662615492128,0.0164443613228866,0.0750073438697205,358.181765875152
"137",0.946926621363957,1.29180360692663,0.0163888369465683,0.0748441675138564,356.310054960325
"138",0.9476644410207,1.28708118311261,0.016333127688147,0.0746829390885935,354.44631430741
"139",0.948390716218622,1.28245611623713,0.0162772408692636,0.0745236279296736,352.590540605445
"140",0.949105651679968,1.27792573705179,0.016221183701634,0.0743662041487899,350.742730265332
"141",0.949809448493636,1.27348747009685,0.0161649632853338,0.0742106386049141,348.902879352686
"142",0.950502304142984,1.26913882970557,0.0161085866074797,0.0740569028769166,347.070983529389
"143",0.951184412537505,1.26487741620634,0.0160520605412713,0.0739049692374187,345.247038003178
"144",0.951855964047855,1.26070091231147,0.0159953918453622,0.0737548106278069,343.431037484554
"145",0.952517145543896,1.25660707968235,0.015938587163529,0.0736064006343592,341.622976150443
"146",0.953168140435287,1.25259375566134,0.0158816530246106,0.0734597134654182,339.822847613972
"147",0.953809128714302,1.24865885016117,0.0158245958426917,0.0733147239295638,338.030644899856
"148",0.954440287000594,1.24480034270334,0.0157674219175037,0.073171407414735,336.246360424843
"149",0.955061788587553,1.24101627959749,0.0157101374350235,0.073029739868251,334.469985982773
"150",0.95567380349004,1.23730477125406,0.0156527484682464,0.0728896977776897,332.701512733787
"151",0.956276498493276,1.2336639896232,0.0155952609781146,0.0727512581525829,330.940931197288
"152",0.956870037202613,1.23009216575317,0.0155376808145825,0.0726143985068832,329.188231248244
"153",0.957454580094062,1.226587587462,0.0154800137178033,0.0724790968421712,327.443402116519
"154",0.958030284565368,1.22314859711643,0.0154222653194196,0.0723453316315645,325.70643238887
"155",0.958597304987484,1.21977358951225,0.0153644411439455,0.0722130818042946,323.977310013311
"156",0.959155792756277,1.2164610098512,0.0153065466102258,0.0720823267309196,322.256022305596
"157",0.959705896344415,1.2132093518093,0.0152485870329618,0.0719530462091468,320.542555957522
"158",0.960247761353225,1.21001715569174,0.0151905676242914,0.0718252204502307,318.83689704685
"159",0.96078153056449,1.20688300667018,0.0151324934954133,0.0716988300659234,317.139031048611
"160",0.961307343992057,1.20380553309806,0.0150743696582491,0.0715738560559502,315.448942847615
"161",0.961825338933201,1.20078340490008,0.0150162010271304,0.0714502797959874,313.766616751959
"162",0.962335650019671,1.19781533203223,0.014957992420508,0.0713280830261193,312.092036507413
"163",0.962838409268273,1.19490006300857,0.0148997485626724,0.0712072478397468,310.42518531248
"164",0.963333746131113,1.19203638349182,0.0148414740854838,0.0710877566729396,308.766045834048
"165",0.963821787545254,1.18922311494434,0.0147831735301016,0.0709695922941991,307.114600223486
"166",0.964302657981861,1.18645911333665,0.0147248513487122,0.0708527377946202,305.470830133075
"167",0.964776479494758,1.18374326791065,0.0146665119062485,0.0707371765784331,303.834716732681
"168",0.965243371768368,1.18107449999498,0.0146081594820983,0.0706228923539073,302.206240726587
"169",0.965703452165041,1.17845176187022,0.0145497982717978,0.0705098691246057,300.585382370398
"170",0.966156835771647,1.17587403568053,0.0144914323887071,0.0703980911809644,298.972121487942
"171",0.966603635445553,1.17334033239099,0.0144330658656657,0.0702875430921957,297.366437488132
"172",0.967043961859836,1.17084969078742,0.0143747026566244,0.0701782096984897,295.768309381699
"173",0.967477923547833,1.16840117651725,0.0143163466382536,0.0700700761035109,294.177715797778
"174",0.967905626946907,1.16599388116908,0.0142580016115243,0.0699631276671676,292.594635000282
"175",0.968327176441497,1.16362692138952,0.0141996713032618,0.06985734999865,291.019044904053
"176",0.96874267440545,1.16129943803537,0.0141413593676704,0.0697527289497238,289.450923090726
"177",0.969152221243544,1.15901059535954,0.0140830693878282,0.0696492506082639,287.890246824311
"178",0.969555915432322,1.15675958022931,0.0140248048771513,0.0695469012920254,286.336993066457
"179",0.969953853560132,1.15454560137522,0.0139665692808272,0.0694456675426362,284.791138491369
"180",0.970346130366438,1.15236788866975,0.0139083659772161,0.0693455361198041,283.252659500385
"181",0.970732838780373,1.15022569243329,0.0138501982792204,0.0692464939957301,281.721532236177
"182",0.971114069958545,1.14811828276763,0.0137920694356233,0.069148528349717,280.197732596594
"183",0.971489913322117,1.14604494891478,0.0137339826323942,0.0690516265629688,278.681236248108
"184",0.971860456593143,1.14400499864037,0.013675940993963,0.0689557762135703,277.172018638885
"185",0.972225785830175,1.14199775764045,0.0136179475844625,0.0688609650716396,275.670055011466
"186",0.972585985463156,1.14002256897073,0.0135600054089399,0.0687671810946489,274.17532041506
"187",0.972941138327582,1.13807879249716,0.0135021174145368,0.0686744124229023,272.68778971744
"188",0.973291325697993,1.13616580436718,0.0134442864916387,0.0685826473751711,271.207437616467
"189",0.973636627320753,1.13428299650045,0.0133865154749949,0.0684918744444736,269.734238651219
"190",0.97397712144612,1.13242977609843,0.0133288071448076,0.068402082293996,268.268167212745
"191",0.974312884859688,1.13060556517204,0.0132711642277936,0.0683132597531513,266.809197554442
"192",0.974643992913111,1.12880980008675,0.0132135893982158,0.0682253958137661,265.357303802066
"193",0.974970519554229,1.12704193112347,0.013156085278888,0.0681384796263954,263.912459963384
"194",0.975292537356497,1.12530142205591,0.013098654442152,0.0680525004967555,262.474639937459
"195",0.975610117547812,1.12358774974299,0.0130412994108282,0.0679674478822738,261.043817523605
"196",0.97592333003871,1.12190040373574,0.0129840226591397,0.0678833113887494,259.619966429984
"197",0.976232243449934,1.12023888589816,0.0129268266136119,0.0678000807671201,258.203060281886
"198",0.976536925139442,1.11860271004152,0.0128697136539476,0.0677177459103345,256.793072629677
"199",0.976837441228786,1.11699140157143,0.0128126861138768,0.0676362968503197,255.38997695644
"200",0.977133856628908,1.11540449714725,0.0127557462819849,0.0675557237550453,253.993746685298
"201",0.977426235065433,1.11384154435338,0.0126988964025172,0.0674760169256813,252.604355186459
"202",0.977714639103316,1.11230210138187,0.0126421386761622,0.0673971667938393,251.221775783952
"203",0.977999130170999,1.11078573672591,0.012585475260813,0.0673191639189018,249.8459817621
"204",0.978279768584052,1.10929202888423,0.0125289082723089,0.0672419989854341,248.476946371715
"205",0.97855661356822,1.10782056607452,0.0124724397851563,0.0671656628006696,247.114642836034
"206",0.978829723282017,1.10637094595745,0.0124160718332307,0.0670901462920752,245.759044356397
"207",0.979099154838807,1.10494277536968,0.0123598064104604,0.0670154405049882,244.410124117692
"208",0.979364964328381,1.10353567006588,0.0123036454714913,0.0669415366003233,243.06785529355
"209",0.97962720683805,1.10214925446925,0.0122475909323349,0.066868425852345,241.732211051323
"210",0.979885936473293,1.10078316143034,0.0121916446709996,0.0667960996465091,240.403164556838
"211",0.980141206377917,1.09943703199388,0.012135808528105,0.066724549477363,239.08068897894
"212",0.980393068753785,1.09811051517312,0.0120800843074815,0.066653766946509,237.76475749383
"213",0.980641574880085,1.09680326773171,0.0120244737767536,0.0665837437606232,236.455343289212
"214",0.980886775132191,1.09551495397245,0.0119689786679096,0.0665144717295337,235.152419568243
"215",0.981128719000101,1.09424524553309,0.0119136006778567,0.066445942764351,233.85595955331
"216",0.981367455106423,1.09299382118851,0.0118583414689626,0.066378148875649,232.565936489624
"217",0.98160303122402,1.09176036665932,0.0118032026695842,0.0663110821717002,231.282323648655
"218",0.981835494293216,1.0905445744269,0.011748185874583,0.0662447348567565,230.005094331399
"219",0.982064890438649,1.08934614355325,0.0116932926458294,0.066179099229378,228.734221871494
"220",0.982291264985695,1.08816477950742,0.0116385245126943,0.0661141676808049,227.469679638183
"221",0.982514662476612,1.08700019399725,0.0115838829725299,0.066049932693378,226.211441039144
"222",0.982735126686236,1.08585210480617,0.0115293694911398,0.0659863868389949,224.95947952317
"223",0.982952700637372,1.08472023563521,0.0114749855032376,0.065923522777611,223.713768582729
"224",0.983167426615865,1.08360431594981,0.011420732412897,0.0658613332557803,222.474281756394
"225",0.983379346185264,1.08250408083137,0.011366611593991,0.0657998111052303,221.24099263115
"226",0.98358850020123,1.08141927083331,0.0113126243906216,0.0657389492414762,220.013874844589
"227",0.983794928825578,1.08034963184159,0.0112587721175418,0.0656787406624703,218.792902086995
"228",0.983998671540066,1.07929491493938,0.0112050560605675,0.0656191784472867,217.578048103324
"229",0.984199767159772,1.0782548762758,0.0111514774769817,0.0655602557548337,216.36928669507
"230",0.984398253846314,1.07722927693873,0.0110980375959305,0.0655019658226066,215.166591722056
"231",0.984594169120643,1.07621788283124,0.0110447376188116,0.0654443019654626,213.969937104113
"232",0.984787549875659,1.07522046455184,0.010991578719655,0.0653872575744324,212.779296822677
"233",0.984978432388486,1.07423679727823,0.0109385620454965,0.0653308261155566,211.594644922307
"234",0.985166852332494,1.0732666606544,0.0108856887167445,0.0652750011287512,210.415955512105
"235",0.985352844789071,1.0723098386812,0.0108329598275399,0.0652197762267009,209.243202767079
"236",0.985536444259112,1.07136611960995,0.0107803764461098,0.0651651450937766,208.076360929413
"237",0.985717684674274,1.07043529583922,0.0107279396151142,0.0651111014849801,206.915404309674
"238",0.985896599407979,1.06951716381461,0.0106756503519878,0.0650576392249121,205.760307287952
"239",0.986073221286175,1.06861152393133,0.0106235096492749,0.0650047522067641,204.611044314923
"240",0.986247582597859,1.06771818043971,0.0105715184749592,0.0649524343913331,203.46758991286
"241",0.986419715105395,1.06683694135368,0.0105196777727877,0.0649006798060599,202.329918676568
"242",0.986589650054548,1.06596761836072,0.0104679884625888,0.0648494825440849,201.198005274264
"243",0.986757418184382,1.06511002673552,0.0104164514405856,0.06479883676333,200.071824448383
"244",0.986923049736877,1.0642639852557,0.0103650675797021,0.0647487366855969,198.951351016323
"245",0.98708657446637,1.06342931611987,0.010313837729864,0.0646991765956861,197.836559871098
"246",0.987248021648776,1.062605844868,0.0102627627182924,0.0646501508405348,196.727425981901
"247",0.987407420090569,1.06179340030382,0.0102118433518221,0.0646016538283692,195.623924433523
"248",0.987564798137859,1.06099181442013,0.0101610804097524,0.064553680027895,194.526030284322
"249",0.987720183684661,1.0602009223247,0.0101104746547854,0.0645062239674632,193.433718770973
"250",0.987873604181618,1.05942056217002,0.0100600268263378,0.064459280234296,192.346965175319
"251",0.988025086644192,1.05865057508319,0.0100097376425885,0.0644128434737043,191.265744858766
"252",0.988174657660803,1.05789080509894,0.00995960780075117,0.0643669083883308,190.190033262661
"253",0.988322343400729,1.05714109909399,0.00990963797734443,0.0643214697374023,189.119805908674
"254",0.988468169621892,1.05640130672334,0.00985982882845919,0.0642765223360017,188.055038399155
"255",0.988612161678432,1.05567128035811,0.00981018099002337,0.0642320610543511,186.995706417468
"256",0.988754344528146,1.0549508750252,0.00976069507806353,0.0641880808171095,185.941785728316
"257",0.988894742739795,1.05423994834846,0.00971137168896359,0.064144576602687,184.893252178031
"258",0.989033380500182,1.05353836049138,0.00966221139972028,0.0641015434425669,183.850081694836
"259",0.989170281621183,1.05284597410148,0.00961321476819615,0.0640589764206463,182.8122502891
"260",0.989305469546519,1.0521626542559,0.00956438233336884,0.0640168706725833,181.779734053548
"261",0.989438967358489,1.05148826840864,0.00951571461557851,0.063975221385162,180.752509163469
"262",0.989570797784481,1.05082268633903,0.00946721211677159,0.0639340237956641,179.730551876891
"263",0.989700983203407,1.05016578010163,0.00941887532074224,0.0638932731912564,178.713838534731
"264",0.989829545651959,1.04951742397733,0.00937070469337106,0.0638529649083851,177.702345560941
"265",0.989956506830772,1.04887749442584,0.00932270068286114,0.0638130943321852,176.696049462618
"266",0.990081888110424,1.04824587003924,0.00927486371997155,0.0637736568958961,175.69492683011
"267",0.990205710537354,1.04762243149684,0.00922719421824837,0.0637346480802918,174.698954337094
"268",0.990327994839595,1.04700706152113,0.00917969257425315,0.0636960634131156,173.708108740642
"269",0.990448761432482,1.04639964483489,0.00913235916778922,0.0636578984685314,172.722366881276
"270",0.990568030424135,1.04580006811927,0.00908519436212528,0.0636201488665771,171.741705682999
"271",0.990685821620916,1.04520821997309,0.009038198504217,0.0635828102726328,170.766102153316
"272",0.990802154532734,1.04462399087301,0.00899137192492615,0.0635458783968951,169.795533383249
"273",0.990917048378247,1.04404727313478,0.00894471493923767,0.0635093489938604,168.829976547321
"274",0.99103052208995,1.0434779608754,0.00889822784647437,0.0634732178618168,167.869408903552
"275",0.991142594319201,1.04291594997626,0.00885191093050976,0.0634374808423458,166.913807793418
"276",0.991253283441085,1.04236113804716,0.00880576445997827,0.0634021338198292,165.963150641822
"277",0.991362607559216,1.04181342439117,0.00875978868848402,0.0633671727209654,165.017414957035
"278",0.991470584510447,1.04127270997048,0.00871398385480711,0.0633325935142939,164.076578330645
"279",0.99157723186946,1.04073889737291,0.00866835018310796,0.0632983922097258,163.140618437479
"280",0.991682566953295,1.04021189077935,0.00862288788312983,0.0632645648580835,162.209513035533
"281",0.991786606825733,1.03969159593194,0.00857759715039916,0.0632311075506434,161.283239965877
"282",0.99188936830169,1.03917792010304,0.00853247816642422,0.0631980164186924,160.361777152565
"283",0.991990867951409,1.03867077206492,0.00848753109889153,0.0631652876330841,159.445102602533
"284",0.99209112210465,1.03817006206016,0.00844275610186076,0.0631329174038053,158.533194405487
"285",0.992190146854758,1.03767570177277,0.00839815331595753,0.0631009019795486,157.626030733785
"286",0.992287958062677,1.03718760430003,0.0083537228685644,0.0630692376472908,156.723589842317
"287",0.992384571360853,1.03670568412491,0.00830946487401005,0.063037920731877,155.825850068373
"288",0.992480002157085,1.03622985708924,0.00826537943375684,0.0630069475956116,154.932789831507
"289",0.992574265638304,1.03576004036739,0.00822146663658615,0.062976314637855,154.044387633399
"290",0.992667376774243,1.03529615244065,0.0081777265587826,0.0629460182946246,153.160622057706
"291",0.992759350321085,1.03483811307219,0.0081341592643158,0.0629160550382044,152.281471769908
"292",0.992850200825002,1.03438584328259,0.00809076480502099,0.0628864213767564,151.406915517161
"293",0.992939942625623,1.03393926532587,0.00804754322077755,0.0628571138539393,150.536932128123
"294",0.993028589859484,1.03349830266622,0.00800449453968605,0.0628281290485337,149.671500512801
"295",0.993116156463353,1.0330628799551,0.0079616187782436,0.0627994635740701,148.810599662377
"296",0.993202656177504,1.03263292300895,0.0079189159415172,0.0627711140784611,147.954208649033
"297",0.99328810254898,1.03220835878742,0.00787638602331602,0.0627430772436437,147.102306625779
"298",0.993372508934699,1.03178911537198,0.00783402900636144,0.0627153497852191,146.254872826269
"299",0.993455888504605,1.03137512194517,0.00779184486245593,0.0626879284521041,145.411886564622
"300",0.993538254244672,1.03096630877021,0.00774983355264997,0.0626608100261816,144.573327235234
"301",0.993619618959897,1.03056260717104,0.00770799502740755,0.0626339913219588,143.739174312587
"302",0.993699995277236,1.03016394951291,0.00766632922677001,0.0626074691862295,142.909407351061
"303",0.993779395648452,1.02977026918333,0.0076248360805183,0.0625812404977386,142.084005984739
"304",0.99385783235296,1.02938150057344,0.00758351550833369,0.0625553021668542,141.262949927208
"305",0.993935317500564,1.02899757905979,0.00754236741995682,0.0625296511352406,140.446218971364
"306",0.99401186303418,1.02861844098657,0.0075013917153453,0.0625042843755373,139.633792989207
"307",0.994087480732499,1.02824402364815,0.00746058828482976,0.0624791988910415,138.82565193164
"308",0.994162182212596,1.02787426527208,0.00741995700926829,0.0624543917153948,138.021775828268
"309",0.994235978932483,1.02750910500235,0.00737949776019933,0.0624298599122724,137.222144787183
"310",0.994308882193632,1.02714848288314,0.00733921039999322,0.0624056005750778,136.426738994764
"311",0.994380903143453,1.02679233984286,0.00729909478200202,0.0623816108266413,135.635538715464
"312",0.994452052777684,1.02644061767845,0.00725915075070792,0.0623578878189187,134.848524291597
"313",0.994522341942807,1.02609325904019,0.00721937814187023,0.0623344287326993,134.065676143128
"314",0.994591781338352,1.02575020741668,0.00717977678267075,0.0623112307773117,133.286974767462
"315",0.994660381519212,1.02541140712021,0.00714034649185779,0.0622882911903375,132.512400739221
"316",0.994728152897867,1.02507680327241,0.00710108707988858,0.0622656072373247,131.741934710038
"317",0.99479510574661,1.02474634179024,0.00706199834907038,0.0622431762115073,130.975557408332
"318",0.994861250199713,1.02441996937222,0.00702308009369998,0.062220995433527,130.213249639095
"319",0.994926596255552,1.02409763348502,0.00698433210020193,0.0621990622511576,129.454992283672
"320",0.99499115377869,1.02377928235022,0.00694575414726513,0.0621773740390329,128.70076629954
"321",0.995054932501948,1.02346486493146,0.00690734600597815,0.0621559281983788,127.950552720091
"322",0.995117942028397,1.02315433092178,0.00686910743996307,0.0621347221567463,127.204332654409
"323",0.995180191833357,1.02284763073126,0.00683103820550791,0.0621137533677492,126.462087287047
"324",0.995241691266337,1.0225447154749,0.00679313805169772,0.0620930193108049,125.72379787781
"325",0.995302449552924,1.0222455369607,0.00675540672054405,0.0620725174908756,124.989445761528
"326",0.995362475796686,1.02195004767808,0.00671784394711336,0.0620522454382157,124.259012347836
"327",0.995421778981005,1.02165820078648,0.00668044945965384,0.0620322007081204,123.532479120948
"328",0.995480367970868,1.02136995010415,0.00664322297972074,0.0620123808806753,122.809827639436
"329",0.99553825151467,1.02108525009726,0.00660616422230074,0.0619927835605129,122.091039536004
"330",0.995595438245946,1.02080405586912,0.00656927289593452,0.0619734063765677,121.376096517267
"331",0.995651936685084,1.02052632314973,0.00653254870283821,0.0619542469818361,120.664980363523
"332",0.995707755241019,1.02025200828542,0.00649599133902355,0.0619353030531381,119.957672928529
"333",0.995762902212887,1.01998106822883,0.00645960049441652,0.0619165722908829,119.254156139278
"334",0.99581738579164,1.01971346052894,0.00642337585297471,0.0618980524188339,118.554411995775
"335",0.99587121406166,1.01944914332141,0.00638731709280352,0.0618797411838802,117.858422570807
"336",0.995924395002323,1.01918807531904,0.00635142388627086,0.0618616363558075,117.166170009725
"337",0.995976936489538,1.01893021580249,0.00631569590012062,0.0618437357270722,116.477636530213
"338",0.996028846297275,1.01867552461109,0.00628013279558486,0.0618260371125791,115.792804422065
"339",0.996080132099043,1.01842396213392,0.00624473422849468,0.0618085383494595,115.111656046963
"340",0.996130801469367,1.01817548930096,0.00620949984938984,0.0617912372968529,114.434173838247
"341",0.996180861885222,1.01793006757452,0.00617442930362707,0.0617741318356907,113.760340300693
"342",0.996230320727442,1.01768765894076,0.00613952223148712,0.0617572198684813,113.090138010288
"343",0.996279185282137,1.01744822590139,0.0061047782682807,0.0617404993190999,112.423549614007
"344",0.996327462742033,1.01721173146556,0.00607019704445287,0.0617239681325768,111.760557829584
"345",0.996375160207825,1.01697813914183,0.00603577818568648,0.0617076242748904,111.101145445292
"346",0.996422284689505,1.01674741293038,0.00600152131300418,0.0616914657327619,110.445295319715
"347",0.996468843107663,1.01651951731532,0.00596742604286945,0.0616754905134522,109.792990381528
"348",0.996514842294754,1.01629441725713,0.00593349198728602,0.0616596966445594,109.144213629272
"349",0.996560288996361,1.01607207818527,0.00589971875389656,0.0616440821738202,108.498948131128
"350",0.996605189872453,1.01585246599097,0.00586610594607986,0.0616286451689139,107.857177024695
"351",0.996649551498543,1.01563554701999,0.00583265316304675,0.0616133837172631,107.21888351677
"352",0.996693380366944,1.01542128806577,0.00579935999993519,0.0615982959258449,106.584050883121
"353",0.996736682887923,1.01520965636245,0.00576622604790389,0.0615833799209973,105.952662468264
"354",0.996779465390831,1.01500061957819,0.00573325089422483,0.0615686338482283,105.324701685247
"355",0.996821734125285,1.01479414580855,0.00570043412237475,0.0615540558720313,104.70015201542
"356",0.996863495262245,1.01459020357,0.00566777531212528,0.0615396441756967,104.078997008219
"357",0.99690475489515,1.01438876179352,0.00563527403963215,0.0615253969611294,103.461220280943
"358",0.996945519040968,1.01418978981838,0.00560292987752308,0.0615113124486658,102.846805518531
"359",0.996985793641289,1.01399325738597,0.00557074239498479,0.0614973888768946,102.235736473346
"360",0.997025584563349,1.01379913463377,0.0055387111578485,0.0614836245024765,101.627996964949
"361",0.997064897601067,1.01360739208941,0.00550683572867478,0.0614700175999687,101.023570879883
"362",0.997103738476064,1.0134180006649,0.00547511566683707,0.0614565664616492,100.422442171454
"363",0.997142112838662,1.01323093165085,0.00544355052860402,0.061443269397344,99.8245948595058
"364",0.99718002626886,1.01304615671091,0.0054121398672211,0.061430124734255,99.23001303021
"365",0.997217484277288,1.01286364787622,0.00538088323299063,0.0614171308167892,98.6386808358406
"366",0.99725449230619,1.01268337754,0.00534978017335127,0.0614042860063926,98.050582494558
"367",0.997291055730312,1.01250531845224,0.00531883023295608,0.06139158868138,97.4657022901921
"368",0.997327179857872,1.01232944371446,0.00528803295374978,0.0613790372367737,96.8840245720242
"369",0.997362869931432,1.0121557267746,0.00525738787504483,0.0613666300841372,96.3055337545708
"370",0.99739813112879,1.01198414142191,0.00522689453359653,0.0613543656514137,95.7302143173656
"371",0.997432968563887,1.01181466178207,0.00519655246367715,0.0613422423827674,95.1580508047454
"372",0.99746738728763,1.01164726231225,0.00516636119714894,0.0613302587384225,94.5890278256331
"373",0.997501392288774,1.01148191779636,0.00513632026353629,0.061318413194507,94.0231300533226
"374",0.997534988494738,1.01131860334032,0.00510642919009676,0.0613067042428968,93.4603422252645
"375",0.997568180772449,1.01115729436747,0.0050766875018913,0.0612951303910614,92.9006491428515
"376",0.997600973929131,1.01099796661396,0.00504709472185324,0.0612836901619109,92.3440356712043
"377",0.997633372713108,1.01084059612433,0.0050176503708565,0.061272382093644,91.7904867389579
"378",0.997665381814605,1.0106851592471,0.00498835396778298,0.0612612047395993,91.2399873380488
"379",0.99769700586652,1.01053163263045,0.00495920502958864,0.0612501566681071,90.6925225235029
"380",0.997728249445151,1.01037999321798,0.0049302030713689,0.0612392364623394,90.1480774132219
"381",0.997759117070997,1.01023021824451,0.00490134760642315,0.0612284427201681,89.6066371877735
"382",0.997789613209468,1.01008228523202,0.00487263814631807,0.0612177740540184,89.0681870901775
"383",0.997819742271604,1.00993617198555,0.00484407420095036,0.0612072290907254,88.5327124256973
"384",0.997849508614825,1.00979185658928,0.00481565527860836,0.0611968064713951,88.0001985616284
"385",0.997878916543606,1.00964931740262,0.00478738088603289,0.0611865048512616,87.470630927089
"386",0.997907970310171,1.00950853305631,0.00475925052847701,0.0611763228995487,86.9439950128092
"387",0.997936674115221,1.00936948244877,0.00473126370976527,0.0611662592993347,86.4202763709236
"388",0.997965032108536,1.00923214474224,0.00470341993235167,0.0611563127474119,85.8994606147613
"389",0.997993048389709,1.00909649935921,0.00467571869737711,0.0611464819541555,85.3815334186395
"390",0.998020727008759,1.00896252597882,0.00464815950472576,0.0611367656433881,84.8664805176541
"391",0.998048071966787,1.00883020453332,0.00462074185308071,0.0611271625522472,84.3542877074734
"392",0.998075087216609,1.00869951520455,0.00459346523997872,0.0611176714310545,83.844940844131
"393",0.998101776663389,1.00857043842058,0.00456632916186422,0.0611082910431861,83.3384258438198
"394",0.998128144165239,1.00844295485231,0.00453933311414241,0.0610990201649429,82.8347286826862
"395",0.99815419353384,1.00831704541013,0.00451247659123157,0.0610898575854238,82.3338353966243
"396",0.998179928535043,1.00819269124075,0.00448575908661474,0.0610808021063998,81.8357320810715
"397",0.998205352889438,1.00806987372386,0.00445918009289023,0.0610718525421876,81.340404890804
"398",0.998230470272962,1.00794857446911,0.0044327391018218,0.0610630077195272,80.8478400397326
"399",0.998255284317443,1.00782877531288,0.0044064356043877,0.0610542664774577,80.3580238006996
"400",0.998279798611186,1.00771045831533,0.0043802690908292,0.0610456276671966,79.8709425052756
"401",0.998304016699515,1.00759360575729,0.00435423905069814,0.0610370901520188,79.3865825435564
"402",0.998327942085339,1.00747820013738,0.00432834497290398,0.0610286528071385,78.9049303639627
"403",0.998351578229656,1.00736422416906,0.00430258634575985,0.0610203145195886,78.425972473036
"404",0.998374928552133,1.00725166077772,0.00427696265702811,0.0610120741881066,77.9496954352397
"405",0.99839799643158,1.00714049309794,0.00425147339396494,0.0610039307230156,77.4760858727569
"406",0.998420785206503,1.00703070447062,0.00422611804336443,0.0609958830461116,77.0051304652912
"407",0.998443298175615,1.00692227844031,0.0042008960916019,0.0609879300905497,76.5368159498668
"408",0.9984655385983,1.00681519875246,0.00417580702467641,0.0609800708007291,76.0711291206286
"409",0.998487509695148,1.00670944935079,0.00415085032825266,0.060972304132184,75.6080568286441
"410",0.998509214648426,1.00660501437469,0.00412602548770229,0.0609646290514715,75.1475859817052
"411",0.998530656602549,1.00650187815661,0.00410133198814434,0.0609570445360622,74.6897035441298
"412",0.998551838664581,1.00640002521953,0.00407676931448518,0.0609495495742323,74.2343965365648
"413",0.998572763904682,1.00629944027449,0.00405233695145763,0.0609421431649554,73.7816520357893
"414",0.998593435356568,1.00620010821811,0.0040280343836596,0.060934824317796,73.3314571745183
"415",0.998613856017977,1.00610201413015,0.00400386109559193,0.0609275920528042,72.8837991412053
"416",0.998634028851112,1.00600514327118,0.00397981657169572,0.0609204454004114,72.4386651798495
"417",0.998653956783077,1.00590948108016,0.00395590029638891,0.0609133834013259,71.9960425897989
"418",0.998673642706326,1.00581501317218,0.00393211175410238,0.0609064051064314,71.5559187255565
"419",0.998693089479078,1.00572172533613,0.0039084504293152,0.0608995095766848,71.1182809965854
"420",0.998712299925749,1.0056296035325,0.00388491580658955,0.0608926958830152,70.6831168671166
"421",0.998731276837366,1.00553863389114,0.00386150737060487,0.0608859631062249,70.2504138559545
"422",0.998750022971985,1.00544880270909,0.00383822460619137,0.0608793103368903,69.820159536285
"423",0.998768541055092,1.00536009644841,0.00381506699836319,0.0608727366752642,69.3923415354834
"424",0.998786833780004,1.0052725017341,0.00379203403235068,0.0608662412311787,68.9669475349227
"425",0.998804903808268,1.00518600535199,0.00376912519363234,0.0608598231239493,68.5439652697818
"426",0.998822753770046,1.00510059424666,0.00374633996796607,0.06085348148228,68.1233825288554
"427",0.998840386264504,1.00501625551947,0.00372367784141992,0.0608472154441686,67.7051871543639
"428",0.998857803860187,1.00493297642651,0.00370113830040217,0.0608410241568136,67.2893670417622
"429",0.998875009095401,1.0048507443767,0.00367872083169117,0.0608349067765226,66.8759101395524
"430",0.998892004478573,1.00476954692975,0.00365642492246419,0.0608288624686194,66.4648044490933
"431",0.998908792488618,1.00468937179434,0.0036342500603261,0.0608228904073538,66.0560380244126
"432",0.998925375575302,1.00461020682621,0.00361219573333748,0.0608169897758124,65.649598972019
"433",0.998941756159588,1.00453204002627,0.00359026143004195,0.0608111597658285,65.2454754507148
"434",0.998957936634008,1.00445485953881,0.00356844663949334,0.0608053995778956,64.8436556714085
"435",0.998973919362969,1.00437865364967,0.00354675085128211,0.0607997084210777,64.4441278969285
"436",0.998989706683136,1.0043034107845,0.00352517355556137,0.0607940855129253,64.0468804418376
"437",0.999005300903733,1.00422911950695,0.0035037142430724,0.060788530079388,63.6519016722466
"438",0.999020704306896,1.00415576851698,0.00348237240516966,0.0607830413547303,63.2591800056289
"439",0.999035919147993,1.00408334664915,0.00346114753384537,0.0607776185814476,62.8687039106375
"440",0.999050947655958,1.00401184287094,0.00344003912175354,0.0607722610101835,62.4804619069188
"441",0.999065792033569,1.00394124628107,0.00341904666223357,0.0607669678996451,62.0944425649301
"442",0.999080454457831,1.00387154610791,0.00339816964933347,0.060761738516525,61.7106345057561
"443",0.999094937080213,1.00380273170782,0.00337740757783245,0.0607565721354164,61.3290264009258
"444",0.999109242027008,1.00373479256361,0.00335675994326323,0.0607514680387359,60.9496069722304
"445",0.999123371399603,1.00366771828293,0.00333622624193379,0.0607464255166425,60.5723649915413
"446",0.999137327274806,1.00360149859676,0.00331580597094885,0.0607414438669607,60.197289280629
"447",0.999151111705101,1.00353612335786,0.00329549862823062,0.0607365223950998,59.8243687109819
"448",0.99916472671898,1.00347158253928,0.00327530371253946,0.0607316604139799,59.4535922036258
"449",0.999178174321202,1.00340786623288,0.00325522072349389,0.0607268572439534,59.0849487289438
"450",0.999191456493083,1.00334496464787,0.00323524916159028,0.06072211221273,58.7184273064974
"451",0.999204575192784,1.00328286810936,0.00321538852822216,0.060717424655302,58.3540170048463
"452",0.999217532355576,1.00322156705693,0.003195638325699,0.0607127939138698,57.9917069413707
"453",0.999230329894111,1.00316105204327,0.00317599805726471,0.0607082193377678,57.6314862820921
"454",0.999242969698703,1.00310131373272,0.0031564672271158,0.0607037002833931,57.2733442414969
"455",0.999255453637576,1.00304234289998,0.00313704534041893,0.0606992361141315,56.9172700823585
"456",0.999267783557143,1.00298413042873,0.00311773190332832,0.0606948262002873,56.5632531155602
"457",0.999279961282251,1.0029266673103,0.00309852642300269,0.0606904699190125,56.2112826999198
"458",0.999291988616454,1.00286994464238,0.00307942840762179,0.0606861666542364,55.8613482420131
"459",0.999303867342236,1.00281395362768,0.00306043736640252,0.0606819157965957,55.5134391959977
"460",0.999315599221285,1.00275868557271,0.00304155280961493,0.0606777167433668,55.1675450634394
"461",0.99932718599473,1.00270413188649,0.00302277424859758,0.060673568898397,54.8236553931369
"462",0.999338629383389,1.00265028407932,0.00300410119577276,0.0606694716720378,54.4817597809481
"463",0.999349931087989,1.00259713376154,0.00298553316466121,0.0606654244810765,54.1418478696162
"464",0.999361092789431,1.00254467264233,0.00296706966989662,0.0606614267486721,53.8039093485972
"465",0.999372116148993,1.00249289252852,0.00294871022723975,0.0606574779042881,53.4679339538864
"466",0.999383002808587,1.0024417853234,0.00293045435359218,0.0606535773836287,53.1339114678468
"467",0.999393754390978,1.00239134302559,0.00291230156700982,0.0606497246285746,52.8018317190369
"468",0.999404372500002,1.00234155772785,0.00289425138671601,0.0606459190871183,52.4716845820399
"469",0.999414858720792,1.00229242161597,0.00287630333311436,0.0606421602133022,52.1434599772922
"470",0.999425214620001,1.00224392696765,0.0028584569278013,0.0606384474671553,51.8171478709137
"471",0.999435441746008,1.0021960661514,0.0028407116935782,0.060634780314632,51.4927382745371
"472",0.999445541629146,1.00214883162545,0.00282306715446337,0.0606311582275506,51.170221245139
"473",0.999455515781904,1.00210221593666,0.00280552283570364,0.060627580683533,50.8495868848704
"474",0.99946536569914,1.00205621171951,0.00278807826378566,0.0606240471659443,50.5308253408889
"475",0.999475092858283,1.00201081169499,0.00277073296644694,0.0606205571638334,50.2139268051896
"476",0.99948469871953,1.0019660086696,0.00275348647268657,0.0606171101718739,49.8988815144377
"477",0.999494184726065,1.00192179553432,0.00273633831277569,0.0606137056903064,49.5856797498015
"478",0.999503552304244,1.00187816526363,0.00271928801826773,0.0606103432248803,49.2743118367858
"479",0.999512802863799,1.00183511091448,0.00270233512200826,0.0606070222867972,48.9647681450647
"480",0.999521937798019,1.00179262562532,0.00268547915814461,0.060603742392653,48.6570390883164
"481",0.99953095848395,1.00175070261515,0.00266871966213535,0.0606005030643829,48.3511151240578
"482",0.999539866282585,1.00170933518254,0.00265205617075934,0.0605973038292054,48.0469867534792
"483",0.999548662539054,1.00166851670469,0.0026354882221246,0.0605941442195682,47.7446445212796
"484",0.999557348582789,1.00162824063652,0.00261901535567696,0.0605910237730917,47.4440790155033
"485",0.999565925727737,1.00158850050972,0.0026026371122084,0.0605879420325176,47.1452808673753
"486",0.999574395272511,1.00154928993186,0.00258635303386516,0.0605848985456537,46.8482407511389
"487",0.999582758500578,1.00151060258549,0.00257016266415565,0.0605818928653213,46.5529493838922
"488",0.999591016680443,1.00147243222723,0.00255406554795809,0.0605789245493035,46.2593975254268
"489",0.999599171065817,1.00143477268695,0.0025380612315279,0.0605759931602929,45.9675759780647
"490",0.999607222895775,1.00139761786684,0.00252214926250492,0.0605730982658399,45.6774755864981
"491",0.999615173394947,1.00136096174062,0.00250632918992032,0.0605702394383026,45.389087237627
"492",0.999623023773677,1.00132479835265,0.00249060056420335,0.0605674162547961,45.1024018604003
"493",0.999630775228184,1.00128912181712,0.00247496293718791,0.0605646282971427,44.8174104256544
"494",0.999638428940709,1.00125392631722,0.00245941586211873,0.0605618751518212,44.5341039459535
"495",0.999645986079728,1.00121920610433,0.00244395889365758,0.0605591564099211,44.2524734754317
"496",0.999653447800059,1.00118495549726,0.00242859158788911,0.0605564716670914,43.972510109633
"497",0.99966081524303,1.00115116888135,0.00241331350232646,0.0605538205234929,43.6942049853536
"498",0.999668089536661,1.00111784070782,0.00239812419591685,0.0605512025837526,43.4175492804832
"499",0.999675271795801,1.00108496549291,0.00238302322904673,0.0605486174569155,43.1425342138485
"500",0.99968236312226,1.00105253781717,0.00236801016354696,0.0605460647563971,42.8691510450557
"501",0.999689364604989,1.00102055232464,0.00235308456269761,0.060543544099939,42.5973910743338
"502",0.999696277320224,1.00098900372218,0.00233824599123273,0.0605410551095628,42.3272456423789
"503",0.999703102331611,1.00095788677872,0.00232349401534484,0.0605385974115241,42.0587061301982
"504",0.999709840690378,1.00092719632447,0.00230882820268922,0.0605361706362691,41.7917639589547
"505",0.999716493435462,1.00089692725029,0.0022942481223881,0.0605337744183892,41.5264105898126
"506",0.999723061593643,1.00086707450692,0.0022797533450346,0.0605314083965772,41.2626375237823
"507",0.999729546179711,1.00083763310434,0.00226534344269653,0.0605290722135852,41.0004363015675
"508",0.999735948196586,1.00080859811102,0.00225101798892006,0.0605267655161803,40.7397985034107
"509",0.999742268635436,1.00077996465324,0.00223677655873309,0.0605244879551017,40.4807157489403
"510",0.999748508475862,1.00075172791449,0.00222261872864865,0.0605222391850205,40.2231796970188
"511",0.999754668685972,1.00072388313471,0.00220854407666789,0.0605200188644955,39.9671820455891
"512",0.999760750222566,1.0006964256097,0.00219455218228321,0.0605178266559343,39.7127145315241
"513",0.999766754031228,1.00066935069042,0.00218064262648091,0.0605156622255506,39.4597689304745
"514",0.999772681046476,1.00064265378238,0.00216681499174396,0.0605135252433247,39.2083370567181
"515",0.999778532191877,1.00061633034503,0.00215306886205444,0.0605114153829629,38.9584107630095
"516",0.999784308380174,1.00059037589104,0.00213940382289592,0.0605093323218576,38.7099819404296
"517",0.99979001051343,1.00056478598581,0.00212581946125568,0.0605072757410497,38.4630425182365
"518",0.999795639483114,1.00053955624673,0.00211231536562673,0.060505245325187,38.217584463716
"519",0.999801196170257,1.00051468234267,0.00209889112600975,0.060503240762488,37.9735997820326
"520",0.999806681445553,1.00049015999335,0.00208554633391488,0.0605012617447026,37.7310805160819
"521",0.99981209616948,1.00046598496874,0.00207228058236336,0.0604993079670747,37.4900187463418
"522",0.999817441192426,1.00044215308848,0.00205909346588902,0.0604973791283048,37.2504065907253
"523",0.99982271735478,1.00041866022131,0.00204598458053968,0.0604954749305123,37.0122362044341
"524",0.999827925487093,1.00039550228452,0.00203295352387837,0.060493595079201,36.7754997798109
"525",0.99983306641014,1.00037267524335,0.00201999989498449,0.0604917392832203,36.5401895461941
"526",0.999838140935058,1.00035017511046,0.00200712329445474,0.0604899072547305,36.3062977697712
"527",0.999843149863457,1.00032799794536,0.00199432332440404,0.0604880987091674,36.0738167534341
"528",0.999848093987531,1.00030613985391,0.00198159958846629,0.0604863133652073,35.8427388366341
"529",0.999852974090148,1.00028459698773,0.00196895169179492,0.0604845509447311,35.6130563952368
"530",0.999857790944975,1.0002633655437,0.0019563792410635,0.060482811172791,35.384761841379
"531",0.999862545316572,1.00024244176343,0.00194388184446604,0.0604810937775754,35.1578476233237
"532",0.999867237960514,1.00022182193277,0.00193145911171737,0.0604793984903766,34.9323062253182
"533",0.999871869623461,1.00020150238122,0.00191911065405326,0.0604777250455549,34.7081301674502
"534",0.999876441043303,1.00018147948154,0.00190683608423049,0.0604760731805084,34.4853120055065
"535",0.999880952949217,1.00016174964913,0.00189463501652681,0.0604744426356377,34.2638443308301
"536",0.999885406061805,1.00014230934163,0.00188250706674083,0.0604728331543155,34.0437197701791
"537",0.999889801093166,1.00012315505839,0.0018704518521917,0.060471244482853,33.824930985585
"538",0.999894138746994,1.00010428334,0.00185846899171885,0.0604696763704683,33.6074706742129
"539",0.999898419718709,1.00008569076779,0.00184655810568146,0.0604681285692567,33.3913315682205
"540",0.999902644695501,1.0000673739634,0.00183471881595798,0.0604666008341571,33.1765064346184
"541",0.999906814356454,1.00004932958828,0.00182295074594545,0.060465092922922,32.9629880751308
"542",0.99991092937264,1.00003155434325,0.00181125352055882,0.0604636045960882,32.7507693260566
"543",0.999914990407194,1.00001404496802,0.00179962676623003,0.0604621356169447,32.5398430581301
"544",0.99991899811543,0.999996798240805,0.00178807011090723,0.0604606857515047,32.3302021763837
"545",0.999922953144869,0.999979810977573,0.00177658318405358,0.0604592547684742,32.1218396200096
"546",0.999926856134241,0.999963080025061,0.0017651656166444,0.0604578424392204,31.9147483622223
"547",0.99993070771306,0.999946602257214,0.00175381704116502,0.0604564485377407,31.7089214101209
"548",0.99993450850179,0.999930374575187,0.00174253709160986,0.0604550728406355,31.504351804553
"549",0.999938259111967,0.9999143939073,0.00173132540348122,0.0604537151270778,31.3010326199788
"550",0.999941960146388,0.999898657209036,0.00172018161378808,0.0604523751787877,31.098956964335
"551",0.999945612199209,0.999883161462964,0.00170910536104475,0.0604510527800021,30.8981179788995
"552",0.999949215856136,0.999867903678743,0.00169809628526951,0.06044974771745,30.6985088381573
"553",0.999952771694545,0.999852880893047,0.00168715402798312,0.0604484597803241,30.5001227496648
"554",0.999956280283597,0.999838090169495,0.00167627823220717,0.0604471887602528,30.3029529539166
"555",0.999959742184415,0.99982352859863,0.00166546854246257,0.0604459344512763,30.1069927242117
"556",0.999963157950201,0.999809193297832,0.00165472460476771,0.060444696649819,29.9122353665199
"557",0.999966528126342,0.999795081411219,0.00164404606663669,0.0604434751546623,29.718674219349
"558",0.999969853250581,0.99978119010963,0.00163343257707744,0.0604422697669211,29.5263026536124
"559",0.999973133853102,0.999767516590483,0.00162288378658978,0.0604410802900167,29.3351140724974
"560",0.999976370456682,0.999754058077732,0.0016123993471634,0.0604399065296524,29.1451019113329
"561",0.999979563576794,0.999740811821744,0.00160197891227574,0.0604387482937881,28.9562596374584
"562",0.999982713721729,0.999727775099218,0.00159162213688984,0.0604376053926155,28.7685807500932
"563",0.999985821392716,0.99971494521308,0.00158132867745209,0.060436477638534,28.582058780206
"564",0.999988887084051,0.999702319492406,0.00157109819189003,0.0604353648461275,28.3966872903848
"565",0.999991911283167,0.999689895292255,0.00156093033960987,0.0604342668321377,28.2124598747071
"566",0.999994894470771,0.999677669993595,0.00155082478149411,0.0604331834154422,28.0293701586107
"567",0.999997837117559,0.999665640999778,0.00154078117989391,0.0604321144170229,27.8474117987636
"568",1.00000073968853,0.999653805740648,0.00153079919863311,0.0604310596599515,27.6665784829369
"569",1.00000360264428,0.999642161673618,0.00152087850300731,0.0604300189693718,27.4868639298774
"570",1.00000642644108,0.999630706283476,0.00151101875978108,0.0604289921724765,27.3082618891798
"571",1.00000921153082,0.99961943708216,0.00150121963718497,0.0604279790984832,27.1307661411591
"572",1.00001195836112,0.999608351608595,0.00149148080491261,0.0604269795786143,26.954370496724
"573",1.00001466737527,0.999597447428439,0.00148180193411767,0.0604259934460716,26.7790687972498
"574",1.00001733901237,0.999586722133926,0.00147218269741087,0.0604250205360176,26.6048549144532
"575",1.00001997370726,0.999576173343631,0.00146262276885682,0.0604240606855509,26.431722750266
"576",1.00002257189059,0.999565798702277,0.00145312182397097,0.0604231137336868,26.25966623671
"577",1.00002513398884,0.999555595880518,0.00144367953971638,0.060422179521334,26.0886793357718
"578",1.00002766042436,0.999545562574754,0.00143429559450056,0.0604212578912755,25.9187560392789
"579",1.00003015161541,0.999535696506897,0.0014249696681722,0.060420348688146,25.7498903687753
"580",1.00003260797613,0.999525995424179,0.00141570144201789,0.0604194517584126,25.5820763753974
"581",1.00003502991663,0.999516457098938,0.00140649059875882,0.0604185669503528,25.4153081397516
"582",1.00003741784301,0.999507079328427,0.0013973368225474,0.0604176941140366,25.2495797717907
"583",1.00003977215734,0.999497859934561,0.00138823979896388,0.060416833101303,25.0848854106915
"584",1.00004209325776,0.999488796763772,0.00137919921501292,0.0604159837657444,24.9212192247327
"585",1.00004438153844,0.999479887686732,0.00137021475912013,0.0604151459626827,24.7585754111736
"586",1.00004663738968,0.999471130598214,0.00136128612112861,0.0604143195491541,24.5969481961322
"587",1.00004886119786,0.999462523416818,0.00135241299229536,0.0604135043838859,24.4363318344641
"588",1.00005105334553,0.999454064084817,0.0013435950652878,0.0604127003272812,24.2767206096429
"589",1.0000532142114,0.999445750567905,0.00133483203418011,0.0604119072413966,24.1181088336387
"590",1.00005534417041,0.999437580855021,0.00132612359444968,0.0604111249899267,23.9604908467998
"591",1.0000574435937,0.99942955295813,0.00131746944297342,0.0604103534381837,23.8038610177317
"592",1.00005951284871,0.999421664912006,0.00130886927802412,0.06040959245308,23.6482137431794
"593",1.00006155229914,0.999413914774045,0.00130032279926672,0.0604088419031101,23.493543447908
"594",1.00006356230501,0.999406300624034,0.0012918297077546,0.0604081016583324,23.3398445845846
"595",1.00006554322269,0.999398820563965,0.00128338970592582,0.0604073715903519,23.1871116336607
"596",1.00006749540493,0.99939147271784,0.00127500249759937,0.0604066515723037,23.0353391032545
"597",1.00006941920088,0.999384255231408,0.00126666778797129,0.0604059414788327,22.8845215290334
"598",1.00007131495612,0.999377166272052,0.00125838528361096,0.0604052411860814,22.7346534740985
"599",1.00007318301268,0.999370204028499,0.00125015469245711,0.0604045505716679,22.5857295288662
"600",1.00007502370909,0.999363366710663,0.00124197572381405,0.0604038695146722,22.4377443109541
"601",1.00007683738038,0.999356652549443,0.0012338480883478,0.0604031978956198,22.2906924650653
"602",1.00007862435813,0.999350059796496,0.00122577149808207,0.0604025355964629,22.1445686628721
"603",1.00008038497048,0.99934358672406,0.00121774566639437,0.0604018825005672,21.9993676029018
"604",1.00008211954218,0.999337231624745,0.00120977030801207,0.0604012384926937,21.8550840104221
"605",1.0000838283946,0.999330992811343,0.0012018451390084,0.0604006034589846,21.7117126373273
"606",1.00008551184575,0.9993248686166,0.00119396987679847,0.0603999772869452,21.569248262024
"607",1.00008717021034,0.999318857393077,0.00118614424013525,0.0603993598654318,21.4276856893185
"608",1.00008880379976,0.999312957512873,0.00117836794910551,0.0603987510846325,21.2870197503032
"609",1.00009041292216,0.999307167367505,0.00117064072512585,0.0603981508360552,21.1472453022448
"610",1.00009199788244,0.99930148536768,0.00116296229093854,0.0603975590125114,21.008357228471
"611",1.00009355898227,0.999295909943083,0.00115533237060748,0.0603969755081003,20.8703504382594
"612",1.00009509652016,0.999290439542233,0.00114775068951414,0.0603964002181962,20.7332198667261
"613",1.00009661079146,0.999285072632245,0.00114021697435338,0.0603958330394326,20.5969604747141
"614",1.00009810208837,0.999279807698669,0.00113273095312938,0.0603952738696878,20.4615672486832
"615",1.00009957070001,0.999274643245292,0.00112529235515146,0.0603947226080714,20.3270352005991
"616",1.00010101691238,0.999269577793937,0.00111790091102994,0.0603941791549093,20.1933593678235
"617",1.00010244100846,0.999264609884307,0.00111055635267201,0.0603936434117311,20.060534813005
"618",1.00010384326821,0.999259738073763,0.00110325841327749,0.0603931152812548,19.928556623969
"619",1.00010522396857,0.999254960937166,0.00109600682733466,0.0603925946673743,19.7974199136094
"620",1.0001065833835,0.99925027706668,0.0010888013306161,0.0603920814751452,19.6671198197799
"621",1.00010792178403,0.999245685071598,0.00108164166017441,0.0603915756107724,19.5376515051861
"622",1.00010923943827,0.999241183578157,0.00107452755433805,0.0603910769815958,19.4090101572772
"623",1.00011053661141,0.999236771229351,0.00106745875270705,0.060390585496078,19.2811909881388
"624",1.00011181356578,0.999232446684758,0.00106043499614881,0.0603901010637909,19.1541892343861
"625",1.00011307056087,0.999228208620385,0.00105345602679383,0.0603896235954041,19.0280001570568
"626",1.00011430785335,0.999224055728448,0.00104652158803146,0.0603891530026708,18.9026190415051
"627",1.0001155256971,0.999219986717236,0.00103963142450561,0.0603886891984163,18.7780411972953
"628",1.0001167243432,0.999216000310895,0.00103278528211046,0.0603882320965241,18.6542619580963
"629",1.00011790404001,0.999212095249308,0.00102598290798628,0.0603877816119262,18.531276681577
"630",1.00011906503317,0.999208270287895,0.00101922405051498,0.0603873376605895,18.4090807493003
"631",1.00012020756561,0.999204524197422,0.00101250845931595,0.0603869001595035,18.2876695666194
"632",1.0001213318776,0.999200855763891,0.00100583588524168,0.0603864690266697,18.1670385625731
"633",1.00012243820675,0.999197263788307,0.000999206080373444,0.0603860441810885,18.0471831897823
"634",1.00012352678806,0.999193747086544,0.000992618798017053,0.0603856255427484,17.9280989243463
"635",1.00012459785394,0.99919030448921,0.000986073792698481,0.0603852130326158,17.8097812657399
"636",1.0001256516342,0.999186934841419,0.000979570820159541,0.0603848065726209,17.6922257367102
"637",1.00012668835612,0.999183637002676,0.000973109637353584,0.0603844060856489,17.5754278831748
"638",1.00012770824443,0.999180409846701,0.000966690002441137,0.0603840114955277,17.4593832741192
"639",1.00012871152138,0.999177252261258,0.000960311674785584,0.0603836227270169,17.3440875014954
"640",1.00012969840674,0.999174163148035,0.000953974414948818,0.0603832397057987,17.2295361801205
"641",1.0001306691178,0.999171141422435,0.000947677984686901,0.0603828623584645,17.1157249475751
"642",1.00013162386944,0.999168186013465,0.000941422146945729,0.0603824906125067,17.0026494641041
"643",1.00013256287411,0.999165295863553,0.00093520666585666,0.0603821243963065,16.8903054125146
"644",1.00013348634188,0.999162469928402,0.00092903130673218,0.0603817636391244,16.7786884980771
"645",1.00013439448048,0.999159707176864,0.000922895836061559,0.0603814082710907,16.6677944484257
"646",1.00013528749525,0.999157006590737,0.000916800021506482,0.0603810582231932,16.5576190134586
"647",1.00013616558924,0.99915436716466,0.000910743631896698,0.060380713427269,16.4481579652391
"648",1.0001370289632,0.999151787905957,0.000904726437225679,0.0603803738159943,16.3394070978976
"649",1.00013787781561,0.999149267834489,0.00089874820864625,0.0603800393228749,16.2313622275326
"650",1.00013871234266,0.999146805982476,0.000892808718466231,0.0603797098822339,16.1240191921133
"651",1.00013953273836,0.999144401394402,0.000886907740144102,0.0603793854292063,16.017373851382
"652",1.00014033919449,0.99914205312686,0.000881045048284631,0.0603790658997266,15.9114220867567
"653",1.00014113190061,0.999139760248382,0.000875220418634524,0.0603787512305198,15.8061598012344
"654",1.00014191104415,0.999137521839336,0.000869433628078074,0.0603784413590934,15.7015829192947
"655",1.0001426768104,0.999135336991764,0.000863684454632811,0.0603781362237269,15.5976873868033
"656",1.0001434293825,0.999133204809257,0.000857972677445155,0.0603778357634636,15.4944691709165
"657",1.00014416894148,0.999131124406799,0.000852298076786044,0.0603775399181003,15.3919242599853
"658",1.00014489566632,0.999129094910658,0.000846660434046612,0.0603772486281803,15.2900486634607
"659",1.00014560973391,0.99912711545824,0.000841059531733848,0.0603769618349837,15.1888384117986
"660",1.00014631131911,0.99912518519795,0.000835495153466217,0.0603766794805178,15.0882895563651
"661",1.00014700059477,0.999123303289088,0.000829967083969375,0.0603764015075115,14.9883981693428
"662",1.00014767773171,0.999121468901674,0.000824475109071783,0.0603761278594023,14.8891603436369
"663",1.00014834289878,0.99911968121634,0.000819019015700382,0.0603758584803312,14.7905721927811
"664",1.00014899626289,0.999117939424251,0.000813598591876319,0.0603755933151352,14.6926298508457
"665",1.00014963798897,0.99911624272689,0.000808213626710553,0.0603753323093356,14.5953294723437
"666",1.00015026824007,0.999114590335992,0.000802863910399562,0.0603750754091326,14.4986672321386
"667",1.00015088717732,0.999112981473414,0.000797549234220969,0.0603748225613964,14.4026393253519
"668",1.00015149495994,0.999111415370992,0.000792269390529341,0.060374573713659,14.3072419672722
"669",1.00015209174531,0.999109891270431,0.000787024172751766,0.0603743288141067,14.2124713932629
"670",1.00015267768899,0.999108408423217,0.000781813375383633,0.0603740878115739,14.1183238586715
"671",1.00015325294467,0.999106966090427,0.000776636793984265,0.0603738506555318,14.0247956387383
"672",1.00015381766426,0.99910556354267,0.00077149422517266,0.0603736172960838,13.9318830285065
"673",1.00015437199788,0.999104200059966,0.000766385466623196,0.0603733876839581,13.8395823427313
"674",1.00015491609384,0.999102874931576,0.000761310317061325,0.0603731617704968,13.7478899157908
"675",1.00015545009876,0.999101587455967,0.000756268576259326,0.0603729395076537,13.656802101596
"676",1.00015597415749,0.999100336940653,0.000751260045032009,0.0603727208479832,13.5663152735014
"677",1.00015648841318,0.999099122702076,0.000746284525232446,0.0603725057446347,13.4764258242169
"678",1.00015699300725,0.999097944065522,0.000741341819747708,0.0603722941513448,13.3871301657183
"679",1.00015748807947,0.999096800364995,0.000736431732494627,0.0603720860224312,13.2984247291597
"680",1.00015797376795,0.999095690943112,0.000731554068415521,0.0603718813127848,13.2103059647854
"681",1.00015845020912,0.999094615150991,0.000726708633473967,0.0603716799778634,13.1227703418423
"682",1.00015891753782,0.999093572348163,0.000721895234650566,0.0603714819736854,13.0358143484928
"683",1.00015937588727,0.999092561902444,0.000717113679938695,0.060371287256822,12.9494344917275
"684",1.00015982538908,0.999091583189851,0.00071236377834031,0.0603710957843914,12.8636272972787
"685",1.00016026617329,0.999090635594477,0.000707645339861706,0.0603709075140523,12.7783893095343
"686",1.00016069836838,0.999089718508398,0.000702958175509315,0.0603707224039958,12.6937170914516
"687",1.0001611221013,0.999088831331588,0.00069830209728552,0.0603705404129418,12.6096072244716
"688",1.00016153749745,0.999087973471805,0.000693676918184438,0.0603703615001314,12.5260563084337
"689",1.00016194468072,0.999087144344485,0.00068908245218775,0.060370185625319,12.4430609614906
"690",1.00016234377352,0.999086343372654,0.000684518514260517,0.0603700127487686,12.3606178200237
"691",1.00016273489678,0.999085569986839,0.000679984920347011,0.0603698428312465,12.2787235385584
"692",1.00016311816995,0.999084823624954,0.000675481487366563,0.0603696758340155,12.1973747896806
"693",1.00016349371102,0.999084103732206,0.000671008033209366,0.0603695117188279,12.1165682639519
"694",1.00016386163661,0.999083409761053,0.000666564376732402,0.060369350447923,12.036300669827
"695",1.00016422206185,0.999082741171019,0.00066215033775522,0.0603691919840162,11.95656873357
"696",1.0001645751005,0.999082097428666,0.00065776573705587,0.0603690362902966,11.8773691991717
"697",1.00016492086496,0.99908147800752,0.000653410396366774,0.0603688833304222,11.7986988282674
"698",1.00016525946619,0.999080882387907,0.000649084138370583,0.0603687330685099,11.720554400054
"699",1.00016559101386,0.999080310056943,0.000644786786696104,0.0603685854691349,11.6429327112086
"700",1.00016591561627,0.999079760508402,0.000640518165914197,0.0603684404973222,11.5658305758064
"701",1.00016623338038,0.999079233242616,0.000636278101533675,0.0603682981185406,11.4892448252397
"702",1.00016654441185,0.999078727766447,0.000632066419997255,0.0603681582987007,11.413172308137
"703",1.00016684881505,0.99907824359315,0.000627882948677474,0.060368021004146,11.3376098902816
"704",1.00016714669305,0.999077780242309,0.000623727515872632,0.0603678862016498,11.2625544545321
"705",1.00016743814766,0.999077337239751,0.000619599950802753,0.0603677538584087,11.1880029007417
"706",1.00016772327943,0.999076914117477,0.000615500083605549,0.0603676239420393,11.1139521456785
"707",1.00016800218766,0.999076510413551,0.000611427745332367,0.0603674964205706,11.040399122946
"708",1.00016827497042,0.999076125672038,0.000607382767944189,0.0603673712624401,10.9673407829038
"709",1.00016854172458,0.999075759442944,0.000603364984307637,0.0603672484364903,10.8947740925891
"710",1.00016880254579,0.999075411282093,0.00059937422819095,0.0603671279119612,10.8226960356377
"711",1.00016905752852,0.99907508075109,0.000595410334260009,0.0603670096584875,10.751103612206
"712",1.00016930676607,0.999074767417229,0.000591473138074352,0.060366893646093,10.6799938388927
"713",1.00016955035057,0.999074470853413,0.000587562476083212,0.0603667798451856,10.6093637486614
"714",1.00016978837297,0.999074190638068,0.000583678185621549,0.0603666682265526,10.5392103907629
"715",1.00017002092314,0.999073926355093,0.000579820104906116,0.0603665587613564,10.4695308306585
"716",1.00017024808978,0.999073677593792,0.000575988073031526,0.0603664514211307,10.4003221499433
"717",1.00017046996049,0.999073443948761,0.000572181929966321,0.0603663461777742,10.3315814462692
"718",1.00017068662179,0.999073225019864,0.000568401516549075,0.0603662430035479,10.2633058332695
"719",1.00017089815908,0.999073020412113,0.000564646674484472,0.0603661418710688,10.1954924404829
"720",1.00017110465671,0.999072829735663,0.000560917246339452,0.060366042753308,10.1281384132776
"721",1.00017130619793,0.999072652605649,0.000557213075539317,0.0603659456235828,10.061240912777
"722",1.000171502865,0.999072488642234,0.000553534006363895,0.0603658504555575,9.99479711578475
"723",1.00017169473908,0.999072337470426,0.00054987988394369,0.0603657572232335,9.92880421471011
"724",1.00017188190031,0.999072198720094,0.00054625055425608,0.060365665900949,9.86325941749474
"725",1.00017206442786,0.999072072025863,0.000542645864121513,0.0603655764633743,9.79815994753903
"726",1.00017224239984,0.999071957027061,0.00053906566119974,0.0603654888855064,9.7335030436294
"727",1.00017241589341,0.999071853367655,0.000535509793986073,0.0603654031426666,9.66928595986612
"728",1.0001725849847,0.999071760696174,0.000531978111807679,0.0603653192104946,9.60550596559186
"729",1.0001727497489,0.999071678665642,0.000528470464819906,0.0603652370649456,9.54216034532089
"730",1.00017291026023,0.999071606933557,0.000524986704002691,0.0603651566822877,9.47924639866979
"731",1.00017306659195,0.999071545161772,0.000521526681156978,0.0603650780390955,9.41676144028864
"732",1.00017321881642,0.999071493016494,0.000518090248901265,0.0603650011122491,9.35470279979419
"733",1.00017336700502,0.99907145016815,0.000514677260668183,0.0603649258789271,9.29306782170442
"734",1.00017351122824,0.999071416291412,0.000511287570701267,0.0603648523166063,9.23185386537559
"735",1.00017365155565,0.999071391065045,0.000507921034051781,0.0603647804030544,9.17105830494167
"736",1.00017378805593,0.999071374171922,0.000504577506575819,0.0603647101163295,9.11067852925743
"737",1.00017392079687,0.99907136529897,0.000501256844931585,0.0603646414347766,9.05071194184579
"738",1.00017404984539,0.999071364137036,0.000497958906576952,0.0603645743370206,8.99115596085012
"739",1.00017417526751,0.9990713703809,0.000494683549767441,0.0603645088019656,8.9320080189939
"740",1.00017429712845,0.999071383729214,0.00049143063355465,0.0603644448087928,8.87326556354878
"741",1.00017441549251,0.999071403884387,0.000488200017785262,0.0603643823369516,8.8149260563133
"742",1.00017453042323,0.999071430552629,0.000484991563100884,0.0603643213661635,8.75698697360609
"743",1.00017464198324,0.999071463443792,0.000481805130938773,0.0603642618764119,8.69944580627623
"744",1.00017475023441,0.999071502271397,0.000478640583533898,0.0603642038479439,8.6423000597365
"745",1.00017485523779,0.999071546752554,0.000475497783922524,0.0603641472612652,8.5855472540252
"746",1.0001749570536,0.999071596607874,0.000472376595947831,0.0603640920971348,8.52918492390432
"747",1.0001750557413,0.999071651561481,0.000469276884268131,0.0603640383365655,8.47321061900476
"748",1.00017515135954,0.999071711340921,0.000466198514368344,0.0603639859608187,8.41762190403039
"749",1.00017524396623,0.999071775677132,0.000463141352575659,0.0603639349514022,8.36241635903781
"750",1.00017533361847,0.999071844304353,0.000460105266080508,0.0603638852900647,8.30759157981222
"751",1.00017542037266,0.999071916960137,0.000457090122964345,0.0603638369587968,8.25314517836581
"752",1.00017550428438,0.99907199338524,0.000454095792236006,0.0603637899398238,8.19907478359183
"753",1.00017558540854,0.999072073323634,0.000451122143879106,0.0603637442156069,8.14537804211701
"754",1.00017566379928,0.99907215652241,0.000448169048913331,0.0603636997688368,8.09205261940603
"755",1.00017573951002,0.999072242731745,0.000445236379473536,0.0603636565824323,8.03909620118668
"756",1.00017581259348,0.999072331704873,0.000442324008911395,0.0603636146395376,7.98650649528263
"757",1.00017588310167,0.999072423198013,0.000439431811925715,0.0603635739235193,7.93428123396386
"758",1.00017595108588,0.999072516970343,0.000436559664729206,0.060363534417963,7.8824181769551
"759",1.00017601659676,0.999072612783964,0.000433707445261481,0.0603634961066728,7.8309151152793
"760",1.00017607968421,0.999072710403803,0.000430875033460767,0.0603634589736646,7.77976987616115
"761",1.0001761403975,0.999072809597621,0.000428062311610118,0.0603634230031667,7.72898032927563
"762",1.00017619878525,0.999072910135987,0.000425269164778095,0.0603633881796177,7.67854439470249
"763",1.00017625489537,0.999073011792165,0.000422495481379191,0.0603633544876613,7.62846005304281
"764",1.00017630877514,0.99907311434211,0.000419741153886067,0.0603633219121444,7.57872535827661
"765",1.00017636047123,0.999073217564455,0.000417006079734067,0.0603632904381168,7.52933845409219
"766",1.00017641002962,0.999073321240412,0.000414290162469204,0.0603632600508264,7.4802975946114
"767",1.00017645749569,0.999073425153773,0.000411593313204345,0.0603632307357179,7.43160117068014
"768",1.00017650291422,0.999073529090864,0.000408915452465397,0.0603632024784314,7.38324774319989
"769",1.00017654632933,0.999073632840478,0.000406256512530682,0.0603631752647978,7.3352360853649
"770",1.00017658778458,0.999073736193881,0.000403616440393954,0.0603631490808399,7.28756523615886
"771",1.00017662732293,0.999073838944762,0.000400995201515472,0.0603631239127691,7.24023456808092
"772",1.0001766649867,0.999073940889127,0.000398392784568652,0.0603630997469813,7.19324387284759
"773",1.0001767008177,0.999074041825387,0.00039580920744395,0.0603630765700606,7.14659346979411
"774",1.00017673485714,0.999074141554232,0.000393244524839577,0.0603630543687734,7.10028434292777
"775",1.00017676714566,0.999074239878601,0.000390698837854481,0.0603630331300687,7.05431831413294
"776",1.00017679772338,0.999074336603711,0.000388172306106591,0.0603630128410796,7.00869826197108
"777",1.00017682662986,0.999074431536957,0.000385665163034536,0.0603629934891196,6.96342839796084
"778",1.00017685390415,0.999074524487939,0.00038317773521111,0.0603629750616863,6.91851461529202
"779",1.00017687958478,0.999074615268381,0.00038071046670982,0.0603629575464594,6.87396492877627
"780",1.0001769037098,0.999074703692158,0.000378263949833427,0.0603629409313049,6.82979002966713
"781",1.00017692631679,0.999074789575266,0.000375838963848784,0.0603629252042781,6.78600398503854
"782",1.00017694744287,0.999074872735761,0.000373436523792279,0.060362910353625,6.74262511899408
"783",1.00017696712475,0.999074952993826,0.000371057941936359,0.0603628963677925,6.69967712247927
"784",1.00017698539874,0.999075030171696,0.000368704905165288,0.0603628832354327,6.65719045034468
"785",1.00017700230081,0.999075104093708,0.000366379572330552,0.0603628709454158,6.61520407915313
"786",1.00017701786663,0.999075174586306,0.000364084696682374,0.0603628594868435,6.57376771775076
"787",1.00017703213163,0.999075241478058,0.000361823779752966,0.0603628488490663,6.53294458571809
"788",1.00017704513107,0.999075304599728,0.000359601264659161,0.0603628390217074,6.49281490356079
"789",1.00017705690014,0.999075363784301,0.000357422778769643,0.0603628299946914,6.4534802742082
"790",1.00017706747403,0.999075418867094,0.000355295438133246,0.0603628217582812,6.41506917964396
"791",1.00017707688814,0.999075469685895,0.000353228229094082,0.0603628143031273,6.37774387119168
"792",1.0001770851782,0.999075516081091,0.000351232486250804,0.0603628076203253,6.34170899935103
"793",1.00017709238047,0.99907555789587,0.000349322490493627,0.0603628017014915,6.30722241171083
"794",1.00017709853205,0.99907559497653,0.000347516216436191,0.0603627965388597,6.2746086482758
"795",1.00017710367119,0.999075627172799,0.000345836265326148,0.0603627921253995,6.24427578572506
"796",1.00017710783768,0.999075654338262,0.000344311027652815,0.0603627884549661,6.21673642899179
"797",1.00017711107344,0.999075676330956,0.000342976129348404,0.060362785522492,6.19263382329974
"798",1.00017711342307,0.999075693014056,0.000341876226848327,0.0603627833242235,6.17277426506759
"799",1.00017711493476,0.99907570425678,0.000341068663489987,0.0603627818580223,6.15819312038185
"800",1.00017711566128,0.999075709935596,0.000340619561807768,0.060362781123757,6.15008426920368
