"","R.ALK","R.DIC","R.TOT_P","R.TOT_N5","R.TOT_N3","R.TOT_S6","R.TOT_S2","R.CH4","R.O2","R.N2","R.Mn2","R.Fe2","R.Ca2","R.MnO2","R.OM","R.OM_beta","R.FeOH3","R.FeOH3_P","R.FeCO3","R.S0","R.FeS","R.Viv","R.CaCO3","R.Apatite","R.MnCO3"
"1",65.2953530271755,176.81013834169,-4.56388749466383,-4.8779248564249,25.1894856179212,-0.00385110293953937,-6.63160403207367,0.0328457559067034,-166.801126270032,3.19147712268864,17.9664688132267,-2.62999574044261,-0.00829664664079398,-17.9664688132267,-175.182829228326,-1.66833269221123,-7.757030037546,10.3870257779886,0,6.63545513501322,-7.38402387043258e-298,-1.61506314931791e-44,0.008177822940408,3.96079001286596e-05,0
"2",59.9836101261296,163.170667256608,-4.49237961950896,-4.73810388913499,23.1993038014023,-0.0103416475363278,-4.88568481160758,0.00174386986946524,-153.447007501936,3.08486441072271,15.4571334098324,-1.68296125372613,-0.00760239560093071,-15.4571334098324,-161.518766220779,-1.66113664006729,-8.36993689829283,10.052898152019,0,4.8960264591439,-2.09618962249235e-297,-1.99277591968047e-44,0.00749173436898114,3.68870773165251e-05,0
"3",54.7333777777203,150.401440993262,-4.78467876142619,-4.59475606987904,21.3425446947598,-0.0156390664049886,-3.58533359499248,-0.0003190070452812,-141.123940303612,2.97765214392461,13.3264193157379,-1.32938850614832,-0.00697075016692856,-13.3264193157379,-148.754088702285,-1.65390184455109,-9.00986806402913,10.3392565701774,0,3.60097266139747,-7.08849191499848e-297,-2.45769493916409e-44,0.00686856061891875,3.40631826699363e-05,0
"4",49.8976803509514,138.481775666766,-5.29648908972975,-4.4481073771455,19.6118869091991,-0.020045932789075,-2.62050637855783,-0.000323746747413572,-129.77627191615,2.87001615307947,11.3475435851091,-1.09059608651215,-0.00639494394739972,-11.3475435851091,-136.841124735867,-1.64662869229036,-9.91426231195361,11.0048583984658,0,2.64055231134691,-2.42175110208258e-296,-3.03984854808401e-44,0.00630150813954284,3.11452692856281e-05,0
"5",45.5332842350597,127.367446986868,-5.93559922795229,-4.29841187740378,18.0002822055119,-0.023714920777211,-1.90736763650576,-0.000125299891084585,-119.317912083905,2.76212945308962,9.44805674170983,-0.816407263641951,-0.00586893674921885,-9.44805674170983,-125.733788822133,-1.63931735502096,-11.0788860819921,11.8952933456341,0,1.93108255728297,-8.2233768871962e-296,-3.78006594726445e-44,0.00578449017699996,2.81488574062974e-05,0
"6",41.6135588577007,117.014148376481,-6.62130484468872,-4.14594939116629,16.5009545313093,-0.026697122421047,-1.38236832635052,0.000109353695030429,-109.662868709295,2.65416307321277,7.6365014031296,-0.485136150810012,-0.00538732947243577,-7.6365014031296,-115.387602027006,-1.63196774651069,-12.3902186147649,12.8753547655749,0,1.40906544877156,-2.77407400779852e-295,-4.73624399677597e-44,0.00531204334100526,2.50953771435045e-05,0
"7",38.0864602532502,107.37909051258,-7.27893185568225,-3.99102606626368,15.1073996377675,-0.0289956119832416,-0.997505725397116,0.000319805961662401,-100.72752805559,2.5462879013162,5.96454334660578,-0.134042291972261,-0.0049453198483837,-5.96454334660578,-105.759710126133,-1.62457947751928,-13.6858696553738,13.8199119473461,0,1.02650133738036,-9.30760463482124e-295,-5.99118300657334e-44,0.00487928511124072,2.20115790476621e-05,0
"8",34.8961872664141,98.4211059762722,-7.84608367784221,-3.83397740732253,13.8133851387334,-0.0306148051218642,-0.71662448294812,0.000463741768601578,-92.4354241617809,2.43867738711967,4.49331063353803,0.181983750685679,-0.00453866808761379,-4.49331063353803,-96.8088997900103,-1.61715180992256,-14.8063062123218,14.6243224616361,0,0.747239288069984,-3.11049707069208e-294,-7.66312363626621e-44,0.00448188189209054,1.89287318410859e-05,0
"9",31.9953909395886,90.1006537516487,-8.27967400982584,-3.67517237373292,12.6129507021905,-0.031591187386327,-0.512569673738613,0.000526548765738699,-84.7219412309935,2.33151055775784,3.26611513021415,0.42025427060766,-0.00416366128848101,-3.26611513021415,-88.4956127048477,-1.6096836114755,-15.6364079564205,15.2161536858128,0,0.54416086112494,-1.0369919647433e-293,-9.92078582426313e-44,0.00411601590875055,1.58817932434893e-05,0
"10",29.3495039047279,82.3798315149998,-8.55846034052774,-3.51501676001838,11.5004079871501,-0.0319987810067099,-0.365014502913528,0.000520810992649845,-77.5362986824333,2.22497462580724,2.29528376352983,0.564343936522751,-0.00381707254346517,-2.29528376352983,-80.7819573586405,-1.60217331305289,-16.12374944078,15.5594055042573,0,0.397013283920238,-3.45474513203126e-293,-1.30059511992204e-43,0.00377834570096892,1.29089474987524e-05,0
"11",26.9332000378255,75.2223980439567,-8.67977620121849,-3.35395450989272,10.4703400097755,-0.0319358794695178,-0.258807210034455,0.000472887872841743,-70.8403751316646,2.11926663814303,1.5639019363587,0.622222959084892,-0.00349611644373654,-1.5639019363587,-73.631718021552,-1.59461887056678,-16.2712871601282,15.6490642010434,0,0.290743089503973,-1.15227235307633e-292,-1.72684405145905e-43,0.00346596028918422,1.00520515174412e-05,0
"12",24.7213232281654,68.5937930919378,-8.65062515057847,-3.19246645648691,9.51759975270728,-0.0315060617277143,-0.182709783275512,0.000408531757514397,-64.6055462361058,2.014593952256,1.03626559863411,0.615742681482371,-0.00319840764779706,-1.03626559863411,-67.0103602207654,-1.58701773408665,-16.1120018614216,15.4962591799393,0,0.214215845003227,-3.85532850320827e-292,-2.32210398570112e-43,0.00317633115676827,7.35883034293145e-06,0
"13",22.6714612724961,62.4611460111537,-8.46857352928074,-3.03106673277101,8.63730793101015,-0.030803426159631,-0.128432091543112,0.000345312312272406,-58.809087134513,1.91117363420859,0.66965985137093,0.569715196312606,-0.00292193412607111,-0.66965985137093,-60.8850317646536,-1.57936682694456,-15.6661327481751,15.0964175518625,0,0.159235517702743,-1.29679510014048e-291,-3.16260524053939e-43,0.00290726813214433,4.88866464226132e-06,0
"14",20.6591667183214,56.7932719584371,-8.05349991636375,-2.87029750164423,7.8248498588004,-0.0299053182896698,-0.0898919243039456,0.000291820191464354,-53.4312039561841,1.80923104155257,0.423070982542408,0.504948490603315,-0.00266507067890731,-0.423070982542408,-55.2245581289837,-1.5716625377475,-14.8204615969853,14.315513106382,0,0.119797242593615,-4.39533845977697e-291,-4.36303809358392e-43,0.00265688810258875,2.72752543952009e-06,0
"15",18.0225585362275,51.5606577216155,-6.78817892654123,-2.71072272347403,7.07587133834678,-0.0288712072599276,-0.062650345892029,0.000250186861757856,-48.4530852632719,1.70899788384988,0.261814257873759,0.435634037973823,-0.00242672917479263,-0.261814257873759,-49.9994308063477,-1.56390072819516,-12.5600063408281,12.1243723028543,0,0.0915215531519566,-1.50488944243324e-290,-6.09639853264557e-43,0.00242362606564659,1.03436971534817e-06,0
"16",12.5773750241425,46.7354382982623,-2.53000432301044,-2.55292158071298,6.38627349002801,-0.0277449819666033,-0.0434838023211131,0.00021904281448839,-43.8558991005025,1.61070999504378,0.158941786989167,0.369608053065567,-0.00220700682580608,-0.158941786989167,-45.1817870741795,-1.55607675936262,-5.32115342609239,4.95154537302683,0,0.0712287842877165,-5.21871456822381e-290,-8.61569478363849e-43,0.00220649246530049,1.71453501864899e-07,0
"17",9.27082866225111,42.2913635100854,-0.262807325236667,-2.39748199828387,5.75220643613632,-0.0265584298331072,-0.0300624102024279,0.000195677083430701,-39.6204677999475,1.51460496115722,0.0947579350772634,0.309856079889122,-0.00200599350236506,-0.0947579350772634,-40.7453795974932,-1.54818553861237,-1.41286140161697,1.10300532172784,0,0.0566208400355352,-1.83823499361576e-289,-1.23519478507525e-42,0.00200594893677807,1.48551956637708e-08,0
"18",8.10525370053372,38.2037573203817,-0.0197759562124637,-2.24499325238613,5.17006049457844,-0.0253346162307334,-0.0207098960730712,0.000177257319546581,-35.7273427328919,1.42091966051776,0.0555201668898636,0.256178640413401,-0.00182142485565696,-0.0555201668898636,-36.6655343928664,-1.54022158851806,-0.889857977578807,0.633679337165405,0,0.0460445123038045,-6.59669073077695e-289,-1.80790329443829e-42,0.0018214036832169,7.05748002008771e-09,0
"19",7.25597910444878,34.4494623272749,-0.00161029125259526,-2.09603943349112,4.63645648598182,-0.0240906360568599,-0.0142256573278844,0.000161373262439363,-32.1570611594784,1.32988770903219,0.0319858842148057,0.206511361845634,-0.00165143525567642,-0.0319858842148057,-32.9190959793185,-1.53217913810888,-0.750881875876587,0.544370514030951,0,0.0383162933847443,-2.41949605341585e-288,-2.71099723059227e-42,0.00165141689010137,6.12185835083549e-09,0
"20",6.49407664394056,31.006770468863,-0.000177194773776635,-1.95119302287392,4.14823440103666,-0.0228396385295879,-0.00975363850413966,0.000146195086408735,-28.8904514268697,1.24173676693594,0.0181247458805601,0.157766273441709,-0.00149464522375796,-0.0181247458805601,-29.4843590568246,-1.52405223540488,-0.645615215908655,0.487848942466942,0,0.0325932770337275,-9.10037315474116e-288,-4.1774270156739e-42,0.00149462828009353,5.64788814080918e-09,0
"21",5.78657339288741,27.8553413766258,4.06621725554405e-05,-1.81100801261328,3.70243997546535,-0.0215922149616449,-0.00668621049678294,0.000130450019063716,-25.9089169910575,1.15668565395679,0.0101033885987946,0.106237287768277,-0.00134985783804636,-0.0101033885987946,-26.3409867901466,-1.51583487867586,-0.544169840785013,0.437932553016733,0,0.0282784254584279,-3.52260382811799e-287,-6.63659722436767e-42,0.00134984217765956,5.22012893393854e-09,0
"22",5.11684322319528,24.9761085235868,0.000173412537099605,-1.67601268508196,3.29630951864995,-0.0203572934593825,-0.00459405151285818,0.000113331635807107,-23.1946720708913,1.0749412339353,0.00554086300602418,0.0476650906841682,-0.00121603114934101,-0.00554086300602418,-23.4699167098001,-1.50752116223044,-0.440103064420673,0.392437973736501,0,0.0249513449722407,-1.40845310483573e-286,-1.09101702395245e-41,0.0012160168079753,4.78045523661566e-09,0
"23",4.46982141567041,22.3511750976746,0.000313860846930251,-1.54670203780917,2.9272533054008,-0.0191426781521671,-0.00317523694385002,9.43963078700372e-05,-20.7309278027312,0.996695063719626,0.00298952225708481,-0.0229499727644755,-0.00109226099108888,-0.00298952225708481,-20.8532563111032,-1.49910543097642,-0.32797914014642,0.350929112910893,0,0.0223179150960171,-5.83930960791162e-286,-1.86351937649893e-41,0.00109224809714306,4.29798194089485e-09,0
"24",3.82957203352545,19.9637027491181,0.000477413171739181,-1.4235299118005,2.59283798288213,-0.0179553440446473,-0.00221844968437685,7.34678508149178e-05,-18.5020407158139,0.922119849103302,0.0015867176287569,-0.111723519864694,-0.000977765801432358,-0.0015867176287569,-18.4741715348671,-1.49058243666749,-0.201392004999045,0.313115524863737,0,0.0201737937290241,-2.52024416611648e-285,-3.32201480480137e-41,0.000977754565632915,3.74526648119348e-09,0
"25",3.17769438024884,17.7977973831714,0.000668950320113812,-1.30690099063845,2.29076859431142,-0.0168015702812362,-0.00157652157532677,5.05551767552959e-05,-16.4936399639039,0.851365805871088,0.000828267450252935,-0.226411091846385,-0.00087187307555687,-0.000828267450252935,-16.316772314273,-1.48194748785238,-0.0523280655610174,0.278739157407401,0,0.018378091856563,-1.1369781616484e-284,-6.21112538571468e-41,0.000871863777218317,3.09944618433956e-09,0
"26",2.49172056964915,15.8383969221958,0.000882854429839112,-1.19716294552692,2.01887093275238,-0.0156869711860341,-0.00114749829350693,2.57809935805708e-05,-14.6927489528016,0.784557078349095,0.000425021099532533,-0.377053212027169,-0.000774007358555413,-0.000425021099532533,-14.3660001182555,-1.47319658523867,0.129480670588993,0.247572541438175,0,0.016834469479541,-5.38380136286849e-284,-1.22451384904182e-40,0.000774000304829482,2.35124197702333e-09,0
"27",1.743445339356,14.0711663061613,0.00109626463156323,-1.09459908750552,1.77507498798058,-0.0146164671616819,-0.000861156888856913,-6.8254254378397e-07,-13.0879121886076,0.721788411927511,0.00021420625495082,-0.576713229524223,-0.000683679641678254,-0.000214206254950821,-12.6075227640934,-1.46432653459333,0.357284850207664,0.219428379316557,0,0.0154776240505388,-2.68701695437086e-283,-2.56029140531521e-40,0.000683675067980313,1.52456598027254e-09,0
"28",0.897233633169031,12.4824048279903,0.00126288186567779,-0.999421934067204,1.5574002199376,-0.0135942255684812,-0.000669455324967758,-2.86755742702594e-05,-11.6693296283527,0.663122300704626,0.000105860134035352,-0.842262427244508,-0.000600477943058281,-0.000105860134035352,-11.027641597763,-1.45533503046475,0.648094015297196,0.194168411947313,0,0.0142636808934489,-1.4194320477354e-282,-5.71255017468055e-40,0.000600475811688855,7.10456475426377e-10,0
"29",-0.0915648135780764,11.0589701626246,0.00131471935005381,-0.911768089175847,1.36394327690906,-0.0126235936734532,-0.000539802083850989,-5.81139237456424e-05,-10.4289881888451,0.608586829311232,5.11541074833904e-05,-1.19513141919233,-0.000524058745069349,-5.11541074833904e-05,-9.61321540124207,-1.4462207058643,1.02343211365769,0.171699305534646,0,0.0131633957573042,-7.96934112699408e-282,-1.3690793055268e-39,0.000524058405486394,1.13194318361189e-10,0
"30",-1.27784651844314,9.78822218399996,0.00118105708689389,-0.83169476653944,1.19286858204719,-0.0117070403516796,-0.000450335994362358,-8.90586907604102e-05,-9.36076286212619,0.558174395177757,2.40546385453773e-05,-1.66189136424958,-0.000454135712086345,-2.40546385453773e-05,-8.35160411841676,-1.43698314542736,1.50995118481382,0.151940179435756,0,0.0121573763460419,-4.7748150728702e-281,-3.54869161168757e-39,0.000454138534926111,-9.4094658866899e-10,0
"31",-2.72721959483415,8.65798800107048,0.000826654694836982,-0.759178159655597,1.0424019596639,-0.0108461194223512,-0.000386628544280871,-0.000121798007949189,-8.46043807017144,0.511841434811672,1.09224840601181e-05,-2.27445312417182,-0.000390447464000362,-1.09224840601181e-05,-7.23063382408022,-1.42762286222947,2.13969473081751,0.134758393354307,0,0.0112327479666321,-3.06492629098078e-280,-1.00195168182536e-38,0.000390483247164628,-1.192772142195e-08,0
"32",-4.51508816219539,7.65654778834508,0.000291168252145306,-0.694113693913637,0.910827196992089,-0.0100414645836092,-0.00033938332297335,-0.000156949750890581,-7.7255747565162,0.469509191125661,4.73216831008602e-06,-3.06958235656614,-0.000332782610263296,-4.73216831008602e-06,-6.23858249924762,-1.41814124106212,2.94967876659198,0.119903589974161,0,0.0103808479065825,-2.11560322675103e-279,-3.10417986059753e-38,0.000332901715560294,-3.97017656659811e-08,0
"33",-6.72354016532155,6.77263918727422,-0.00030580389405295,-0.636318011924927,0.796485179674757,-0.00929282333421536,-0.000302825493019917,-0.00019559941834314,-7.15512399169349,0.431065459325524,1.9226575936407e-06,-4.08733835558466,-0.000280970814792124,-1.9226575936407e-06,-5.36418436913926,-1.40854045326656,3.98033900538876,0.106999350195899,0,0.00959564882723528,-1.57586026373279e-278,-1.06317183203723e-37,0.000281234549940107,-8.79117159944323e-08,0
"34",-9.43511624626833,5.9954765605029,-0.000814099476921485,-0.585532377020543,0.697775042341971,-0.00859913453005099,-0.000273560519840018,-0.000239499174037247,-6.74867105812082,0.396367150539584,7.15755436023822e-07,-5.36798386005358,-0.000234872785788206,-7.15755436023822e-07,-4.59664905247601,-1.39882334992794,5.27235807327054,0.095625786783035,0,0.00887269504989101,-1.27077128564796e-277,-4.05573402181693e-37,0.000235341075081677,-1.56096431157091e-07,0
"35",-12.7226218860131,5.31478039881202,-0.00112743424241105,-0.541427068588073,0.613156673950673,-0.00795865071423541,-0.00024974565925477,-0.000291386634324639,-6.50519742041939,0.365243431018231,2.3728490128692e-07,-6.94693105265974,-0.000194366736539955,-2.3728490128692e-07,-3.92569075533609,-1.3889933411827,6.86148698289659,0.0854440697631432,0,0.00820839637349018,-1.11261169307926e-276,-1.73612882235367e-36,0.000195084341090433,-2.39201516826133e-07,0
"36",-16.6345019852963,4.72081186706476,-0.00122520060734257,-0.503606322033861,0.541153931014442,-0.00736910138456337,-0.000230467926935958,-0.000355586954464585,-6.42128878190443,0.337499146034044,6.78650538145084e-08,-8.84745356244255,-0.000159326283056934,-6.78650538145084e-08,-3.34156232490408,-1.37905426954335,8.77118693223322,0.0762666302093311,0,0.00759956931149933,-1.06037974283699e-275,-8.40098310000531e-36,0.000160314337128646,-3.29351357237207e-07,0
"37",-21.1760363477541,4.20440800040333,-0.00115704662972697,-0.471613464415562,0.480358040413548,-0.00682788643309438,-0.000215264381952837,-0.000439406985656317,-6.48881466743666,0.312918236110273,1.62213016451407e-08,-11.0712807570104,-0.000129595250451751,-1.62213016451407e-08,-2.83508915988148,-1.3690102845663,11.0032487581274,0.06803199888303,0,0.00704315081504722,-1.10253010613158e-274,-4.62835567396652e-35,0.000130851030101358,-4.18593216535489e-07,0
"38",-26.2878828714984,3.75701482056452,-0.000997725452415472,-0.444936130955299,0.429430894470154,-0.00633228051116517,-0.000203757363117064,-0.000556903418651296,-6.69227253806388,0.291266911642383,3.14887345899174e-09,-13.587851127143,-0.000104967705210787,-3.14887345899174e-09,-2.39769866250515,-1.35886572504233,13.5271211039346,0.0607300232083286,0,0.00653603787428223,-1.25304379198784e-273,-2.92337188216035e-34,0.000106470401619,-5.00898802737927e-07,0
"39",-31.8253041604052,3.37071969116823,-0.000810801740806715,-0.423011814935002,0.387108208929054,-0.00587962119452198,-0.000195407218484486,-0.0007396226331442,-7.00622355716837,0.272296479751266,4.85120282336703e-10,-16.3239119346217,-8.51800629982046e-05,-4.85120282336703e-10,-2.0214419535246,-1.34862501339027,16.2695702148236,0.0543417197981119,0,0.00607502841300646,-1.55924881638763e-272,-2.13105718720692e-33,8.68983797841734e-05,-5.72772261989602e-07,0
"40",-37.543422165819,3.03829277815223,-0.000635442416571679,-0.405234468636144,0.352202763958519,-0.00546745084267001,-0.000189401929716787,-0.00106626132906691,-7.39351055671166,0.255745915417712,5.83577408599564e-11,-19.1561449509286,-6.99203875603506e-05,-5.83577408599564e-11,-1.69900577048847,-1.33829256530695,19.1073275075543,0.0488174433742854,0,0.0056568527723868,-2.12763470056118e-271,-1.80434765037085e-32,7.18189722656453e-05,-6.32861568431565e-07,0
"41",-43.0952984848425,2.75326324887906,-0.000489293833852221,-0.39096334721915,0.323608101011584,-0.00509358935712403,-0.000184699088805064,-0.00173777966883581,-7.805157567388,0.241344519139144,5.42971363724801e-12,-21.9102143432215,-5.88595945898785e-05,-5.42971363724801e-12,-1.42371365630083,-1.32787271616771,21.8661326460869,0.0440816971345912,0,0.00527828844592909,-3.18831421252075e-270,-1.78516859199475e-31,6.09032583134302e-05,-6.81221241183894e-07,0
"42",-48.0494855440005,2.51007701447015,-0.000376539692196693,-0.379535602310818,0.300303027193717,-0.00475613631433188,-0.000180207778939646,-0.0032446316839057,-8.18287177580783,0.228815249604805,3.89395899010694e-13,-24.3695547844952,-5.17084181412655e-05,-3.89395899010694e-13,-1.18951658278741,-1.31736966432546,24.3295083724614,0.040046412033834,0,0.00493634409327153,-5.25560145063173e-269,-2.0756222683638e-30,5.38643266242094e-05,-7.18636160981298e-07,0
"43",-51.9309474422262,2.30438953282081,-0.000294993809768156,-0.370284028306893,0.281357030849498,-0.00445343468939742,-0.000175053762473202,-0.00667868272112215,-8.46473897223161,0.217879452631238,2.15589094571859e-14,-26.295846881602,-4.83006835946626e-05,-2.15589094571859e-14,-0.990973958800965,-1.3067874304077,26.2592244143834,0.0366224672186298,0,0.00462848845187062,-9.54873026181574e-268,-2.85141801302385e-29,5.05391089828851e-05,-7.46141796074165e-07,0
"44",-54.2836250848195,2.13348526549777,-0.000240647332603204,-0.362560544307825,0.265936242379679,-0.00418406588151191,-0.000168829978642287,-0.0141799134892444,-8.59387791461681,0.208263573107714,9.26564516852015e-16,-27.4603166280885,-4.86972128524252e-05,-9.26564516852015e-16,-0.823226512419263,-1.29612983098397,27.4265897871632,0.0337268409252103,0,0.00435289586015419,-1.91704188535026e-266,-4.65169928945762e-28,5.09913947043276e-05,-7.64727283967489e-07,0
"45",-54.7455445987518,1.99661261714514,-0.00021016778917357,-0.355764304245226,0.25330898462321,-0.00394697054793577,-0.000161718051698563,-0.0293049518322494,-8.52849377319271,0.199707907927793,3.11754132626293e-17,-27.6813077015025,-5.32967501155821e-05,-3.11754132626293e-17,-0.681962822992995,-1.2854004645544,27.650021452958,0.0312862485444958,0,0.00410868859963434,-4.26670003232623e-265,-9.05445955948994e-27,5.56222345043547e-05,-7.75161462924185e-07,0
"46",-53.1209293398344,1.89469628393265,-0.000202304617222659,-0.349371070698136,0.242849471621385,-0.0037417769306515,-0.000154390929931664,-0.0567774925247819,-8.25031503241556,0.191976577509338,8.29911706958045e-19,-26.8603549372561,-6.29330600983208e-05,-8.29911706958045e-19,-0.563381350470204,-1.27460270764504,26.831116049542,0.0292388877140822,0,0.00389616786058316,-1.05705472765958e-263,-2.11227109136802e-25,6.52667073830018e-05,-7.77882428227012e-07,0
"47",-49.4314877498545,1.82871797878995,-0.000219070448923456,-0.342958655341423,0.234038145163958,-0.00356933733983398,-0.00014767706036831,-0.100909792910064,-7.76777260729602,0.18486700515838,1.76910910566881e-20,-25.0078422139117,-7.89338325630024e-05,-1.76910910566881e-20,-0.464149719595972,-1.26373971882685,24.9803064472207,0.0275357666909156,0,0.00371701440020229,-2.92945052316289e-262,-5.93047172611434e-24,8.12525429430652e-05,-7.72903460020918e-07,0
"48",-43.9325727294524,1.79657032123114,-0.000267532132011763,-0.336223186886381,0.226457728472718,-0.00343230993981767,-0.000142075994406877,-0.162498451382344,-7.11174810958581,0.178216862702609,3.05902070178259e-22,-22.2510897785338,-0.000103119877801981,-3.05902070178259e-22,-0.381362820177624,-1.25281444864143,22.2249467481772,0.0261430303565844,0,0.00357438593422454,-9.13349475757374e-261,-2.01178327424235e-22,0.000105398970252084,-7.59697483367554e-07,0
"49",-37.0878057029329,1.78961832738759,-0.000363451387193091,-0.328983354589046,0.219785232762177,-0.0033354283120263,-0.000137332458641407,-0.235427587815921,-6.32556187138453,0.17190703707533,4.34811375176917e-24,-18.8216665656455,-0.000137733502164644,-4.34811375176917e-24,-0.312501030482962,-1.24182965366216,18.7966191948873,0.0250473707582605,0,0.00347276077066771,-3.22420401751952e-259,-8.27574405688938e-21,0.000139944573454022,-7.37023763126032e-07,0
"50",-29.504553624008,1.79166073712128,-0.00054201691319,-0.321173377609043,0.213781279282351,-0.00328502637702939,-0.000132327287241998,-0.305670635887092,-5.45488245438198,0.165860389612332,5.14892054873205e-26,-15.023124873521,-0.000185301762312082,-5.14892054873205e-26,-0.255389597748345,-1.23078791320071,14.9988515989026,0.0242732746183648,0,0.00341735366427139,-1.29772035310252e-257,-4.14206966943698e-19,0.00018740971487064,-7.02650852852696e-07,0
"51",-21.8401002349262,1.78260583347449,-0.000995519083021923,-0.312827679617044,0.20827837811029,-0.00328760865144775,-0.000125440636227374,-0.355004659022175,-4.54342742523885,0.160037035111693,5.14660801626019e-28,-11.1841400546897,-0.000248459830016684,-5.14660801626019e-28,-0.208159945294557,-1.21969164745313,11.1600281834041,0.0241118712856384,0,0.00341304928767512,-6.00145017471331e-256,-2.52986232186697e-17,0.00025041829537412,-6.52821785812106e-07,-1.11068921578987e-318
"52",-14.692113090401,1.74608481954917,-0.00582608903260711,-0.304059654864893,0.203168952602363,-0.00334778024185681,-0.0001152787678444,-0.368659764877099,-3.63503370359642,0.154426979309332,4.39730338531936e-30,-7.60560188890992,-0.000329784782377994,-4.39730338531936e-30,-0.16921343721325,-1.20854313614614,7.57422697475743,0.0313749141524944,0,0.00346305900970121,-3.21705421554149e-254,-1.88966536768382e-15,0.000331518687319038,-5.77968313681374e-07,-8.65458497312455e-317
"53",-8.42632166727449,1.67655448575277,-0.101430578949705,-0.29503518729601,0.198392712539236,-0.00346636831948059,-0.000101386488503211,-0.342455066252283,-2.77619049696533,0.149040668697347,3.24994133159832e-32,-4.51362452106155,-0.00043192028765434,-3.24994133159832e-32,-0.137187927995718,-1.1973445369805,4.32358909107823,0.190035429983834,0,0.00356775480798381,-2.0203218091454e-252,-1.71447652235047e-13,0.000433045475728961,-3.75062691540321e-07,-8.92432216778467e-315
"54",-2.56884210034138,1.58102110463429,-1.00770422236776,-0.285941908582678,0.193922774655408,-0.00363963149487606,-8.45277892621055e-05,-0.284552949281544,-2.0124994370668,0.143898258440505,2.10078268831401e-34,-2.03128795710067,-0.000557177367817526,-2.10078268831401e-34,-0.110927258699818,-1.18609790336871,0.331387632037958,1.69990032511193,0,0.00372415928413816,-1.50746300820443e-250,-1.64047503794633e-11,0.000557006715783075,5.68840114837524e-08,-1.13954743991316e-312
"55",1.61662340120583,1.47440444987795,-1.49750896161559,-0.27695816015426,0.189751123542792,-0.00385992087616106,-6.6383815705362e-05,-0.210850089566034,-1.37905251638367,0.139019286849789,1.19973445953397e-36,-0.176949932945103,-0.000707409984467253,-1.19973445953397e-36,-0.0894537320802211,-1.1748052011285,-2.33877346931765,2.51572340325005,0,0.00392630469186642,-1.36315380405706e-248,-3.29099342683153e-10,0.000704572896813626,9.45695884542342e-07,-1.80325464349851e-310
"56",3.58326592188439,1.37213205390737,-0.899354746991262,-0.2682281295873,0.185875491399559,-0.00411739755129009,-4.88856482887909e-05,-0.137596860688441,-0.891352941192197,0.134414947535618,6.10858654497707e-39,1.11166952201852,-0.000883142616677116,-6.10858654497707e-39,-0.0719435029291203,-1.16346832392404,-2.62985614454471,1.51678768188921,0,0.00416628319957888,-1.53692702147037e-246,0.000466313545662443,0.00087663363423036,2.16966081558547e-06,-3.54766340037564e-308
"57",4.74726434142115,1.28461307313105,-0.413281258140417,-0.259848482689083,0.182290006378977,-0.00440197931943195,-3.35741446188716e-05,-0.0758938902105712,-0.543226125974336,0.130084435081218,2.79560359645231e-41,1.94260521382976,-0.00108489604285489,-2.79560359645231e-41,-0.0577047519252396,-1.15208910734645,-2.64972999794474,0.700933921723475,0,0.00443555346405082,-2.24332185908394e-244,0.00206362079716922,0.00107467635120871,3.40656388206044e-06,-8.7043955047821e-306
"58",5.42167669687991,1.2156935449599,-0.102739668529828,-0.251867493029452,0.178980731344055,-0.00470480344411105,-2.126748586914e-05,-0.0301660398181228,-0.312443312918525,0.12601529088856,1.15827639203041e-43,2.44065356246764,-0.00131396392345983,-1.15827639203041e-43,-0.0461584665073611,-1.1406693416003,-2.62928995107552,0.177458136371164,0,0.00472607092998019,-4.40962006890749e-242,0.00372608407890738,0.00130030296588814,4.55365252389848e-06,-2.67166165227117e-303
"59",5.77832745387185,1.16418490711925,0.0777357261003727,-0.244293368215153,0.175925482942614,-0.00501892385161398,-1.20746282312753e-05,0.00029231164036125,-0.169880203399296,0.122186388573065,4.37220424068005e-46,2.71447516712303,-0.00157192656742024,-4.37220424068005e-46,-0.0368216258468939,-1.12921078281565,-2.60140007549081,-0.129552244303224,0,0.00503099847984526,-1.19660475813287e-239,0.00549238422366807,0.00155518990293261,5.57888816254336e-06,-1.02895901835575e-300
"60",5.93945964433702,1.12640992258293,0.17443311493795,-0.237106667664411,0.173096238482673,-0.00533935322494905,-5.61948609222721e-06,0.0187567311133263,-0.0874880398222837,0.118571836298717,1.51201956154077e-48,2.8483660902211,-0.00186051688210264,-1.51201956154077e-48,-0.0292925745867432,-1.11771516304224,-2.57318939177005,-0.297388346649623,0,0.00534497271104128,-4.47438986963001e-237,0.00740388273285864,0.0018410839327216,6.47764979368105e-06,-4.98782480796028e-298
"61",5.98821390571974,1.09826662712284,0.221520704250876,-0.230272471664018,0.170462363892075,-0.00566273130666931,-1.30877218493088e-06,0.0289961515497341,-0.0427609308238363,0.115144492903762,4.81403594788729e-51,2.90101871324893,-0.0021815573483381,-4.81403594788729e-51,-0.0232383679795791,-1.10618419900614,-2.54639912005201,-0.382991626012444,0,0.00566404007885424,-2.25706410779778e-234,0.00945734427184221,0.00215978831314401,7.25634506469756e-06,-3.05240827234829e-295
"62",5.9767747886017,1.07632918849232,0.241149923109421,-0.223749896832045,0.167993462973149,-0.00598687921701276,1.46312031205163e-06,0.0341611476616267,-0.0198715339000324,0.111878479278066,1.41720219644624e-53,2.90964071193388,-0.0025369151979279,-1.41720219644624e-53,-0.018383876396585,-1.09461959972261,-2.52131499169126,-0.423271095361697,0,0.00598541609670071,-1.50019904499607e-231,0.0116484583730267,0.00251313996524668,7.92507756040624e-06,-2.36546391467444e-292
"63",5.93540639663329,1.05816228296518,0.246447425230621,-0.217498340584209,0.165661334471182,-0.00631039696422333,3.20310848776068e-06,0.0364602551642998,-0.0087942942269594,0.108750617816312,3.87245574960953e-56,2.89596514191738,-0.00292846547733808,-3.87245574960953e-56,-0.0145024475018987,-1.08302307306543,-2.49778937413613,-0.440101684132819,0,0.00630719385573557,-1.29281562375953e-228,0.0139753054505243,0.00290298243784353,8.4943464981825e-06,-2.3284178743796e-289
"64",5.88035882521678,1.04221109167122,0.244630214854896,-0.211480903885452,0.163441015435446,-0.00663236373888357,4.28540216466516e-06,0.0372620393348181,-0.00371157012592142,0.105741021149243,9.8549115386107e-59,2.87175925603122,-0.0033580593947165,-9.8549115386107e-59,-0.0114079378518418,-1.07139633139434,-2.47555850231104,-0.445512122065661,0,0.0066280783367189,-1.4329558541123e-225,0.016437122781825,0.00333113824014488,8.97371819054145e-06,-2.92019459576864e-286
"65",5.81968858354528,1.0275536417606,0.239407761107631,-0.205665820436806,0.16131112322497,-0.00695214095084205,4.96248412508319e-06,0.0373360128839266,-0.00149559245328361,0.102833125000507,2.34290700864784e-61,2.8429350564797,-0.00382749693497553,-2.34290700864784e-61,-0.00894794088907245,-1.05974109633923,-2.45434972150516,-0.44568537035877,0,0.00694717846671697,-2.03779121236514e-222,0.019033345128077,0.00379938258377392,9.37145040053387e-06,-4.68072154541843e-283
"66",5.75703510570265,1.01366715335275,0.232570099194193,-0.200026680799505,0.15925375490326,-0.00726925382726364,5.39370328643141e-06,0.0370805841017427,-0.000575973142095496,0.100013418198854,5.21777708207866e-64,2.81223163399984,-0.00433850323006085,-5.21777708207866e-64,-0.00699805423709897,-1.0480591028351,-2.43391708241374,-0.443603732919665,0,0.00726386012397721,-3.7201354992241e-219,0.0217630604445211,0.00430941961770331,9.69453745251195e-06,-9.61873044240509e-280
"67",5.69383638619174,1.0002590338631,0.224929815025106,-0.194542035666381,0.157254156840291,-0.00758332456096651,5.67493865148375e-06,0.0366872518417574,-0.000212175199170604,0.0972710448942578,1.0912461630241e-66,2.78079438843453,-0.00489270864041304,-1.0912461630241e-66,-0.00545704513080892,-1.03635210249526,-2.41405060586546,-0.440617955899473,0,0.00757764962231503,-8.73617060159073e-216,0.0246247244434652,0.00486286192121474,9.94890639943263e-06,-2.54209343177112e-276
"68",5.63052152741381,0.987161711594479,0.216834029988326,-0.189194746546896,0.155300307146537,-0.00789403589053854,5.86224459316947e-06,0.0362417289218386,-7.48182761591581e-05,0.0945973823149152,2.14806485107057e-69,2.74902784900918,-0.00549163304536905,-2.14806485107057e-69,-0.00424278824241163,-1.02462186640284,-2.39457577891351,-0.437300116870051,0,0.00788817364594537,-2.64629176536356e-212,0.0276160155914614,0.00546121412893317,1.01396388119607e-05,-8.66784154041187e-273
"69",5.56710408309377,0.974273582816418,0.208422437634371,-0.183971286638949,0.153382492631963,-0.00820111130634174,5.98815056189923e-06,0.0357796074634223,-2.52706113403494e-05,0.09198564622198,3.98800144456185e-72,2.71702193479295,-0.00613667537067971,-3.98800144456185e-72,-0.00328886475170341,-1.01287018739325,-2.37534972601497,-0.433873480493211,0,0.00819512315577985,-1.03713369567274e-208,0.0307337572384106,0.00610586186511205,1.02711685225533e-05,-3.82530256485633e-269
"70",5.50345529089982,0.961528181003547,0.199748780294563,-0.178861088389468,0.151492920014229,-0.00850430387100218,6.07184801737571e-06,0.0353143584597797,-8.18008855805169e-06,0.0894305450902073,6.99629670822649e-75,2.68474983734597,-0.006829109821633,-6.99629670822649e-75,-0.00254172506675876,-1.00109888189253,-2.35625660262987,-0.430414833678278,0,0.0084982320229848,-5.27595699476699e-205,0.0339738663207239,0.00679806749596381,1.03474418897297e-05,-2.19209331911808e-265
"71",5.43941955383607,0.948878785482593,0.19083450509536,-0.173855974374432,0.14962537628279,-0.00880338940015518,6.1251185543682e-06,0.0348503614332592,-2.53889680373466e-06,0.0869279874527831,1.16183076302723e-77,2.65215305533995,-0.00757009060300367,-1.16183076302723e-77,-0.00195833002296515,-0.989309791369278,-2.3372031805408,-0.426943801058089,0,0.00879726428160081,-3.49509958822559e-201,0.0373313087529778,0.00753897447639131,1.03720422041176e-05,-1.63646818636971e-261
"72",5.37485784950017,0.936290805212706,0.18169104420231,-0.168949678183741,0.147774940239592,-0.00909816189036221,6.15561051127214e-06,0.0343885526495261,-7.55899273631173e-07,0.0844748391675932,1.82927368044111e-80,2.61917464283144,-0.00836066708222783,-1.82927368044111e-80,-0.00150419663976024,-0.977504783450863,-2.31811494675737,-0.423459855784254,0,0.00909200627985094,-3.02519706430343e-197,0.0408000532367288,0.00832962222839136,1.03482846121566e-05,-1.59677003427216e-257
"73",5.30966067072237,0.923737852990905,0.172328502738439,-0.164137448950382,0.14593774144623,-0.00938843018921791,6.16859239264125e-06,0.0339287108385374,-2.1596445900421e-07,0.082068724495954,2.73479179678075e-83,2.58577037273475,-0.00920181139186484,-2.73479179678075e-83,-0.0011517846080166,-0.965685752748367,-2.29893277826161,-0.419956657650368,0,0.00938226159682527,-3.43277223995307e-193,0.0443730210590752,0.00917097352694102,1.02792883079386e-05,-2.04319013174233e-253
"74",5.24374922715355,0.911199517313503,0.162758819567175,-0.159415728668983,0.144110760757341,-0.00967401543414388,6.16788193381901e-06,0.0334703164938742,-5.92313594892932e-08,0.0797078643399672,3.88761247814893e-86,2.55191122359052,-0.0100944603774596,-3.88761247814893e-86,-0.000879168661256651,-0.953854621428681,-2.27961015776292,-0.416427162039603,0,0.00966784755221006,-5.1240188709823e-189,0.0480420320706694,0.0100639562825601,1.01680316331696e-05,-3.44006394185886e-249
"75",5.17707273920337,0.898659922569251,0.152996821341749,-0.154781890839504,0.142291666334246,-0.0099547490269408,6.15634731986284e-06,0.0330128455102432,-1.55994905794777e-08,0.0773909454211412,5.26159774028276e-89,2.51758282624514,-0.0110395735863999,-5.26159774028277e-89,-0.000668949915746748,-0.94201333956704,-2.26011086525326,-0.412865205152511,0,0.00994859267962094,-1.00958568071206e-184,0.0517977480535416,0.0110095214032923,1.00173943691827e-05,-7.64697465243766e-245
"76",5.10960484340236,0.886106680006352,0.143060530488879,-0.150234029902873,0.140478679476068,-0.0102304710164938,6.13619129210818e-06,0.0325558534211009,-3.94625898179645e-09,0.0751170149517754,6.7882024045689e-92,2.48278406991666,-0.0120382086770029,-6.7882024045689e-92,-0.000507366224989818,-0.930163885308456,-2.24040707590519,-0.409265839080874,0,0.0102243348252017,-2.63480992108034e-180,0.055629615023134,0.0120087181059924,9.83019033681645e-06,-2.25199000892828e-240
"77",5.04134014989291,0.873530056695168,0.13297123432579,-0.145770792335798,0.138670465287154,-0.010501028808541,6.10912482505149e-06,0.0320989881825733,-9.59168969479779e-10,0.0728853961679785,8.35772509541089e-95,2.44752564971763,-0.0130916152282985,-8.35772509541089e-95,-0.000383567666086594,-0.918308264862365,-2.22047779996481,-0.405625268072326,0,0.010494919683716,-9.14007921253441e-176,0.0595258061065017,0.0130627876507101,9.60919252946554e-06,-8.81655885602351e-236
"78",4.9722912366568,0.860922283349979,0.12275349051904,-0.141391241699366,0.136866043908553,-0.010766276143615,6.07648267211772e-06,0.0316419815178729,-2.24052224039493e-10,0.0706956208497008,9.83063441538512e-98,2.41182879212398,-0.0142013474836309,-9.83063441538512e-98,-0.000289028543296889,-0.906448512351105,-2.20030760809256,-0.401940684122108,0,0.0107601996609429,-4.22940531577198e-171,0.0634731666968954,0.0141732760265505,9.35715236014689e-06,-4.60472016013664e-231
"79",4.90248610017943,0.848276960015697,0.112435122506358,-0.137094751231279,0.135064718697426,-0.0110260722966333,6.0393061166274e-06,0.0311846356884372,-5.03097134904627e-11,0.0685473756156434,1.10578888629501e-100,2.37572420019071,-0.0153693961088032,-1.10578888629501e-100,-0.000217071840890754,-0.894586689529609,-2.17988559360459,-0.398210097620265,0,0.0110200329905166,-2.61989307375502e-166,0.0674571636780492,0.0153421656663651,9.07681414601681e-06,-3.21964039390189e-226
"80",4.83196600149078,0.835588534657232,0.102047216515525,-0.132880918693155,0.133266018317502,-0.0112802814598703,5.99840540215432e-06,0.0307268108343736,-1.08617904680649e-11,0.0664404593465784,1.19061839868866e-103,2.3392511976767,-0.0165983386387436,-1.19061839868866e-103,-0.000162485962557245,-0.882724885390903,-2.15920453041981,-0.394432189239803,0,0.0112742830544682,-2.18031703574463e-161,0.0714618406609708,0.0165720258618542,8.77092562979113e-06,-3.02448969807795e-221
"81",4.76078362964729,0.822851837211477,0.0916241181196301,-0.128749499134797,0.13146965020417,-0.0115287722773483,5.95440831782697e-06,0.0302684141473732,-2.25523685056176e-12,0.0643747495673986,1.22821015679685e-106,2.30245703491572,-0.0178915079790947,-1.22821015679685e-106,-0.000121216933008603,-0.870865215669617,-2.13826019200091,-0.390606187066875,0,0.0115228178690305,-2.44654508513138e-156,0.0754697813840214,0.0178661812437755,8.44224510642186e-06,-3.83079771259155e-216
"82",4.68900150760524,0.810061655838588,0.0812034219931683,-0.124700352033853,0.129675463295373,-0.0117714175038527,5.90779861847374e-06,0.0298093909577715,-4.50416856764577e-13,0.0623501760169267,1.21490400438462e-109,2.2653963178029,-0.0192531781721577,-1.21490400438462e-109,-9.01220782494395e-05,-0.859009822253598,-2.11705080219226,-0.386731766681536,0,0.0117655097052343,-3.71497774770621e-151,0.0794620836903003,0.0192288975354876,8.09354555668653e-06,-6.56568957429419e-211
"83",4.61669057292139,0.797212344785519,0.0708259471468861,-0.120733399932025,0.127883418282218,-0.0120080937661287,5.85894661541218e-06,0.0293497175075033,-8.65478920074951e-14,0.0603666999660123,1.15326995155812e-112,2.22813052383577,-0.0206887666748754,-1.15326995155812e-112,-6.67736076725583e-05,-0.847160872512022,-2.09557659367151,-0.382808970596767,0,0.0120022348195133,-7.66131826453618e-146,0.0834183468108386,0.0206655838266724,7.72761606767715e-06,-1.52825386322641e-205
"84",4.5439288729633,0.784297455082596,0.0605356892926738,-0.116848596237388,0.126093563939322,-0.0122386814075062,5.8081335785028e-06,0.0288893951328873,-1.60030593668552e-14,0.0584242981186942,1.0514118218363e-115,2.19072757229684,-0.0222050526647149,-1.0514118218363e-115,-4.93025511320028e-05,-0.835320558546875,-2.07383945383553,-0.3788381435942,0,0.0122328732739277,-2.15361746897758e-140,0.0873166750442964,0.0221830108825235,7.34726073047497e-06,-4.84854213907281e-200
"85",4.47080031995651,0.771309380453187,0.0503797414744486,-0.113045900314054,0.124306018352067,-0.012463064400333,5.75557118925075e-06,0.0284284456040374,-2.84798435283141e-15,0.0565229501570272,9.21265164961489e-119,2.15326141839272,-0.0238104114106371,-9.21265164961489e-119,-3.62752090063097e-05,-0.823491096373438,-2.05184264141984,-0.374819880962976,0,0.0124573088291437,-8.28166627859251e-135,0.0911337013300318,0.0237895455252207,6.95529513878123e-06,-2.10430153494173e-194
"86",4.39739345497939,0.758239011416915,0.040408173519013,-0.109325258350544,0.122520954072959,-0.0126811303132396,5.70141702584404e-06,0.0279669074047935,-4.87912753242251e-16,0.054662629175272,7.76369606793876e-122,2.11581164325754,-0.0255150655333332,-7.76369606793876e-122,-2.65956989525511e-05,-0.8116747250344,-2.02959056008755,-0.370754987141308,0,0.0126754288962138,-4.37222467809939e-129,0.0948446346571028,0.0254954019116442,6.55454056300974e-06,-1.25391394917801e-188
"87",4.323800172015,0.745075390662076,0.0306738601782567,-0.105686588800357,0.120738586418345,-0.0128927703224886,5.6457868834358e-06,0.0275048327731146,-8.04817739459933e-17,0.0528432944001784,6.29669780980681e-125,2.07846301319864,-0.0273313550338566,-6.29669780980681e-125,-1.94293702126625e-05,-0.79987370565132,-2.00708857769043,-0.366644442700298,0,0.0128871245356052,-3.18016083883635e-123,0.0984233357306959,0.0273129115863416,6.14781583833287e-06,-1.02960334003701e-182
"88",4.25011435357101,0.731805362402493,0.0212322470609385,-0.102129771433519,0.118959164265237,-0.0130978792585271,5.58876462804173e-06,0.0270422853534081,-1.27844987521883e-17,0.0510648857167596,4.91805273733861e-128,2.0413049824903,-0.0292740292822335,-4.91805273733861e-128,-1.41428406873412e-05,-0.788090320416508,-1.98434288196941,-0.362489377984091,0,0.0130922904938991,-3.19775009074203e-117,0.101842425821067,0.0292568155012943,5.73792697972032e-06,-1.16919589093277e-176
"89",4.17643036843358,0.718413207685091,0.0121410426134587,-0.0986546392362631,0.117182962830571,-0.0132963556804171,5.53041029652795e-06,0.0265793383389903,-1.9560506698856e-18,0.0493273196181315,3.70146075753683e-131,2.00443111450169,-0.0313605656920094,-3.70146075753683e-131,-1.0257224732966e-05,-0.776326871527797,-1.96136036517993,-0.358291052033859,0,0.0132908252701206,-4.4598149926607e-111,0.105073434237363,0.0313445827284483,5.32765452034181e-06,-1.84280802144541e-170
"90",4.10284138019066,0.70488025659676,0.0034598235337999,-0.0952609725556065,0.115410278016011,-0.013488101972113,5.47076747581445e-06,0.0261160730052421,-2.88314035427259e-19,0.0476304862778033,2.68599552031508e-134,1.96793839607406,-0.0336115214697505,-2.68599552031508e-134,-7.41178784355497e-06,-0.764585680068227,-1.93814853155334,-0.354050835683337,0,0.0134826312046371,-8.65381768391225e-105,0.108086990387541,0.0335967622540685,4.91973856069417e-06,-4.04566097142331e-164
"91",4.0294374128247,0.691184467272939,-0.00475045988587246,-0.0919484950134622,0.113641421983963,-0.0136730244556217,5.40987223382645e-06,0.0256525775526294,-4.09465528036938e-20,0.0459742475067311,1.88031996994305e-137,1.93192641991781,-0.0360509264027284,-1.88031996994305e-137,-5.33581142788931e-06,-0.752869084832328,-1.91471542268025,-0.349770197928227,0,0.0136676145833879,-2.34278853180947e-98,0.110853066896889,0.0360373758181869,4.51686151380705e-06,-1.24144830397876e-157
"92",3.95630311793434,0.677299961016967,-0.0124280928964508,-0.0887168708168197,0.111876719697695,-0.0138510335169627,5.3477700172307e-06,0.0251889461941537,-5.60253300884237e-21,0.0443584354084098,1.27053045341377e-140,1.89649640941644,-0.0387067256717188,-1.27053045336034e-140,-3.8268968474752e-06,-0.741179441100382,-1.89106955686243,-0.345450694847344,0,0.0138456857469454,-8.87003052359351e-92,0.113341280764445,0.0386943607861089,4.12162853663916e-06,-5.34283642253608e-151
"93",3.88351518871601,0.663196503611247,-0.0195113353015786,-0.0855657031714109,0.110116506213093,-0.0140220437415616,5.2845604402503e-06,0.0247252784344879,-7.39123308482248e-22,0.0427828515857054,1.15261480368376e-143,1.86175005952636,-0.0416112812529558,-8.29065268655389e-144,-2.73429987622045e-06,-0.729519119361866,-1.86721987924987,-0.341093960493894,0,0.0140167591811213,-4.7048442092655e-85,0.115521260072467,0.0416000716160073,3.73654564948607e-06,-3.23549535028375e-144
"94",3.81113937151621,0.648838926652126,-0.0259393069934669,-0.0824945335701046,0.108361124553727,-0.0141859740563013,5.2205340199207e-06,0.0242616784984443,-9.40098574705607e-23,0.0412472667850523,2.76558143367144e-137,1.82778816614772,-0.0448019370045648,-5.22706287172129e-147,-1.94617932771351e-06,-0.717890503989113,-1.84317572015017,-0.336701699279667,0,0.0141807535222814,-3.49903671767117e-78,0.117363084427373,0.0447918450178706,3.36399556471807e-06,-2.76558143314873e-137
"95",3.73922704072103,0.634186492106502,-0.0316530386532835,-0.0795028417774241,0.106610924036407,-0.014342747875927,5.15661028982085e-06,0.0237982548748938,-1.15690986365731e-23,0.0397514208887121,3.34631417284175e-130,1.79470901364466,-0.0483216433936267,-3.18565861002777e-150,-1.37987906357826e-06,-0.706295991862132,-1.81894675917659,-0.332275679425781,0,0.0143375912656371,-3.64639656106987e-71,0.118837808319238,0.0483126247598003,3.00621127544932e-06,-3.34631417284175e-130
"96",3.66781133231306,0.619192222211079,-0.0365967098446423,-0.0765900463707834,0.104866258942906,-0.0144922932518803,5.09577048682687e-06,0.0233351199490444,-1.71235429946795e-24,0.0382950231853917,5.74667328600536e-123,1.76260648440461,-0.0522196190791262,-1.87764300711878e-153,-9.74551278598569e-07,-0.694737990945477,-1.79454299250681,-0.327817726981687,0,0.0144871974813935,-5.30910171956964e-64,0.119918078361295,0.0522116233366321,2.6652474980318e-06,-5.74667328600536e-123
"97",3.59690288023453,0.603802250582615,-0.0407191034993374,-0.0737555057295167,0.103127487456227,-0.014634543021932,5.04780494865898e-06,0.0228723897011919,-4.46596018350069e-26,0.0368777528647583,1.40381238716337e-115,1.73156784171688,-0.0565519929640821,-1.07075961676783e-156,-6.85579494848163e-07,-0.68321891881801,-1.76997469811709,-0.323329719474324,0,0.0146294952169833,-1.07268815249606e-56,0.120578858624845,0.0565449641136981,2.34295012801382e-06,-1.40381238716337e-115
"98",3.52648526495663,0.587955304923786,-0.0439753183468218,-0.0709985193863603,0.101394970797842,-0.0147694349591563,5.04522622625618e-06,0.0224101834532034,-3.49673131288249e-25,0.0354992596931801,4.88657186076178e-108,1.70167110918428,-0.0613823159306333,-5.9104774608581e-160,-4.80379275734685e-07,-0.671741201156427,-1.74525238478566,-0.318813576592332,0,0.01476438973293,-2.96664389009029e-49,0.12079828406457,0.061376193158713,2.0409239734295e-06,-4.88657186076178e-108
"99",3.45651033348627,0.571582511629249,-0.0463288032862067,-0.0683183296741956,0.0996690725166274,-0.0148969119187553,5.19720696881901e-06,0.0219486236429304,0,0.0341591648370978,2.42649080966846e-100,1.67298190373394,-0.0667817516480788,-3.15925895389625e-163,-3.35249241349895e-07,-0.660307270173415,-1.72038667876568,-0.314271239484054,0,0.0148917147117865,-1.09265238324081e-41,0.120558671505264,0.0667764701504767,1.76049920068146e-06,-2.42649080966846e-100
"100",3.38689345299238,0.554607817016969,-0.0477538171323753,-0.0657141236147613,0.0979501578914429,-0.0150169219805616,5.87444677363318e-06,0.0214878355933077,0,0.0328570618073806,1.719204479999e-92,1.64554940670851,-0.0728286515121733,-1.6358927551664e-166,-2.33019428805193e-07,-0.648919563011381,-1.69538799062794,-0.309704609898107,0,0.015011047533788,-5.0525924749046e-34,0.119847731272514,0.0728241434205327,1.50269721353135e-06,-1.719204479999e-92
"101",3.31750804515089,0.536949435027285,-0.0482384907279887,-0.0631850350066322,0.0962385934181317,-0.0151294185822347,8.34989776054753e-06,0.0210279471876143,0,0.0315925175033161,1.73629450131818e-84,1.61940064818846,-0.0796071037716274,-8.20920399266199e-170,-1.61302410525703e-07,-0.637580520092712,-1.67026541294027,-0.305115348817217,0,0.0151210686844742,-2.51928985368923e-26,0.118660037856341,0.0796032991802234,1.26819713464207e-06,-1.73629450131818e-84
"102",3.24817575312774,0.518522819928867,-0.0477888366974381,-0.0607301466777947,0.0945347463586088,-0.0152343606278245,1.70445225081908e-05,0.0205690881590437,-3.09608131512763e-25,0.0303650733388974,2.49286080619488e-76,1.59453060952039,-0.0872039584512665,-3.99382220385218e-173,-1.11198133424796e-07,-0.62629258342765,-1.64502290713476,-0.300504179895082,0,0.0152173161053163,-7.21416151034588e-19,0.116998825836486,0.0872007865378725,1.05730446466808e-06,-2.49286080619488e-76
"103",3.17862569058692,0.499245654470369,-0.0464345688602826,-0.0583484928742182,0.0928389843350509,-0.0153317125189714,4.1655952378472e-05,0.0201113879650497,-1.26801053333061e-25,0.0291742464371091,5.06154235820858e-68,1.57087394828834,-0.0957038385486252,-1.88442234377476e-176,-7.63388281260779e-08,-0.615058194880884,-1.61964583594454,-0.295868429272351,0,0.0152842242906528,5.83227594014724e-06,0.114878161550873,0.0957012287842941,8.69921443673615e-07,-5.06154235820858e-68
"104",3.10831243886261,0.479045133965262,-0.0442375478133391,-0.0560390617603918,0.0911516749563501,-0.0154214440155663,5.65533893586756e-05,0.0196549703829954,0,0.0280195308801959,1.4399848513374e-59,1.54820249189527,-0.105181858744567,-8.62632563126862e-180,-5.21877034226601e-08,-0.603879794398116,-1.5940703832193,-0.291196439348496,0,0.0152770301074854,8.78605187222219e-05,0.112325490051269,0.105179742237562,7.05502335120625e-07,-1.4399848513374e-59
"105",3.03679994085668,0.457867290659852,-0.0412891936386089,-0.0538007980112383,0.0894731854671862,-0.015503530504974,5.83275460312347e-05,0.0191999560047347,-5.46526996787857e-25,0.0269003990056192,5.64729298605378e-51,1.52630914720064,-0.115694295835786,-3.83251592589746e-183,-3.55262083577631e-08,-0.5927598181939,-1.5682596329643,-0.286481466502698,0,0.015166783360211,0.000278419598731764,0.109384510889209,0.115692607055522,5.62926754600258e-07,-5.64729298605378e-51
"106",2.96378770278762,0.435687381066794,-0.0377137988181806,-0.0516326054774097,0.0878038824125266,-0.0155779533387795,5.15284318535989e-05,0.018746466197471,-2.05046629862104e-24,0.0258163027387049,2.96198317213727e-42,1.505008949016,-0.127268194315027,-1.65310906118583e-186,-2.40807881372286e-08,-0.5817006969022,-1.54221615192578,-0.281723979614735,0,0.0149478156428089,0.000578609264117026,0.106117524420134,0.127266873718724,4.40198767865494e-07,-2.96198317213727e-42
"107",2.88906872878196,0.412519463254498,-0.033670995170436,-0.0495333499079365,0.0861441313122363,-0.0156447000999774,3.99397938826043e-05,0.0182946259154388,-2.48095079714997e-23,0.0247666749539682,1.95075016009355e-33,1.48410720939993,-0.139891783304233,-6.92506870123966e-190,-1.62523740446623e-08,-0.570704853691191,-1.51596990766411,-0.276929453001778,0,0.0146306192773169,0.000974141028777894,0.10260600341239,0.139890780773628,3.34176868462351e-07,-1.95075016009355e-33
"108",2.8125171607969,0.388422758398075,-0.0293516366161656,-0.0475018617157095,0.0844942963419097,-0.015703764804589,2.71313981397209e-05,0.017844565442857,-1.9394511672959e-24,0.0237509308578547,1.36958203457563e-24,1.46338903140384,-0.153508113146876,-2.81834581651928e-193,-1.092119656911e-08,-0.559774702343955,-1.48956756087208,-0.272106410395117,0,0.0142355343823507,0.00144109902409854,0.0989479469464174,0.15350738942422,2.41240885297498e-07,-1.36958203457563e-24
"109",2.73407883727893,0.363502707901493,-0.0249651298551755,-0.0455369387724534,0.0828547400171193,-0.0157551480335712,1.56652243578474e-05,0.0173964209825872,-1.45315075317783e-25,0.0227684693862267,4.96861689874223e-16,1.442619869021,-0.168014002737478,-1.11468411481859e-196,-7.30657576483494e-09,-0.54891264530684,-1.46306148670904,-0.267264419414898,0,0.0137862708309065,0.00195321197830691,0.0952509417082116,0.168013523729336,1.5966938046209e-07,-4.96861689874223e-16
"110",2.63596530776917,0.329000799538427,-0.0207182803856987,-0.0436373492207942,0.0812258228790958,-0.0157988570069773,6.79100625209871e-06,0.0169503343130429,-1.05408355943176e-26,0.0218186746103971,-0.00890511902609199,1.42156328904193,-0.183265099381029,-4.28581797852829e-200,-4.86665640673617e-09,-0.538121071707353,-1.43650127489123,-0.262412538851086,0,0.0133048920552039,0.00248717394552121,0.0916211169182864,0.183264823696447,9.18948605536275e-08,0.00890511902609199
"111",2.40611600462957,0.229008483529218,-0.016790986610672,-0.0418018342918094,0.0796079031804736,-0.0158349056210326,7.64771221610549e-07,0.0165064519069598,-7.37836398402522e-28,0.0209009171459047,-0.0827987284607873,1.40001028565861,-0.199088822545551,-1.60241320557067e-203,-3.2270329510007e-09,-0.527402355343605,-1.40992909193227,-0.25755847146183,0,0.0128090803972679,0.00302506045254304,0.0881507390943153,0.199088694673673,4.26239594114924e-08,0.0827987284607873
"112",2.08773565206977,0.085223557994885,-0.0133218268274371,-0.0400291111171281,0.0780013365702014,-0.0158633144658672,-2.89576525062847e-06,0.0160649238503844,-5.00361051016222e-29,0.0200145555585641,-0.200153369691194,1.37779878802163,-0.215317044018799,-5.82782186014345e-207,-2.13017240995187e-09,-0.516758852647412,-1.3833782158259,-0.252708296296951,0,0.0123112775640839,0.00355493266703395,0.0849109304780631,0.215317003241121,1.35925595116808e-08,0.200153369691194
"113",1.75073952168205,-0.0673481452235592,-0.0103894440123238,-0.0383178755252598,0.0764064757770647,-0.0158841108376654,-4.91557776279823e-06,0.0156259028524139,-3.30720025029033e-30,0.0191589377626299,-0.326116901287462,1.35484390124261,-0.231798247609113,-2.06233263701468e-210,-1.39974007548836e-09,-0.506192900623313,-1.35687416766728,-0.24786667541662,0,0.0118193610693079,0.00406966534612024,0.0819424254983891,0.231798243106737,1.50079210179147e-09,0.326116901287462
"114",1.44573096154137,-0.203412330006142,-0.00800802467424665,-0.0366668048124022,0.0748236702915354,-0.0158973287519255,-5.93886486828701e-06,0.0151895434686406,-2.12511121514713e-31,0.0183334024062011,-0.43553119973728,1.33114842823036,-0.248398326363419,-7.10328607563726e-214,-9.15553856118213e-10,-0.495706814765868,-1.3304368728678,-0.243037248690764,0,0.0113379303297079,0.00456533728708587,0.0792534520137049,0.248398402481644,-2.53727418083998e-08,0.43553119973728
"115",1.20022027240164,-0.309269135202895,-0.00613840129538898,-0.0350745604785323,0.0732532660458563,-0.0159030089575532,-6.41962460109988e-06,0.0147560015368051,-5.26189721256713e-33,0.0175372802392661,-0.514818400909193,1.30678933791013,-0.264996923667562,-2.38195335209546e-217,-5.96083021843351e-10,-0.485302886957715,-1.30408272296053,-0.238223010438902,0,0.0108695347658833,0.00503989381627108,0.0768255005576759,0.264997620310695,-2.32214377655386e-07,0.514818400909193
"116",1.02209183178592,-0.381061486051604,-0.00470858313389273,-0.0335397909201307,0.0716956050924222,-0.0159011989486451,-6.62901969458079e-06,0.0143254337707599,0,0.0167698954600654,-0.560233523537183,1.28189052737391,-0.281484276465633,-7.7786379689304e-221,-3.86276593075001e-10,-0.474983383351021,-1.27782609104921,-0.233426586264444,0,0.0104155793601776,0.00549224860816212,0.0746233004438596,0.281485912480958,-5.45338441685071e-07,0.560233523537183
"117",0.906102201233264,-0.421507455694716,-0.00363380066747264,-0.0320611340714378,0.0701510252806305,-0.0158919529704812,-6.7057679672679e-06,0.0138979974514015,0,0.0160305670357189,-0.574600032543597,1.2565935050594,-0.297757304879419,-2.47452051980031e-224,-2.49138688681393e-10,-0.464750542235039,-1.25168026202452,-0.228650402981729,0,0.00997688440089549,0.005921774337553,0.0726051285364333,0.297759968183895,-8.87768158449701e-07,0.574600032543597
"118",0.840275436009145,-0.436687731720221,-0.00283211629935572,-0.0306372199866936,0.0686198599324619,-0.0158753320169694,-6.70902701583017e-06,0.0134738501660655,0,0.0153186099933468,-0.564098808039908,1.23103458216147,-0.313717986243209,-7.67033706543171e-228,-1.59925378071114e-10,-0.454606571892635,-1.2256579123323,-0.223896776257574,0,0.00955397888869146,0.00632806215529379,0.0707306814243723,0.313721645566808,-1.21977453276135e-06,0.564098808039908
"119",0.810701763004394,-0.433637557198955,-0.00223343253577956,-0.0292666733563795,0.0671024375171203,-0.0158514038177363,-6.65812297634578e-06,0.0130531495653058,0,0.0146333366781897,-0.535860135340189,1.20533169307642,-0.329273351756409,-2.3173430433476e-231,-1.02166672302225e-10,-0.444553648448755,-1.19977130584624,-0.219167946392275,0,0.00914722594053299,0.00671083600017966,0.0689655743873068,0.329277920844382,-1.52302932441696e-06,0.535860135340189
"120",0.804461996840874,-0.418881465353842,-0.00178261340052284,-0.0279481159510487,0.0655990813251121,-0.0158202428138655,-6.55701711567303e-06,0.0126360531206744,0,0.0139740579755244,-0.496497616502443,1.17957980433672,-0.344336337566042,-6.82548083078797e-235,-6.49529549928666e-11,-0.434593913713915,-1.17403234123021,-0.214466086971507,0,0.00875686015890268,0.00706993967207853,0.0672828947309735,0.344341709509593,-1.79064785010503e-06,0.496497616502443
"121",0.811013010781124,-0.397741255962939,-0.00143875220087987,-0.0266801689869168,0.06411010914219,-0.0157819301218299,-6.40682143606703e-06,0.0122227178769872,0,0.0133400844934584,-0.451415016678312,1.1538520065517,-0.358826929769653,-1.96045002300401e-238,-4.1093058957781e-11,-0.424729473025915,-1.14845253956108,-0.209793302605332,0,0.0083829894117502,0.00740534753151581,0.0656628293610646,0.358832994474648,-2.0215683316027e-06,0.451415016678312
"122",0.822543345317786,-0.374160717777745,-0.00117261354868421,-0.0254614554079638,0.0626358329236169,-0.015736553485483,-6.21070826900497e-06,0.011813300198071,0,0.0127307277039819,-0.404629947628278,1.12820332633676,-0.372673210475206,-5.4924804405119e-242,-2.58702094075502e-11,-0.414962393093092,-1.12304302067017,-0.205151624606367,0,0.00802558965447202,0.00771717453928003,0.0640913814668325,0.372679863070358,-2.21753171725717e-06,0.404629947628278
"123",0.83375488443673,-0.350817726118282,-0.000963685424575988,-0.0242906020798923,0.0611765584692404,-0.0156842072161358,-5.97477400894175e-06,0.0114079555074024,0,0.0121453010399461,-0.358885229333117,1.10267513799495,-0.38581209664646,-1.50134401279018e-245,-1.62059797995581e-11,-0.405294699842512,-1.09781448903002,-0.200543008411662,0,0.0076845050972886,0.00800567689285618,0.0625588941846238,0.38581924113648,-2.38149667337621e-06,0.358885229333117
"124",0.841396691926739,-0.329359916304333,-0.000797600090258266,-0.0231662418918711,0.0597325850998853,-0.0156249921208119,-5.7072011415929e-06,0.0110068380256553,0,0.0115831209459355,-0.31588419705239,1.07729904440414,-0.398189707050204,-4.00495624079543e-249,-1.01012801836528e-11,-0.395728376276639,-1.0727772341608,-0.195969333656941,0,0.00735945665093426,0.00827124267101923,0.0610587602475242,0.398197257513028,-2.51682094122849e-06,0.31588419705239
"125",0.843749120650068,-0.310664618092315,-0.000664176991389682,-0.0220870157625792,0.0583042053355988,-0.0155590154188003,-5.41701604392462e-06,0.0106101005069014,-4.21705728870788e-24,0.0110435078812896,-0.276550615652528,1.05209984324949,-0.409761381735516,-1.04286077323717e-252,-6.26448185272989e-12,-0.386265360342077,-1.04794114311993,-0.191432406458137,0,0.00705005720160405,0.00851437523324018,0.059586443698444,0.409769262281228,-2.62684857049688e-06,0.276550615652528
"126",0.84015949645805,-0.295072419582743,-0.000556060054379469,-0.0210515745476404,0.0568917045762964,-0.0154863906466369,-5.11302845645836e-06,0.0102178939746459,0,0.0105257872738202,-0.241262502805665,1.02709761228133,-0.420491421482438,-2.65136369848155e-256,-3.86530071147101e-12,-0.376907542814099,-1.02331572029683,-0.186933963027392,0,0.00675583088041468,0.00873567279467866,0.0581387994160694,0.420499565620396,-2.71471265275906e-06,0.241262502805665
"127",0.830668386908891,-0.282574982449943,-0.00046781488875688,-0.0200585808461082,0.0554953607853768,-0.015407237551659,-4.80313104856377e-06,0.00983036745832539,-1.77107219480217e-24,0.0100292904230541,-0.210040404008051,1.00230910807919,-0.430352626428477,-6.58306965882153e-260,-2.37275300859367e-12,-0.367656765200748,-0.998910109936891,-0.182475673787624,0,0.00647623361122294,0.00893580707148458,0.0567136228579454,0.430360976186687,-2.7832527368345e-06,0.210040404008051
"128",0.815730706183179,-0.272955120456912,-0.000395342754847813,-0.0191067107042091,0.0541154441768834,-0.0153216819743005,-4.49394268733898e-06,0.00944766773047652,0,0.00955335535210455,-0.182688058134113,0.97774868771929,-0.439325707285858,-1.5966286012507e-263,-1.44902059770638e-12,-0.358514817670404,-0.97473311798957,-0.178059147363615,0,0.00621067291251788,0.00911550300446998,0.0553093582098083,0.439334212264175,-2.83499277222259e-06,0.182688058134113
"129",0.796019658316057,-0.265885249659478,-0.000335498524823822,-0.0181946552150947,0.0527522169068081,-0.0152298557193251,-4.19070930770486e-06,0.00906993904451668,0,0.00909732760754735,-0.158891502117125,0.953428919287811,-0.447398629055346,-3.78350435506127e-267,-8.80300554918802e-13,-0.349483437006724,-0.950793231180831,-0.173685934066074,0,0.00595852570134875,0.00927552072728407,0.0539249084106035,0.447407245505441,-2.87215003149952e-06,0.158891502117125
"130",0.772296185159298,-0.260992952180486,-0.000285835993785155,-0.0173211220138632,0.0514059327691376,-0.0151318964162316,-3.89736895032838e-06,0.00869732287294349,-3.07970959551575e-24,0.00866056100693159,-0.138285311990101,0.929360994701881,-0.454565931936756,-8.76186379170471e-271,-5.31989841407309e-13,-0.340564304595004,-0.927098632293969,-0.169357528683051,0,0.00571915348879522,0.00941664029638669,0.052559508659584,0.454574621912978,-2.89665874064405e-06,0.138285311990101
"131",0.745326865604049,-0.25790222786207,-0.000244432630281438,-0.0164848366676117,0.0500768368972577,-0.0150279473691109,-3.61670498448524e-06,0.00832995764572589,0,0.00824241833380587,-0.120494523730979,0.905555016397547,-0.460828060331231,-1.98338145584664e-274,-3.19796093643618e-13,-0.331759044444013,-0.903657211409985,-0.16507537253327,0,0.00549191481133877,0.00953964926275657,0.0512126394276502,0.460836790929698,-2.91019948917903e-06,0.120494523730979
"132",0.715835860383315,-0.25625766579589,-0.000209765017004838,-0.0156845439607491,0.0487651654713358,-0.0149181573962791,-3.35053441953715e-06,0.0079679784886867,0,0.00784227198037453,-0.105159446217664,0.882020201436758,-0.466190719648261,-4.38952589673996e-278,-1.91214963404887e-13,-0.323069221247409,-0.880476573336231,-0.160840854823161,0,0.00527617502623211,0.00964533290446652,0.0498839646060558,0.466199462337139,-2.91422962601725e-06,0.105159446217664
"133",0.684479741203557,-0.255737134312269,-0.000180617828986407,-0.0149190090762439,0.0474711454323079,-0.0148026806600606,-3.09989832304753e-06,0.00761151696174284,0,0.00745950453812194,-0.0919489535597939,0.858765029575941,-0.470664272243198,-9.49999378373502e-282,-1.13718442867753e-13,-0.314496338488926,-0.857564041707533,-0.156655313396023,0,0.00507131375152159,0.00973446680686202,0.0485732862402512,0.470673002279772,-2.91001219138082e-06,0.0919489535597939
"134",0.651837046121659,-0.256057079893999,-0.0001560158819453,-0.0141870186739026,0.0461949942031035,-0.0146816764871439,-2.86523629399703e-06,0.0072607007969527,-7.4298669159537e-25,0.00709350933695131,-0.0805663418721852,0.835797351960041,-0.474263177893646,-2.01101226729778e-285,-6.72638311364732e-14,-0.306041836595494,-0.83492666034751,-0.152520034980713,0,0.00487673029413265,0.00980781142930528,0.047280510646292,0.474271873820422,-2.89864225857939e-06,0.0805663418721852
"135",0.618406856059925,-0.256973295181591,-0.000135172600676647,-0.013487381867159,0.0449369194177435,-0.0145553091799849,-2.64653690061293e-06,0.00691565363641025,0,0.00674369093357949,-0.0707506091980017,0.81312447138404,-0.47700548027885,-4.16468187619893e-289,-3.95690178759724e-14,-0.297707091142511,-0.812571192487024,-0.148436255048865,0,0.00469184741632207,0.00986610830056346,0.0460056226170956,0.477014123489729,-2.88107029313811e-06,0.0707506091980017
"136",0.58461254866192,-0.258279083278107,-0.000117450486484079,-0.0128189311002174,0.0436971186589483,-0.0144237478197783,-2.44346205660658e-06,0.00657649477011325,-2.17116441237535e-25,0.00640946555010869,-0.062275086800063,0.790753201644295,-0.478912338455876,-8.43943513771105e-293,-2.31490505458296e-14,-0.289493411115509,-0.79050411839308,-0.144405157381761,0,0.00451611376646493,0.00991007751537001,0.0447486655383915,0.478920912823463,-2.8581225291686e-06,0.062275086800063
"137",0.550808228866397,-0.25980207250238,-0.000102330522741028,-0.0121805229277215,0.0424757792048941,-0.0142871660615709,-2.25544665014878e-06,0.00624333887401509,-3.6541570577052e-26,0.00609026146386074,-0.0549446784029823,0.768689911349061,-0.480007600902129,-1.67377396004863e-296,-1.3467796892581e-14,-0.28140203723241,-0.768731631893002,-0.140427873435376,0,0.00434900526098943,0.00994041624723161,0.0435097259106952,0.480016092457806,-2.83051855902834e-06,0.0549446784029823
"138",0.517286268703922,-0.261400468179658,-8.93883309715551e-05,-0.0115710386994176,0.0412730777857522,-0.0141457419221342,-2.08177633277788e-06,0.00591629574854417,0,0.00578551934970878,-0.0485924971232224,0.746940556124226,-0.480317418979247,-3.24951328697067e-300,-7.79159868854839e-15,-0.2734341403306,-0.747259636202536,-0.136505481578284,0,0.00419002566045181,0.0099577980380152,0.0422889212061932,0.4803258156385,-2.79888641732981e-06,0.0485924971232224
"139",0.484285016942348,-0.262959213291695,-7.82754775243887e-05,-0.0109893851525503,0.0400891803506438,-0.0139996575612644,-1.92164690673551e-06,0.00559547005794058,-6.95585974036113e-25,0.00549469257627515,-0.04307637531203,0.725510702149928,-0.479869896418347,-6.17679081824822e-304,-4.48233566143544e-15,-0.265590819823011,-0.726093739392263,-0.132639006263485,0,0.00403870654003927,0.00996287266813188,0.0410863902792296,0.47987818774474,-2.76377546410095e-06,0.04307637531203
"140",0.451996149962473,-0.264386323913508,-6.87047413044214e-05,-0.0104344949149656,0.0389242418456385,-0.0138490990572197,-1.77420870426052e-06,0.00528096107081691,-5.59193035032813e-24,0.00521724745748282,-0.0382755166131321,0.704405543241018,-0.478694771454824,-1.14977888016486e-307,-2.5639588973057e-15,-0.257873102227353,-0.705239249759586,-0.128829417182982,0,0.00389460681613397,0.00995626644979002,0.0399022857505865,0.478702948456914,-2.72566736338148e-06,0.0382755166131321
"141",0.420571396070694,-0.265609534564646,-6.04384475437715e-05,-0.00990532692210196,0.0377784060034139,-0.0136942561770526,-1.63859901865151e-06,0.00497286240239888,0,0.00495266346105098,-0.0340874285483515,0.683629913150341,-0.476823128430225,-2.09630869094813e-311,-1.458235573366e-15,-0.250281939772616,-0.684701171315352,-0.125077628443302,0,0.00375731195715373,0.00993858281891754,0.0387367679297985,0.476831183386513,-2.68498542944994e-06,0.0340874285483515
"142",0.390128525589282,-0.266573308243279,-5.32791880603761e-05,-0.00940086675122835,0.0366518051451883,-0.0135353221426347,-1.51396520820125e-06,0.00467126175894201,-2.21332812535584e-24,0.00470043337561417,-0.0304251933134379,0.663188294373229,-0.474287135950024,-3.74426735679344e-315,-8.24584739699557e-16,-0.242818209086872,-0.664484199545275,-0.121384497791212,0,0.00362643297887589,0.00991040312896704,0.0375899999447635,0.474295062257772,-2.64210258261944e-06,0.0304251933134379
"143",0.360756593204672,-0.267236218618395,-4.70624083215943e-05,-0.00892012687643662,0.0355445599955259,-0.013372493393215,-1.39948063197434e-06,0.00437624068485377,0,0.00446006343821831,-0.0272150868717293,0.643084824428504,-0.471119808987795,-6.5601048323509e-319,-4.635695132326e-16,-0.235482709970359,-0.644592717566137,-0.11775082591156,0,0.00350160530149654,0.00987228757235046,0.0364621438256143,0.471127601032171,-2.5973481252457e-06,0.0272150868717293
"144",0.332520470955028,-0.267568685734111,-4.1650461490038e-05,-0.0084621468480143,0.034456779510599,-0.0132059693453913,-1.29435516043556e-06,0.00408787431307564,0,0.00423107342400715,-0.0243945300100924,0.623323300360268,-0.467354792628104,0,-2.59088043121252e-16,-0.228276164257718,-0.62503079276423,-0.114177355813198,0,0.00338248752718036,0.00982477617337134,0.0353533573479296,0.467362445668661,-2.55101351890118e-06,0.0243945300100924
"145",0.305464735815156,-0.267551033660374,-3.69278202404436e-05,-0.00802599339991895,0.0333885607204789,-0.0130359521514126,-1.19784163773989e-06,0.00380623111929757,0,0.00401299669995948,-0.0219103418177809,0.603907182028145,-0.463026165424518,0,-1.43950685143701e-16,-0.221199214773173,-0.605802173977481,-0.110664772314229,0,0.00326876018214763,0.00976838981090274,0.0342637914842209,0.463033675496469,-2.50335731679954e-06,0.0219103418177809
"146",0.279616985523372,-0.267171833580147,-3.27972060652705e-05,-0.00761076048914216,0.0323399885860083,-0.0128626464567692,-1.10923936744427e-06,0.00353137268058747,-2.56208889899452e-25,0.00380538024457108,-0.0197172608466719,0.584839594618028,-0.458168260607047,0,-7.95050774185353e-17,-0.214252424382305,-0.586910289262165,-0.107213701634043,0,0.00316012445577664,0.00970363124035999,0.0331935883459402,0.458175624435192,-2.45460938192147e-06,0.0197172608466719
"147",0.254990656808705,-0.266426495468439,-2.91764485458941e-05,-0.00721556927079491,0.0313111358707874,-0.012686259158058,-1.02789544758966e-06,0.00326335343902103,-7.24462452747695e-24,0.00360778463539745,-0.0177766986487813,0.566123330701112,-0.452815503601101,0,-4.36487318663213e-17,-0.207436275143967,-0.568358244268973,-0.103824711096661,0,0.00305630096018682,0.00963098609331872,0.0321428795237342,0.452822718524603,-2.40497450088215e-06,0.0177766986487813
"148",0.231587415737561,-0.265316073678255,-2.59959276182881e-05,-0.00683956801276686,0.0303020630287871,-0.0125069991621505,-9.53204581702165e-07,0.00300222047089162,0,0.00341978400638343,-0.0160556923482368,0.547760852088664,-0.447002264518383,0,-2.38190744525514e-17,-0.200751167565715,-0.550148821240661,-0.100498308947638,0,0.00295702852680565,0.00955092383992654,0.0311117847532363,0.447009328424842,-2.35463548616556e-06,0.0160556923482368
"149",0.209399183108859,-0.263846255097328,-2.31964832092767e-05,-0.00648193195381094,0.029312818108074,-0.0123250771477184,-8.84607840461772e-07,0.00274801326206663,0,0.00324096597690547,-0.0145260260837923,0.529754291667882,-0.440762724449925,0,-1.29191946846317e-17,-0.19419741996599,-0.532284478633836,-0.0972349442849662,0,0.0028620630510881,0.00946389870447073,0.0301004108488164,0.440769635717459,-2.30375584461003e-06,0.0145260260837924
"150",0.188409850223739,-0.262026502305289,-2.07277009186211e-05,-0.0061418631088845,0.02834343667111,-0.0121407053302054,-8.21590727719673e-07,0.00250076349003426,-5.02792828824223e-26,0.00307093155444225,-0.0131634947791137,0.512105455356334,-0.434130754536013,0,-6.96440654349179e-18,-0.187775267946104,-0.514767351359978,-0.0940350071031085,0,0.00277117639250506,0.00937035052842805,0.0291088508594417,0.434137511982246,-2.25248207761869e-06,0.0131634947791137
"151",0.168596732820187,-0.25986932790135,-1.85465013391629e-05,-0.00581859002553898,0.0273939417320593,-0.0119540972313654,-7.6368080873454e-07,0.00226049481315344,-8.49937010770509e-24,0.00290929501276949,-0.0119472873165521,0.494815824275344,-0.427139806909533,0,-3.73122706258317e-18,-0.181484863974893,-0.497599251635225,-0.0908988284482289,0,0.00268415533386426,0.00927070557830987,0.0281371834099333,0.427146409746537,-2.2009456681558e-06,0.0119472873165521
"152",0.149931803950832,-0.257389679657384,-1.66159754212731e-05,-0.00551136749509508,0.0264643437115022,-0.0117654674545147,-7.10445094912956e-07,0.00202722266757938,-5.91225424090002e-26,0.00275568374754754,-0.0108594695722311,0.477886557213996,-0.419822816711874,0,-1.98663871982597e-18,-0.175326277088702,-0.480781670424148,-0.0878266806819367,0,0.00260080060175215,0.00916537729785745,0.0271854721980769,0.419829264506276,-2.14926480087082e-06,0.0108594695722311
"153",0.132382740307869,-0.254604419272182,-1.49044198826687e-05,-0.00521947622226921,0.0255546404089286,-0.0115750314666778,-6.61487318506619e-07,0.00180095407228594,0,0.0026097381111346,-0.00988455080521833,0.461318493433202,-0.412212114466267,0,-1.05115439319783e-18,-0.169299492709152,-0.464315779459688,-0.0848187778502763,0,0.00252092594820645,0.00905476700578982,0.0262537656236576,0.41221840710383,-2.09754585439893e-06,0.00988455080521833
"154",0.115913811021337,-0.251531880228967,-1.33845358091667e-05,-0.00494222245683364,0.0246648169933419,-0.011383005388835,-6.16445195428424e-07,0.00158168744254571,0,0.00247111122841682,-0.00900911954784245,0.445112155842056,-0.404339348165373,0,-5.52681908978084e-19,-0.16340441258089,-0.448202433819083,-0.0818752761542848,0,0.00244435729251085,0.00893926454151953,0.0253420965299307,0.404345485819469,-2.04588469878843e-06,0.00900911954784245
"155",0.100486633256046,-0.248191492599128,-1.20327608226977e-05,-0.00467893759079625,0.0237948460122731,-0.0111896057955107,-5.74987744081552e-07,0.00136941241215664,-3.63335759716771e-24,0.00233946879539812,-0.00822153742456336,0.42926775456537,-0.39623541449024,0,-2.88752549445843e-19,-0.157640854831309,-0.432442175034041,-0.078996274518142,0,0.00237093192113213,0.00881924886212262,0.0244504820415634,0.396241397593718,-1.9943678259038e-06,0.00822153742456336
"156",0.086060814948769,-0.244603464619674,-1.08287109054566e-05,-0.00442897772447978,0.0229446874194626,-0.010995049524973,-5.36812702644183e-07,0.00116410966462076,0,0.00221448886223989,-0.00751168126076856,0.413785190910972,-0.387930398628216,0,-1.49899072774284e-19,-0.15200855415394,-0.417035234712301,-0.0761818152507383,0,0.00230049774321439,0.00869508859446129,0.0235789234858688,0.387936227848225,-1.94307333638376e-06,0.00751168126076856
"157",0.0725945016753827,-0.24078851254226,-9.7547125453309e-06,-0.00419172320476527,0.022114288621427,-0.0107995535013488,-5.01644075415024e-07,0.000965750773385918,0,0.00209586160238264,-0.00687072547009264,0.398664061737392,-0.379453522200326,0,-7.73170538639954e-20,-0.146507162116954,-0.401981538647029,-0.0734318847963572,0,0.00223291259863772,0.00856714254678648,0.0227274063864026,0.379459198415735,-1.89207180315505e-06,0.00687072547009264
"158",0.0600448418393285,-0.236767631646665,-8.79540949149706e-06,-0.00396657813864137,0.0213035845430863,-0.0106033345699935,-4.69229825615126e-07,0.000774298051153493,0,0.00198328906932069,-0.0062909580675733,0.383903664216434,-0.370833098844799,0,-3.96219240350631e-20,-0.141136247597947,-0.387280711390089,-0.0707464145700972,0,0.00216804361539117,0.00843576018442795,0.0218959005197749,0.370838623125885,-1.84142702850121e-06,0.0062909580675733
"159",0.0483683820422283,-0.232561902473723,-7.93743132346068e-06,-0.00375296988507285,0.0205124977125822,-0.0104066093474971,-4.39339721904249e-07,0.000589704408135277,0,0.00187648494253642,-0.00576562478670614,0.369503000980445,-0.362096497034611,0,-2.01725319888879e-20,-0.135895297345857,-0.372932081265104,-0.0681252818736311,0,0.00210576661286452,0.00830128207435444,0.0210843600279784,0.362101870624738,-1.79119670916271e-06,0.00576562478670614
"160",0.0375214025633695,-0.228192327297506,-7.16911339171206e-06,-0.00355034852806763,0.0197409383653709,-0.0102095940877484,-4.11763344094866e-07,0.000411913219008316,0,0.00177517426403381,-0.00528879671599818,0.355460785640536,-0.353270109734016,0,-1.02030619021046e-20,-0.130783716670583,-0.358934685796239,-0.0655683108869082,0,0.00204596554760462,0.00816404030348783,0.020292723579708,0.353275334033082,-1.7414330218217e-06,0.00528879671599818
"161",0.0274602012725086,-0.22367969265609,-6.48025955653649e-06,-0.0033581863336848,0.0189888045676279,-0.0100125045655332,-3.86308247333177e-07,0.000240858198168703,0,0.0016790931668424,-0.00485525764625356,0.341775448659323,-0.344379330522783,0,-5.12656599204636e-21,-0.125800830260535,-0.34528727752884,-0.0630752737314371,0,0.0019885319980888,0.00802435887569171,0.0195209145750873,0.344384407072202,-1.69218313953474e-06,0.00485525764625356
"162",0.0181413329731278,-0.219044454422818,-5.86194068870942e-06,-0.00317597719358633,0.0182559823589516,-0.00981555597919634,-3.62798281836919e-07,7.64632827221163e-05,-4.25465805749843e-26,0.00158798859679317,-0.00446040796095087,0.32844514355984,-0.335448535838135,0,-2.5587577314746e-21,-0.120945883128054,-0.331988330218353,-0.0606458916008461,0,0.00193336468513053,0.00788255409234765,0.0187688413890036,0.3354534663072,-1.64348968816456e-06,0.00446040796095087
"163",0.00952181007340908,-0.214306642449286,-5.30632313171112e-06,-0.00300323605759435,0.0175423459143045,-0.0096189628739644,-3.41072064288447e-07,-8.13574775297057e-05,-2.54746684517722e-24,0.00150161802879718,-0.00410018243176905,0.315467753450856,-0.326501073003862,0,-1.26858342062069e-21,-0.116218041682268,-0.319036045364409,-0.0582798359544957,0,0.00188036902464184,0.00773893492138685,0.0180363976488872,0.326505859177314,-1.59539115058244e-06,0.00410018243176905
"164",0.00155926956994978,-0.209485782267091,-4.80652232727122e-06,-0.00283949835757453,0.0168477577250761,-0.00942293908760155,-3.20981597443613e-07,-0.000232700024042949,-4.66581744275849e-26,0.00141974917878727,-0.00377097971896122,0.302840897847972,-0.317559253734126,0,-6.24707623787277e-22,-0.111616394928629,-0.306428359067431,-0.0559767297700071,0,0.00182945670963136,0.00759380335956764,0.0173234625432997,0.317563897500802,-1.54792222532773e-06,0.00377097971896122
"165",-0.0057878894282394,-0.204600831714212,-4.35647763218204e-06,-0.00268431942482554,0.0161720687991019,-0.00922769772015865,-3.02391032133004e-07,-0.000377670388575511,-5.56424596788278e-26,0.00134215971241277,-0.00346960173794785,0.290561939769343,-0.308644352816454,0,-3.05550612937971e-22,-0.10713995579405,-0.294162949185751,-0.0537361488506865,0,0.0017805453185151,0.00744745479267569,0.0166299011581395,0.30864885615889,-1.50111414548927e-06,0.00346960173794785
"166",-0.0125603940414404,-0.199670130668903,-3.95084502043825e-06,-0.00253727390301503,0.0155151188794188,-0.00903345112967791,-2.85175566158355e-07,-0.00051638478870244,-3.27155378179553e-24,0.00126863695150752,-0.00319320135378723,0.278627993084741,-0.299776611695079,0,-1.48429000392703e-22,-0.102787662576149,-0.282237242771893,-0.051557623183948,0,0.00173355794706153,0.00730017835818254,0.0159555648376393,0.299780976679968,-1.45499496278853e-06,0.00319320135378723
"167",-0.0187980087631837,-0.194711362339841,-3.584904920612e-06,-0.00239795515856568,0.0148767366814832,-0.0088404109558345,-2.69220474833666e-07,-0.000648969721437212,0,0.00119897757928284,-0.00293923711470746,0.26703593009679,-0.290975246691994,0,-7.16084534820963e-23,-0.0985583805148264,-0.27064842376749,-0.0494406383469792,0,0.00168842286158509,0.00715225731472425,0.0153002915676516,0.290979475461397,-1.40958980117553e-06,0.00293923711470746
"168",-0.024539466792981,-0.189741524787009,-3.25448289118664e-06,-0.00226597469026009,0.0142567401485244,-0.00864878817363479,-2.54420268349081e-07,-0.000775562056868299,0,0.00113298734513004,-0.00270543394524874,0.255782389333637,-0.282258461619351,0,-3.43083981092011e-23,-0.0944509034839739,-0.259393440937102,-0.0473846369560503,0,0.00164507317134471,0.00700396942255843,0.0146639063789857,0.282262556382602,-1.36492108367582e-06,0.00270543394524874
"169",-0.0298224193312088,-0.184776911542154,-2.95588120296552e-06,-0.0021409615397027,0.0136549367246498,-0.00845879317945162,-2.40677965577564e-07,-0.00089630913401982,0,0.00107048076985135,-0.00248974889729788,0.244863783532938,-0.273643464553474,0,-1.63232975938863e-23,-0.0904639558008051,-0.248469016022203,-0.0453890201560416,0,0.00160344651849599,0.00685558733892121,0.014046221768795,0.273647427579681,-1.32100873573757e-06,0.00248974889729788
"170",-0.0346834009501858,-0.179833100369107,-2.68581972070594e-06,-0.00202256170414947,0.0130711236452683,-0.00827063591186429,-2.27904479151164e-07,-0.0010113688614712,0,0.00101128085207474,-0.00229034121157417,0.234276307797851,-0.265146488557803,0,-7.71200628527042e-24,-0.0865961941499023,-0.237871652097545,-0.0434531491469407,0,0.00156348478438416,0.00670737903195928,0.0134470381382251,0.265150322168907,-1.27787036790721e-06,0.00229034121157417
"171",-0.0391578094656697,-0.174924949360544,-2.44138471888475e-06,-0.00191043755309336,0.0125050882443372,-0.00808452600998757,-2.1601810058303e-07,-0.00112090982562718,0,0.00095521877654668,-0.00210554608060389,0.224015947906688,-0.256782816159981,0,-3.61792526462963e-24,-0.0828462096187341,-0.227597642113213,-0.0415763467442598,0,0.00152513381144299,0.00655960821664516,0.0128661442447132,0.256786522724302,-1.23552144030063e-06,0.00210554608060389
"172",-0.0432798990304731,-0.170066599717799,-2.21998449077494e-06,-0.00180426724987534,0.0119566082778923,-0.00790067301222583,-2.04944073094269e-07,-0.00122511140991847,0,0.000902133624937669,-0.00193385163537288,0.214078488758929,-0.248566807407148,0,-1.68525368080994e-24,-0.0792125298410365,-0.21764307760673,-0.0397578989705181,0,0.00148834314046868,0.00641253481583024,0.012303317667496,0.248570389333381,-1.19397541102572e-06,0.00193385163537288
"173",-0.0470827854747938,-0.165271484713055,-2.01931078343283e-06,-0.00170374417947763,0.0114254522632598,-0.00771928659867947,-1.94614239597875e-07,-0.00132416392864097,-6.3209545455069e-27,0.000851872089738815,-0.00177387881056087,0.204459522941344,-0.24051193134362,0,-7.79408623681894e-25,-0.0756936212440964,-0.208003857570664,-0.0379970566751295,0,0.00145306576355236,0.0062664154493667,0.0117583252850279,0.240515391075231,-1.15324387044328e-06,0.00177387881056087
"174",-0.0505984632498086,-0.160552344500422,-1.83730524529748e-06,-0.00160857638354754,0.0109113798333035,-0.0075405768807678,-1.84966750828297e-07,-0.00141826877961025,-5.07747339377757e-25,0.000804288191773769,-0.00162436388881702,0.195154459398959,-0.232630800776863,0,-3.57882225828381e-25,-0.072287891395636,-0.198675697462228,-0.036293037180229,0,0.00141925789345565,0.00612150395406297,0.011230923763145,0.232634140786851,-1.11333666292078e-06,0.00162436388881702
"175",-0.0538578337181646,-0.155921246637021,-1.67213019260198e-06,-0.0015184860035975,0.0104141421050044,-0.00736475474202134,-1.75945812732562e-07,-0.00150763862032579,-3.74872081912258e-23,0.000759243001798752,-0.00148414369583765,0.186158532196507,-0.224935210221171,0,-1.63143901878772e-25,-0.068993691445654,-0.189654138342278,-0.0346450259501375,0,0.0013868787506756,0.00597805193715847,0.0107208600529165,0.224938433007163,-1.07426199753186e-06,0.00148414369583765
"176",-0.0568907450136494,-0.151389612415255,-1.52214312142222e-06,-0.00143320873322968,0.00993348206162305,-0.00719203223444611,-1.6750146237688e-07,-0.00159249757291208,-1.19465692747096e-22,0.00071660436661484,-0.00135214363236679,0.177466809356515,-0.217436176934406,0,-7.38309005517282e-26,-0.0658093186582527,-0.180934556131956,-0.0330521782823174,0,0.00135589036984185,0.00583630936606664,0.0102278718972306,0.217439285014053,-1.03602654897983e-06,0.00135214363236679
"177",-0.0597260443015487,-0.146968249412587,-1.38587447311634e-06,-0.00135249328014122,0.00946913494764737,-0.00702262303538015,-1.59589348352768e-07,-0.00167308146373919,0,0.00067624664007061,-0.00122736900609922,0.169074201760555,-0.210143984991741,0,-3.31682782916095e-26,-0.0627330190281638,-0.172512170975819,-0.0315136210177782,0,0.00132625742738793,0.00569652519734057,0.00975168834523387,0.210146980898391,-9.98635549870379e-07,0.00122736900609922
"178",-0.0623916440598548,-0.142667391059539,-1.2620081499487e-06,-0.00127610083857997,0.00902082867567965,-0.00685674297036011,-1.52170505893657e-07,-0.00174963810433377,0,0.000638050419289983,-0.00110890048933739,0.160975472100133,-0.203068232372288,0,-1.47912880728288e-26,-0.0597629899763777,-0.164382056700675,-0.0300284542689694,0,0.00129794709262228,0.00555894804824372,0.0092920302737561,0.203071118650914,-9.6209287532647e-07,0.00110890048933739
"179",-0.06491460500513,-0.138496744533723,-1.14935868011033e-06,-0.00120380457283901,0.00858828424437601,-0.00669461060820401,-1.45211086798741e-07,-0.00182242762098318,0,0.000601902286419505,-0.000995894999793287,0.153165243871619,-0.196217881070542,0,-6.54739066123894e-27,-0.056897383118991,-0.156539150359516,-0.0285957531632146,0,0.0012709289043643,0.00542382691492651,0.008848610912062,0.196220660273904,-9.26401120822313e-07,0.000995894999793287
"180",-0.0673212387466785,-0.134465548923218,-1.04643316219551e-06,-0.00113538911230259,0.0081712161665077,-0.00653644793530959,-1.38680855553148e-07,-0.00189172284132454,-1.05781430618454e-23,0.000567694556151296,-0.000887593897065306,0.145638011017999,-0.189601310285569,0,-2.87667383488159e-27,-0.0541343071031135,-0.148978261849509,-0.0272145695996768,0,0.00124517467506274,0.00529141194110241,0.00842113616336155,0.189603984970591,-8.91561674058849e-07,0.000887593897065306
"181",-0.0696372427304909,-0.13058264635668,-9.54105544685387e-07,-0.00107065005848505,0.00776933290617558,-0.00638248111714447,-1.32560672849551e-07,-0.00195780974727515,0,0.000535325029242525,-0.000783341095491468,0.138388142865532,-0.183226372787533,0,-1.25445199947286e-27,-0.0514718305034132,-0.141694083572436,-0.0258839340140763,0,0.00122065841211986,0.00516195526569746,0.00800930648509437,0.183228945511877,-8.57574781156981e-07,0.000783341095491468
"182",-0.0718878486964323,-0.1268565696107,-8.68737834658625e-07,-0.00100939350443854,0.0073823373241727,-0.00623294135551085,-1.26821979877945e-07,-0.00202098800433797,-3.6732956524834e-23,0.00050469675221927,-0.000682614451754913,0.131409903581904,-0.177100454617099,0,-5.42924584715164e-28,-0.0489079847726442,-0.134681200256583,-0.0246028571729027,0,0.00119735633524245,0.00503571184224827,0.00761281400177778,0.177102927935927,-8.24439609238595e-07,0.000682614451754913
"183",-0.0740980456750713,-0.123295650374712,-7.91442746560191e-07,-0.000951435566844228,0.0070099271304571,-0.00608806585275692,-1.21453869923738e-07,-0.00208157157999231,0,0.000475717783422114,-0.000585074399277709,0.124697446970757,-0.171230538331796,0,-2.33199714464116e-28,-0.0464407672392783,-0.127934098588993,-0.0233703319329842,0,0.00117524679060123,0.00491294051602561,0.00723134767839829,0.171232914794705,-7.92154302977168e-07,0.000585074399277709
"184",-0.0762928197997028,-0.119908152546376,-7.2107487364469e-07,-0.000896601931044964,0.00665179534266682,-0.00594809889316694,-1.16441664629961e-07,-0.00213988946297251,-5.26372010655015e-23,0.000448300965522482,-0.000490633910936097,0.118244836039087,-0.165623270095462,0,-9.94032569413943e-29,-0.0440681441451677,-0.121447177107071,-0.0221853350484337,0,0.0011543103358074,0.00479390499902417,0.00686459037246459,0.16562555224358,-7.60716039310295e-07,0.000490633910936097
"185",-0.0784974709674602,-0.116702433836484,-6.57016221240399e-07,-0.000844727409225204,0.00630763074958321,-0.00581329305578327,-1.11774907987899e-07,-0.00219628649932689,0,0.000422363704612602,-0.000399552702989457,0.112046047561538,-0.160285030985577,0,-4.20473268450265e-29,-0.0417880537159888,-0.115214755980731,-0.0210468289576013,0,0.00113452978607692,0.00467887504461434,0.00651222077739325,0.16028722134881,-7.30121077763968e-07,0.000399552702989458
"186",-0.080737979284654,-0.113687135432107,-5.98718161651947e-07,-0.000795655511895697,0.00597711837842576,-0.00568391057331349,-1.07445489970839e-07,-0.00225112436157957,0,0.000397827755947848,-0.000312554956909514,0.106094981436451,-0.155222012999423,0,-1.76490959853402e-29,-0.0395984092570707,-0.109231086812271,-0.0199537635732637,0,0.00111589030530109,0.00456812771350237,0.006173913745194,0.155224114093848,-7.00364808251926e-07,0.000312554956909514
"187",-0.0830414125985125,-0.110871391601045,-5.45687966772221e-07,-0.000749238032795966,0.00565993996484293,-0.00556022485445163,-1.03447140166468e-07,-0.00230478267002239,0,0.000374619016397983,-0.000230961857297378,0.100385469216252,-0.150440300355465,0,-7.35078969440105e-30,-0.0374971022670844,-0.10349036241344,-0.0189050780686472,0,0.00109837952658188,0.00446194877500992,0.00584934083027516,0.150442314680854,-6.71441796271499e-07,0.000230961857297378
"188",-0.0854363290859976,-0.108265036628067,-4.97480887515109e-07,-0.000705334647286706,0.00535577442444893,-0.00544252218938726,-9.97749602453871e-08,-0.00235766028762702,0,0.000352667323643353,-0.000156815621387747,0.0949112824314928,-0.145945956818803,0,-3.03776511804987e-30,-0.0354820055619742,-0.0979867265413789,-0.0178997026559391,0,0.00108198769996835,0.00436063426437916,0.00553817083381536,0.14594788685628,-6.43345825851257e-07,0.000156815621387747
"189",-0.0879530835478176,-0.105878763374295,-4.53691931850722e-07,-0.000663812524266506,0.00506429832474574,-0.00533110366120203,-9.64250067940313e-08,-0.0024101768130006,0,0.000331906262133253,-9.29484548209411e-05,0.089666140673332,-0.141745119924094,0,-1.24555895623776e-30,-0.0335509764014406,-0.092714283574853,-0.0169365603538911,0,0.00106670786496293,0.0042644922212459,0.00524007034472207,0.141746968133915,-6.16069940525786e-07,9.29484548209411e-05
"190",-0.0906238836886857,-0.103724156558207,-4.1394730038308e-07,-0.00062454595161265,0.00478518635626319,-0.00522628728925831,-9.33939634371016e-08,-0.00246277429921067,-4.57081174067175e-22,0.000312272975806325,-4.29185294794041e-05,0.0846437193870247,-0.137844103118735,0,-5.06693788638052e-31,-0.0317018596102436,-0.0876671081120983,-0.0160145687411035,0,0.00105253604533584,0.00417384463788591,0.00495470427609704,0.137845871938182,-5.89606482584609e-07,4.29185294794041e-05
"191",-0.0934823784147133,-0.101813491728572,-3.77895752871748e-07,-0.000587415975113759,0.00451811180174856,-0.00512841043465435,-9.06789480441261e-08,-0.00251591923026294,0,0.000293707987556879,-1.07028121573431e-05,0.0798376573257079,-0.134249506991869,0,-2.0449344910632e-31,-0.0299324906865842,-0.0828392544723565,-0.0151326416917161,0,0.00103947146421786,0.00408902964938454,0.00468173639632671,0.134251198833262,-5.63947130816249e-07,1.07028121573431e-05
"192",-0.0965624800386731,-0.100159150827524,-3.45200527688089e-07,-0.000552310050832581,0.00426274700223941,-0.00503783250245915,-8.82775575295619e-08,-0.00257010479163262,-1.19922629992871e-22,0.00027615502541629,3.61734859939356e-09,0.0752415636115863,-0.13096834087753,0,-8.18742112564117e-32,-0.0282406988898361,-0.0782247660850693,-0.0142896910905768,0,0.00102751677853832,0.00401040400147836,0.0044208298541938,0.130969958126341,-5.39082936942986e-07,-3.61734859939356e-09
"193",-0.099866047404588,-0.0987574677961034,-3.15535928839628e-07,-0.000519121710810001,0.00401876381886067,-0.00495493798087143,-8.61924253805872e-08,-0.00262585347665058,0,0.000259560855405,2.06964130935838e-06,0.0708490243436579,-0.128008156200932,0,-3.25184770648084e-32,-0.0266243102999519,-0.073817684754998,-0.0134846285257456,0,0.00101667833437637,0.00393834583892044,0.0041716476993884,0.128009701214015,-5.15004360915815e-07,-2.06964130935838e-06
"194",-0.103397308581625,-0.0976059436857745,-2.88578749121343e-07,-0.00048775024199614,0.00378583408919895,-0.0048801398638223,-8.44269816581249e-08,-0.00268372007687879,0,0.00024387512099807,7.84413422904361e-06,0.0666536088900738,-0.12537718363391,0,-1.28117981324727e-32,-0.025081150840943,-0.0696120598952158,-0.0127163669751289,0,0.00100696650605069,0.00387325778475327,0.00393385339850588,0.125378658737825,-4.91701305173021e-07,-7.84413422904361e-06
"195",-0.107187746042796,-0.0967156924842013,-2.64004077269068e-07,-0.000458100378271011,0.00356363007712347,-0.00481388351104118,-8.29799304136701e-08,-0.00274429511206726,0,0.000229050189135506,1.68576378837787e-05,0.0626488756055921,-0.123084487005651,0,-5.00689320434417e-33,-0.023609049260943,-0.0656019576086019,-0.0119838224654399,0,0.000998396056708164,0.00381557043426343,0.00370711134472876,0.123085894495095,-4.69163148044979e-07,-1.68576378837787e-05
"196",-0.111271638994539,-0.0960992147697128,-2.41493634331277e-07,-0.000430082005395466,0.00335182491494392,-0.004756651008452,-8.18499395479483e-08,-0.00280820876408003,-6.98174794896442e-24,0.000215041002697733,2.82229329421162e-05,0.0588283767462585,-0.121140144391909,0,-1.94082557257855e-33,-0.0222058400615035,-0.06178146952489,-0.0112859156865036,0,0.000990986473666363,0.00376574638472518,0.00349108736013666,0.121141486528238,-4.47378776405591e-07,-2.82229329421162e-05
"197",-0.115686359731051,-0.0957705477127818,-2.20745207271081e-07,-0.000403609878712815,0.00315009303682141,-0.0047089661022302,-8.10360828869781e-08,-0.00287613538957796,0,0.000201804939356407,4.06816450059844e-05,0.0551856626633224,-0.119555452106455,0,-7.46184562118112e-34,-0.0208693663689419,-0.0581447214650537,-0.0106215735740223,0,0.000984762329045243,0.00372428480926785,0.00328544918882856,0.119556731116308,-4.26336617573113e-07,-4.06816450059844e-05
"198",-0.120472678667123,-0.0957454186268845,-2.01527640320233e-07,-0.000378603353402578,0.00295811060237873,-0.00467139979226182,-8.0539803615394e-08,-0.0029487986985893,-1.07567031740121e-22,0.000189301676701289,5.26738856259847e-05,0.0517142851246873,-0.118343155877847,0,-2.84530799600591e-34,-0.0195974827407591,-0.0546858819320952,-0.00998973086062764,0,0.000979753673039726,0.00369172665902571,0.00308986700300327,0.118344373951859,-4.0602467048192e-07,-5.26738856259847e-05
"199",-0.125675092251117,-0.0960414013201059,-1.9147454388057e-07,-0.00035498612706996,0.00277555590949086,-0.00464457668550666,-8.04766101657022e-08,-0.00302697770078746,-7.68804976856464e-23,0.00017749306353498,6.24367787106561e-05,0.0484077880630453,-0.117517714408373,0,-1.07601253849749e-34,-0.0183880579003769,-0.0513991704529721,-0.00938933159974078,0,0.000975996482154294,0.00366866067996254,0.00290401776990166,0.117518873699981,-3.86430535893619e-07,-6.24367787106561e-05
"200",-0.131345274485545,-0.096678065150394,-1.77127167319939e-06,-0.000332685994437961,0.00260210979527552,-0.00462918222737994,-9.68610700599962e-08,-0.00311151353875926,-1.92001088717567e-23,0.00016634299721898,6.8148177722423e-05,0.0452573504578037,-0.117095601636372,0,-4.03545225546872e-35,-0.0172389773937003,-0.0482788687930628,-0.00881933121417201,0,0.000973534956794377,0.00365574413165562,0.00272836847259183,0.117096704260576,-3.67541401268802e-07,-6.8148177722423e-05
