"","R1","R2","R3","R4","R5","R6","R1b","R2b","R3b","R4b","R5b","R6b","R7","R8","R9","R10","R11","R12","R13","R14","R15","R16","R17","R18","R19","R20","R21","R22","R23","R24","R25","R26","R27"
"1",5.28811685931248,0.528740768520364,0.0162703335933575,0.00528742718222448,5.95428383476966e-05,0.000952709497431063,0.198000098655622,0.0197973545433133,0.000609201298373633,0.000197974275449536,2.22943028316747e-06,3.56717862899164e-05,0,0,6.64787712092778,0.207839890524811,0.0140632082759979,1.12580751697764e-09,0,0,0,0,0.00818669177652116,0,4.10006314588854e-05,0,9.59368719667724,144.051004613548,0.105185372932847,0,0.000431958376121512,0,0
"2",4.83740717416586,0.524041850613309,0.016101645826393,0.00537951012194224,6.05069349818456e-05,0.00096818636349344,0.195892450970004,0.021221253210962,0.000652041631398738,0.000217845094461564,2.45024893864145e-06,3.92070365201724e-05,0,0,4.89251564511387,0.105484609591443,0.00953914123138191,1.41047956333098e-09,0,0,0,0,0.00755032779981488,0,4.11785222808753e-05,0,5.13363386361253,126.238088847808,0.0752245092545746,0,0.000499395112110257,0,0
"3",4.41786404613361,0.518205366623863,0.0159335376896608,0.00542900356970509,6.10317709533811e-05,0.000976637621704418,0.19370097022684,0.0227206815881183,0.000698604954205032,0.000238034318810057,2.67593414484504e-06,4.28206148737738e-05,0,0,3.5834905140633,0.0623828700751775,0.00644806553751982,1.55830831754646e-09,0,0,0,0,0.00699595215312532,0,4.13778609965314e-05,0,3.22439357150548,110.909591418339,0.0540040624887576,0,0.00050945405727234,0,0
"4",4.02784649350254,0.511282003153277,0.0157543358319898,0.0054471064774126,6.1217703545895e-05,0.000979667860153329,0.191422535813221,0.0242985669183626,0.000748721412267664,0.000258872560419806,2.9093581566032e-06,4.65585037433214e-05,0,0,2.61325033836915,0.0401896486432461,0.00434299466264034,1.69892607835497e-09,0,0,0,0,0.00651091055691772,0,4.158182471381e-05,0,2.21599371976333,97.6772598566508,0.0388023389175,0,0.000513141768424171,0,0
"5",3.6657667796409,0.503322070869907,0.015558547997317,0.00543959243308831,6.11213340083836e-05,0.00097818179586354,0.18905408295248,0.025957759524291,0.000802398843276399,0.000280535347961634,3.15220210242592e-06,5.04476344225878e-05,0,0,1.89756118826977,0.0268991773113593,0.00291428735246028,1.84246845260736e-09,0,0,0,0,0.00608525410920819,0,4.17827827118416e-05,0,1.58701875445639,86.2202405052386,0.0278605525934572,0,0.000514372163632794,0,0
"6",3.33009027340895,0.494376279786964,0.0153431071702698,0.00541016022424025,6.07814251878234e-05,0.000972798884593136,0.186592594666837,0.0277010366727255,0.000859709479953913,0.000303143684081244,3.40572263878429e-06,5.45081523509039e-05,0,0,1.37197918983107,0.0182505962339752,0.00194806360547826,1.99003042903171e-09,0,0,0,0,0.00571075742411649,0,4.19768160004149e-05,0,1.15469293219363,76.2720705893848,0.0199713248724065,0,0.000513716345291323,0,0
"7",3.01933593310239,0.484495852950441,0.0151061042297109,0.00536155712574394,6.02278001882817e-05,0.000963995662636166,0.184035120536712,0.0295310805663333,0.000920750050458436,0.000326798618558121,3.67101598261791e-06,5.87576413823637e-05,0,0,0.987687782122617,0.0124160776370521,0.00129702213182832,2.14192353739544e-09,0,0,0,0,0.00538049316879698,0,4.21618188762217e-05,0,0.843790568504244,67.6105271860415,0.0142827530460726,0,0.000511441507964086,0,0
"8",2.73207689189373,0.473732480262817,0.0148463361874328,0.0052959752204406,5.94846192151491e-05,0.000952158150042616,0.181378807803002,0.031450444437554,0.00098562773467646,0.000351592473289408,3.94910163321968e-06,6.32124632388857e-05,0,0,0.707931471866472,0.0084324752921625,0.000860027433798862,2.29835084289714e-09,0,0,0,0,0.00508858640544423,0,4.23367262294687e-05,0,0.616317958077796,60.0495702296958,0.0101853590464107,0,0.000507750796851701,0,0
"9",2.46694097144219,0.462138275275285,0.0145631175410791,0.00521521534582774,5.85718510301764e-05,0.000937605372840355,0.178620940188896,0.0334615113140256,0.0010544547994386,0.000377612062527268,4.24094423852298e-06,6.78881072395488e-05,0,0,0.505172209679496,0.00570891551442363,0.000567866627335243,2.45947086372941e-09,0,0,0,0,0.00483003889519363,0,4.25011269419201e-05,0,0.449171450393433,53.4328892424539,0.00723967662988227,0,0.000502811752551943,0,0
"10",2.22261105570883,0.44976579133902,0.0142561782179139,0.00512077691194259,5.75061645770993e-05,0.000920603612401467,0.175758983095627,0.0355664469111243,0.00112734586646402,0.000404939289935982,4.5474555621597e-06,7.27992215886105e-05,0,0,0.35887318845394,0.00385236199447638,0.000373335413775801,2.62540403809658e-09,0,0,0,0,0.00460058941744106,0,4.26550330651448e-05,0,0.326519328809932,47.6287028036958,0.00512737742258578,0,0.000496764948355902,0,0
"11",1.99782528617568,0.436668119092233,0.013925594133461,0.00501392234818407,5.6301614093733e-05,0.000901377354750703,0.172790634876092,0.0377671471325351,0.00120441575547058,0.000433650946234929,4.86949069626972e-06,7.79595525534911e-05,0,0,0.253788697562832,0.00259256921484086,0.000244355260687882,2.79623319514813e-09,0,0,0,0,0.00439659818364957,0,4.27987272154482e-05,0,0.236854643393021,42.5255467269679,0.00361732500111476,0,0.000489729619376126,0,0
"12",1.7913770452791,0.422899074536306,0.013571734932395,0.00489573042679425,5.49702232271171e-05,0.000880118627692852,0.169713884156076,0.0400651804346328,0.00128577724950953,0.000463818283650544,5.20784282760924e-06,8.33818604617641e-05,0,0,0.178652714886018,0.0017419489954936,0.000159208389169282,2.97200475285076e-09,0,0,0,0,0.00421494998643026,0,4.29326575650071e-05,0,0.171615283624659,38.0288478029362,0.00254156235521039,0,0.000481808321384287,0,0
"13",1.60211469405634,0.408513479878599,0.0131952247821136,0.00476714243638464,5.35224960891147e-05,0.000856995172258703,0.166527073140654,0.0424617253652717,0.00137153861115585,0.000495506520301489,5.56323754720456e-06,8.90778283610786e-05,0,0,0.125178491256247,0.00117037014275783,0.000103248887863916,3.15273211238132e-09,0,0,0,0,0.00405297281710468,0,4.30573652066997e-05,0,0.124388692248117,34.0581250084753,0.00177810475565889,0,0.000473090978560017,0,0
"14",1.42894102883953,0.393567532700235,0.0127969148629662,0.0046290024411186,5.19678642162025e-05,0.000832157591384667,0.163228966676181,0.0449575037621568,0.00146180083542105,0.000528774295058863,5.93632669590832e-06,9.50579632133389e-05,0,0,0.0872991241448934,0.000787974215854388,6.66400032110914e-05,3.33840189006124e-09,0,0,0,0,0.00390836948399131,0,4.31734345373362e-05,0,0.0903766558008332,30.5446942439001,0.00123849301901057,0,0.000463658413078572,0,0
"15",1.27081242295075,0.378119251197063,0.0123778664767943,0.00448209227461347,5.03150753681079e-05,0.000805745570331795,0.15981882659022,0.0475527103340483,0.00155665467246408,0.000563673060682358,6.32768153655444e-06,0.000101331486264268,0,0,0.0605938651372505,0.000533085062709615,4.28027661848845e-05,3.52898357567332e-09,0,0,0,0,0.00377916018719909,0,4.32814601525334e-05,0,0.0660035872533764,27.4297788995205,0.000858731029866655,0,0.000453585406425702,0,0
"16",1.12673762430185,0.362228973886803,0.0119393433428657,0.00432716181642718,4.85725299731374e-05,0.000777893261392881,0.156296490521805,0.0502469396270507,0.00165617746614349,0.000600246402747565,6.73778509461819e-06,0.000107906210047439,0,0,0.0418568427267475,0.000363642284180406,2.735618420609e-05,3.72444333326481e-09,0,0,0,0,0.00366363430936766,0,4.33820255045709e-05,0,0.0486194635387801,24.6629488624403,0.000592659974704683,0,0.000442943337372959,0,0
"17",0.995776189657297,0.345959881558359,0.0114828111978981,0.00416495501765835,4.67485703637167e-05,0.000748733914865026,0.152662454092441,0.053039111684731,0.00176042985919816,0.000638529280760543,7.16702362555414e-06,0.000114788401342347,0,0,0.0287744337273363,0.000251148316225956,1.73959987793289e-05,3.92476280212428e-09,0,0,0,0,0.00356030993962847,0,4.34756898237031e-05,0,0.0362720349717886,22.2008263858121,0.000407103946383745,0,0.000431802435800789,0,0
"18",0.877036551720218,0.329378498121156,0.0110099423945523,0.00399623198864951,4.48517262631033e-05,0.000718403811372974,0.148917954864737,0.0559273980319451,0.00186945242060827,0.000678547198229627,7.61567728751299e-06,0.000121982631336013,0,0,0.0196851040394149,0.00017641838045055,1.10058068950783e-05,4.12996384469915e-09,0,0,0,0,0.00346789987144262,0,4.35629807410412e-05,0,0.0275321082026499,20.0060096134978,0.000278311927137035,0,0.000420233678632461,0,0
"19",0.769673736200791,0.312555116595432,0.0105226228322853,0.00382178725165419,4.2890917622404e-05,0.000687045512833623,0.145065056105697,0.0589091499326028,0.00198326225743311,0.000720315318048761,8.0839102059417e-06,0.000129491615964892,0,0,0.0134015296997201,0.000126618125132246,6.92706242439384e-06,4.340140188082e-09,0,0,0,0,0.00338528301251724,0,4.36443907592218e-05,0,0.0213601098415169,18.0461742766206,0.000189352480065351,0,0.000408310336057319,0,0
"20",0.672886771856768,0.295564088363841,0.0100229582818951,0.00364246403613054,4.08756133754873e-05,0.000654810408809713,0.14110672793686,0.0619808311724996,0.00210184968193568,0.000763837547805853,8.57176020849898e-06,0.000137316050887986,0,0,0.00907951107051784,9.32141982513716e-05,4.33728591440683e-06,4.55549679216759e-09,0,0,0,0,0.00331148031514579,0,4.37203762488004e-05,0,0.0170047997390123,16.2933217549375,0.000128209969911983,0,0.000396109156899818,0,0
"21",0.585915865399081,0.278483909842197,0.00951327702327117,0.00345916429810158,3.88159424805404e-05,0.000621860499757146,0.137046923041769,0.0651379578781657,0.00222517501415539,0.000809105626501275,9.07912858495652e-06,0.000145454446765809,0,0,0.00612186289134329,7.0566775064928e-05,2.70166871854461e-06,4.7763975369457e-09,0,0,0,0,0.00324563448132935,0,4.37913580427127e-05,0,0.0139269112125105,14.7231477819416,8.63974498763693e-05,0,0.0003837111654576,0,0
"22",0.508039442308623,0.261397042816907,0.0089961257619604,0.00327285401775081,3.67227521983264e-05,0.000588369335898049,0.13289064374638,0.0683750480779339,0.0023531656091459,0.000856098249636728,9.60577028743732e-06,0.000153902971495319,0,0,0.00410831120450849,5.49698341095565e-05,1.67424446470947e-06,5.00342145401962e-09,0,0,0,0,0.00318699282089337,0,4.3857722987856e-05,0,0.0117419879154872,13.3145109173736,5.79495900117081e-05,0,0.000371202031993792,0,0
"23",0.438571180258465,0.244389414423447,0.00847425608345224,0.00308456330380122,3.46076082826744e-05,0.00055452202599171,0.128643997027995,0.071685583818424,0.00248571320571413,0.000904780273644549,1.01512850307187e-05,0.000162655306765927,0,0,0.00274462643789602,4.40012857299655e-05,1.03238661578937e-06,5.23742725306449e-09,0,0,0,0,0.00313489274475304,0,4.39198260209802e-05,0,0.0101778920595314,12.0489837828204,3.86944905017337e-05,0,0.0003586719782225,0,0
"24",0.376857179664268,0.227549560963641,0.00795059928912589,0.00289538093099087,3.24827328695959e-05,0.0005205142480067,0.124314233881582,0.0750619886464314,0.00262267169861975,0.000955102043039568,1.07151097788858e-05,0.000171702526731869,0,0,0.00182590902869059,3.60859159714021e-05,6.33608626246366e-07,5.47962535576634e-09,0,0,0,0,0.00308874946273327,0,4.39779924824027e-05,0,0.00904343736050955,10.9104731624852,2.57294898765003e-05,0,0.00034621518941399,0,0
"25",0.322273421653198,0.210967406198528,0.00742822834645063,0.00270644316443364,3.03608784164541e-05,0.00048655023473937,0.119909769514958,0.078495623134744,0.00276385543790167,0.00100699888432562,1.12965131114855e-05,0.000181033006711391,0,0,0.0012102314914753,3.02034391025838e-05,3.8721788426466e-07,5.73165611507383e-09,0,0,0,0,0.00304804552874349,0,4.40325204841132e-05,0,0.008205391096926,9.88489757269876,1.70456116686459e-05,0,0.000333928726549471,0,0
"26",0.274223654106958,0.194732697681278,0.00691030684232707,0.00251891706864589,2.82551399121293e-05,0.000452839769396574,0.115440181084447,0.081976800858403,0.00290903815655591,0.00106039080942219,1.18945919477478e-05,0.000190632369594893,0,0,0.000799817864098968,2.56947962436825e-05,2.35813386958658e-07,5.99567245287995e-09,0,0,0,0,0.00301232193419667,0,4.40836832205937e-05,0,0.00757172343760696,8.95991292541283,1.12598424491368e-05,0,0.000321910963846891,0,0
"27",0.232137819836867,0.178933160865496,0.00640002616074601,0.00233397892482044,2.61787123625311e-05,0.000419594302822092,0.110916180137271,0.0854948268103648,0.00305795262067767,0.00111518246808685,1.25082710701979e-05,0.000200483477052955,0,0,0.000527678666378859,2.21345134198991e-05,1.43273573458378e-07,6.27442488932438e-09,0,0,0,0,0.00298117050436451,0,4.41317311567112e-05,0,0.00707948490192839,8.12467855051101,7.42526686206914e-06,0,0.000310259615582749,0,0
"28",0.195471098330088,0.163652465633895,0.00590053347044053,0.00215278883309096,2.41446056415735e-05,0.000387022385609182,0.106349557597489,0.0890380596854915,0.00321029108411131,0.00117126338346663,1.31363058287576e-05,0.000210566471675295,0,0,0.000348172563334012,1.92471755300339e-05,8.70006972410971e-08,6.57134694851521e-09,0,0,0,0,0.00295422738971739,0,4.41768940613457e-05,0,0.00668608746823639,7.36965717609849,4.89713496281815e-06,0,0.000299069456351052,0,0
"29",0.163703577639801,0.148968128403188,0.00541485432625826,0.00197646298941349,2.21653334269815e-05,0.000355324682648462,0.101753100003404,0.0925939987706431,0.00336570661256988,0.00122850849758047,1.37772883239425e-05,0.000220858874854648,0,0,0.000230378435897818,1.68531632161803e-05,5.29417029421049e-08,6.89063926863694e-09,0,0,0,0,0.00293116748232109,0,4.42193828731303e-05,0,0.00636307149715556,6.68644355533572,3.238900275097e-06,0,0.000288429874563743,0,0
"30",0.136340512231765,0.134949490221659,0.00494581457581125,0.00180604542949543,2.02525963305222e-05,0.000324688892164292,0.0971404767426052,0.0961493953757444,0.00352381532026323,0.00128677904438087,1.44296572648794e-05,0.000231335743584798,0,0,0.000153467448987531,1.48336690073578e-05,3.24101123683334e-08,7.23735143608093e-09,0,0,0,0,0.00291169961382423,0,4.42593913994179e-05,0,0.00609167647720967,6.06761732066924,2.15666691617378e-06,0,0.000278422423917621,0,0
"31",0.112913063986948,0.121655913750961,0.00449596666852011,0.00164248116657545,1.84169808301073e-05,0.000295284915506021,0.0925260991878057,0.09969038785278,0.00368419953571225,0.00134592375732741,1.50917115775319e-05,0.000241969887416493,0,0,0.000103490192694983,1.31083275774777e-05,2.00694812180921e-08,7.61746156845775e-09,0,0,0,0,0.00289556241612064,0,4.42970978552457e-05,0,0.00585971311877397,5.50661637929696,1.45371579101369e-06,0,0.000269118546753231,0,0
"32",0.0929793754125484,0.109135328371594,0.00406752530221768,0.00148659258192801,1.66676948383548e-05,0.000267260611794383,0.0879249538512621,0.10320265831039,0.00384641188327518,0.00140578040647936,1.57616277047122e-05,0.000252732144672052,0,0,7.11592005750165e-05,1.16210397038285e-05,1.26616299460827e-08,8.03795490607122e-09,0,0,0,0,0.00288252074465947,0,4.43326662544403e-05,0,0.00565936954274393,4.99762776751024,9.99141453721391e-07,0,0.00026057763407124,0,0
"33",0.0761257934007589,0.0974232241827283,0.00366231661785534,0.00133906065607854,1.50123576931682e-05,0.000240738422860897,0.0833524128794869,0.106671608181211,0.0040099802338985,0.00146617764741776,1.64374803970584e-05,0.00026359171473749,0,0,5.03274938338199e-05,1.0331077087616e-05,8.2095430294125e-09,8.50690401787408e-09,0,0,0,0,0.00287236258200442,0,4.43662476648148e-05,0,0.00548568508045804,4.53549338019903,7.06347718589234e-07,0,0.000252845559844909,0,0
"34",0.0619680527860496,0.0865421562109964,0.00328174396416717,0.00120041218900799,1.34568574153519e-05,0.000215813074897067,0.0788240263322842,0.110082548883381,0.00417441344397969,0.00152693715135199,1.71172666489899e-05,0.000274516540922636,0,0,3.6950920678991e-05,9.20756080248465e-06,5.52093172372779e-09,9.03355455969642e-09,0,0,0,0,0.00286489635123262,0,4.43979813410779e-05,0,0.00533549949530316,4.11562840456958,5.18390647064816e-07,0,0.000245953785631255,0,0
"35",0.05015224206052,0.0765017753167068,0.002926771775461,0.00107101361149903,1.20052819474724e-05,0.000192550465068726,0.0743553016621971,0.113420902987809,0.00433920776658793,0.00158787597314655,1.77989322923359e-05,0.00028547373611143,0,0,2.83847406683812e-05,8.22607266114647e-06,3.88104582646506e-09,9.62842173324504e-09,0,0,0,0,0.00285994858082243,0,4.44279957471396e-05,0,0.00520673964131975,3.73395062950334,3.98048859929734e-07,0,0.000239919081180632,0,0
"36",0.0403554058540984,0.067299358348001,0.00259792755061857,0.000951071414787315,1.06599246376805e-05,0.000170987737992927,0.0699614765703013,0.11667241061291,0.00450385378655492,0.00164880910237627,1.84804006302547e-05,0.000296430041334502,0,0,2.29097202099338e-05,7.36659801929237e-06,2.86384048181784e-09,1.03034036221389e-08,0,0,0,0,0.00285736187193231,0,4.4456409479821e-05,0,0.00509794474788806,3.3868190865403,3.21137682744731e-07,0,0.000234743854782987,0,0
"37",0.0322856842833276,0.0589207726943135,0.00229532049938208,0.000840638698499563,9.42135832191311e-06,0.000151134462204663,0.0656572919102953,0.119823335272111,0.00466784370227637,0.00170955213258339,1.9159602383053e-05,0.000307352305609993,0,0,1.94148473372261e-05,6.61228647260524e-06,2.21667516510898e-09,1.10719184233033e-08,0,0,0,0,0.00285699312621842,0,4.44833321031408e-05,0,0.00500795961350597,3.07098071540589,2.72035452220179e-07,0,0.000230417040230333,0,0
"38",0.025681940664739,0.0513417835583917,0.00201867429911986,0.000739626918685485,8.28856767352457e-06,0.000132974741562241,0.0614567715070141,0.122860663144621,0.00483067875467937,0.00176992397636445,1.98345061333939e-05,0.000318207974042057,0,0,1.71862538199014e-05,5.94870474371259e-06,1.79039036092284e-09,1.19490733065266e-08,0,0,0,0,0.00285871199894883,0,4.45088649027979e-05,0,0.0049357450417524,2.78352394465635,2.40708999830406e-07,0,0.000226915450794807,0,0
"39",0.0203128790856861,0.0445295978674557,0.00176737067890084,0.000647821644863279,7.25912643678002e-06,0.000116470047477352,0.0573730156265279,0.125772289763337,0.00499187658975918,0.00182974954939474,2.05031484082334e-05,0.00032896557035331,0,0,1.57677012452577e-05,5.36337798576918e-06,1.49719534119595e-09,1.29518733339825e-08,0,0,0,0,0.00286239954732936,0,4.45331015683489e-05,0,0.00488026914544725,2.5218382432333,2.20748686975456e-07,0,0.000224205487585848,0,0
"40",0.0159756959931227,0.0384445364922621,0.00154050024009296,0.000564901016150678,6.32940483666574e-06,0.000101562536483865,0.0534180143807205,0.128547188434723,0.00515097833698225,0.00188886234549098,2.11636625241217e-05,0.000339595159846122,0,0,1.48689768585447e-05,4.84549439950862e-06,1.28548144252511e-09,1.40994797101483e-08,0,0,0,0,0.00286794704821934,0,4.45561288103229e-05,0,0.00484045336443526,2.28357883712304,2.08078902707522e-07,0,0.000222245080770368,0,0
"41",0.0124943415057647,0.0330417343588634,0.00133691699143115,0.000490455606673234,5.49479269193615e-06,8.81786212699509e-05,0.0496024865883813,0.131175555321278,0.00530755519261633,0.0019471068275972,2.18143053543035e-05,0.000350068779287541,0,0,1.43061531569863e-05,4.38569839598226e-06,1.12486241106045e-09,1.54135278068983e-08,0,0,0,0,0.00287525496369464,0,4.45780269174031e-05,0,0.00481515439868344,2.06663590153763,2.00117538843506e-07,0,0.000220985746223357,0,0
"42",0.00971748511650189,0.0282727831571305,0.00115529343602098,0.000424008538424902,4.74992520147236e-06,7.62325863005228e-05,0.0459357485872666,0.133648927000958,0.00546121431474682,0.00200434056614764,2.24534812502703e-05,0.000360360821393108,0,0,1.39628978606576e-05,3.97592934292722e-06,9.97349412978022e-10,1.69185171735338e-08,0,0,0,0,0.00288423203439459,0,4.45988702612972e-05,0,0.0048031686019794,1.86910763689893,1.95231910108746e-07,0,0.00022037465492396,0,0
"43",0.00751628739556364,0.0240872504508578,0.000994173594101521,0.000365034877535742,4.08890059837647e-06,6.56300747083702e-05,0.0424256162564926,0.13596026741943,0.00561160386450687,0.00206043606630955,2.30797624635872e-05,0.000370448363390907,0,0,1.37655956648241e-05,3.60928265046673e-06,8.92178756747393e-10,1.86422884679955e-08,0,0,0,0,0.00289479448507502,0,4.46187277519028e-05,0,0.00480324929920896,1.68927671954463,1.92389074574276e-07,0,0.000220356635384621,0,0
"44",0.0057820762173605,0.0204340291758609,0.000852021977708959,0.000312979580362631,3.50548145529271e-06,5.62713145604744e-05,0.0390783421406688,0.13810402240101,0.00575841706415267,0.00211528223853769,2.36919055591821e-05,0.000380311431471107,0,0,1.36674689144572e-05,3.27988182411762e-06,8.02798354434964e-10,2.06166065432443e-08,0,0,0,0,0.00290686532755137,0,4.46376632492929e-05,0,0.00481413038273355,1.52558968808428,1.90932746122356e-07,0,0.00022087605895599,0,0
"45",0.00442401563260909,0.0172624905422534,0.000727267168322632,0.000267273488172548,2.9932740329761e-06,4.80539943758628e-05,0.0358985881504519,0.140076141200693,0.00590139518461925,0.00216878548184117,2.42888634794175e-05,0.000389933195617091,0,0,1.36385191744137e-05,2.98275694369555e-06,7.25120546826902e-10,2.28778758704148e-08,0,0,0,0,0.00292037374885078,0,4.46557359353865e-05,0,0.00483455168500842,1.37663888583039,1.90442049531876e-07,0,0.000221878593920335,0,0
"46",0.00336684063452803,0.0145234297875885,0.000618339227018868,0.000227347081487903,2.5458824462185e-06,4.08757359372983e-05,0.0328894329347414,0.141874065877275,0.00604032942022743,0.00222087036517953,2.48697930979963e-05,0.000399300092193532,0,0,1.36592058989867e-05,2.71372867312177e-06,6.56512442139192e-10,2.54680260248139e-08,0,0,0,0,0.0029352545725344,0,4.46730006507569e-05,0,0.00486328320587771,1.24114663046159,1.90642792904552e-07,0,0.000223312858915799,0,0
"47",0.0025487142597721,0.0121698073405869,0.000523700653953585,0.000192641884450148,2.15703643187183e-06,3.46361446710864e-05,0.0300524117581968,0.143496690464606,0.00617506165326566,0.00227147990841801,2.5434058282328e-05,0.000408401874545575,0,0,1.37165057120011e-05,2.46929859745071e-06,5.9521286013658e-10,2.843562455902e-08,0,0,0,0,0.00295144778586938,0,4.46895081979625e-05,0,0.00489914643006156,1.11795132548028,1.91352177949921e-07,0,0.000225132063672269,0,0
"48",0.00191924671519352,0.0101572976078191,0.000441870996131465,0.000162619550487253,1.82069308328068e-06,2.92384432062248e-05,0.0273875856417054,0.144944292945883,0.00630548415340959,0.00232057547928963,2.59812286512536e-05,0.000417231594563327,0,0,1.38014758397979e-05,2.24654722722761e-06,5.39994579718475e-10,3.18373081693264e-08,0,0,0,0,0.00296889812154429,0,4.4705305617597e-05,0,0.00494103180363549,1.00599526527949,1.9244462699803e-07,0,0.000227295801175637,0,0
"49",0.00143770091120928,0.00844466403482878,0.000371445480419588,0.000136768763367977,1.53111406679639e-06,2.45907122062961e-05,0.0248936356830323,0.146218443842965,0.00643153829393947,0.00236813633597654,2.65110743624249e-05,0.000425785520532874,0,0,1.39077598220929e-05,2.04304092928365e-06,4.89967020923271e-10,3.57396803329807e-08,0,0,0,0,0.00298755468967192,0,4.47204364368942e-05,0,0.00498791202410225,0.904313917709966,1.93830832070102e-07,0,0.00022977225601025,0,0
"50",0.00107139572206254,0.00699398278491665,0.000311108233047692,0.000114610156118625,1.28292060125457e-06,2.06067748647595e-05,0.0225679778988081,0.147321895789155,0.00655321239666826,0.0024141588555952,2.70235573829823e-05,0.000434062998514066,0,0,1.4030678317478e-05,1.85674866698612e-06,4.44459180197414e-10,4.02219195800686e-08,0,0,0,0,0.00300737065013906,0,4.4734940897388e-05,0,0.00503885119621058,0.812026495745061,1.95445009918353e-07,0,0.000232541221193837,0,0
"51",0.000794307828073833,0.00577073887530707,0.000259640752531028,9.56994897630463e-05,1.07112892221051e-06,1.72067685546963e-05,0.0204068936246505,0.148258458750932,0.00667053883929795,0.00245865549665247,2.75188197840656e-05,0.000442066265884804,0,0,1.4166680069254e-05,1.6859689614567e-06,4.02948534301477e-10,4.537949905362e-08,0,0,0,0,0.00302830292366532,0,4.47488561602927e-05,0,0.00509301016146828,0.728327653835424,1.97237205728865e-07,0,0.000235598464304228,0,0
"52",0.000585865130902515,0.00474381846001143,0.000215926346508766,7.96293504397328e-05,8.91169136952424e-07,1.43174501089467e-05,0.0184056704650714,0.149032865612925,0.00678359057219345,0.00250165354828958,2.79971696525454e-05,0.000449800226546037,0,0,1.43130129617876e-05,1.52926703155678e-06,3.65016499140417e-10,5.13296642061648e-08,0,0,0,0,0.00305031193295692,0,4.47622164952584e-05,0,0.00514964845988722,0.652480165397115,1.9916868029334e-07,0,0.000238962132252514,0,0
"53",0.000429919255103324,0.00388541964364845,0.000178951240068111,6.60296228940297e-05,7.38890368356365e-07,1.18722811083273e-05,0.0165587489700538,0.149650632668286,0.00689247719657386,0.00254319372093902,2.84590652332218e-05,0.000457272197607098,0,0,1.44675292233118e-05,1.38542169154454e-06,3.30319490872395e-10,5.82196867574944e-08,0,0,0,0,0.00307336137180139,0,4.4775053452765e-05,0,0.00520812345654216,0.583808456034983,2.01209175313832e-07,0,0.000242681990848867,0,0
"54",0.000313881221200592,0.00317090216342216,0.000147803027459521,5.45669856875978e-05,6.10554942189357e-07,9.81133728186741e-06,0.0148598705904073,0.150117919202256,0.00699734075367091,0.0025833286321647,2.89050979047559e-05,0.000464491637217809,0,0,1.4628573191747e-05,1.25338130305239e-06,2.9856940695422e-10,6.62394464124128e-08,0,0,0,0,0.00309741799845149,0,4.47873960220716e-05,0,0.00526788718532219,0.521692882969168,2.03335333547695e-07,0,0.000246852294558123,0,0
"55",0.00022800261246148,0.00257859381531912,0.000121667082090161,4.49436529022575e-05,5.02824140537405e-07,8.08108242714729e-06,0.0133022229821025,0.150441389865391,0.00709835136568236,0.00262212123835665,2.9335974557496e-05,0.000471469862657052,0,0,1.47949218290948e-05,1.13222789328237e-06,2.6952001118748e-10,7.56406167259859e-08,0,0,0,0,0.00312245144777564,0,4.47992707778855e-05,0,0.00532848144500098,0.465564665026927,2.05529855617533e-07,0,0.000251628887923033,0,0
"56",0.000164784077284959,0.00208956887420676,9.9821470344652e-05,3.68955619677933e-05,4.12737760946503e-07,6.6340427388978e-06,0.0118785793417978,0.150628082951809,0.00719570285576432,0.00265964325810898,2.97524998867504e-05,0.000478219766917178,0,0,1.49657619855039e-05,1.02114845355221e-06,2.42957186378384e-10,8.67656550280187e-08,0,0,0,0,0.00314843406256924,0,4.48107020148097e-05,0,0.00538953164156377,0.414901379757616,2.07781168695587e-07,0,0.000257250662438124,0,0
"57",0.000118493462622021,0.00168741114618447,8.16308400195226e-05,3.01901800534749e-05,3.37689415097962e-07,5.42841254673005e-06,0.0105814291150583,0.150685287071627,0.00728960845734219,0.00269597362704907,3.01555590468545e-05,0.00048475554093431,0,0,1.51406972254709e-05,9.19412405828798e-07,2.18691835428083e-10,1.00090883812471e-07,0,0,0,0,0.00317534073913085,0,4.48217118734615e-05,0,0.00545073981545444,0.369222954961692,2.10083505354403e-07,0,0.000264064662716158,0,0
"58",8.47769613472172e-05,0.00135797181902907,6.65396790349962e-05,2.46240740970823e-05,2.75399193304648e-07,4.42761754369723e-06,0.0094030980835838,0.150620428075678,0.00738029670412092,0.00273119701712334,3.05461010353665e-05,0.000491092407399054,0,0,1.5319782656732e-05,8.26354252566326e-07,1.9655466334341e-10,1.16289104691818e-07,0,0,0,0,0.00320314878572015,0,4.48323204573377e-05,0,0.00551187723029977,0.328088091369873,2.12437369228847e-07,0,0.000272552943910371,0,0
"59",6.0348133183588e-05,0.00108913002167433,5.40652681599773e-05,2.00203633134624e-05,2.23885026483595e-07,3.59985687195317e-06,0.00833585647398323,0.150440967487169,0.00746800757262779,0.00276540244634125,3.092512309807e-05,0.000497246370823027,0,0,1.55035897102229e-05,7.41360490867301e-07,1.76392325026695e-10,1.36318227469151e-07,0,0,0,0,0.00323183779325895,0,4.48425459421884e-05,0,0.00557277683590799,0.29109106152985,2.1485041269816e-07,0,0.000283357815270541,0,0
"60",4.27413336712507e-05,0.000870562010447486,4.37905850995221e-05,1.62261487923387e-05,1.8143380520989e-07,2.91764107563364e-06,0.00737201431175303,0.150154313144519,0.00755298893003095,0.00279868199812902,3.12936563685842e-05,0.000503233987305297,0,0,1.56933047608332e-05,6.63859961585666e-07,1.58064568994158e-10,1.61543060948322e-07,0,0,0,0,0.00326138951400327,0,4.48524046794552e-05,0,0.0056333258564597,0.257858837265238,2.17338778382273e-07,0,0.0002973005707374,0,0
"61",3.01178166748307e-05,0.000693523186286531,3.53573578468565e-05,1.31099930788461e-05,1.46573071753036e-07,2.35733902715227e-06,0.00650400375209475,0.149767742279335,0.00763549332220657,0.00283112966306116,3.16527528847891e-05,0.000509072156295137,0,0,1.58908660734606e-05,5.93316905963663e-07,1.4144209622539e-10,1.93897360798291e-07,0,0,0,0,0.00329178775054067,0,4.48619112925744e-05,0,0.00569345869705726,0.228048504458518,2.19928964009869e-07,0,0.000315387534042195,0,0
"62",2.11144628815242e-05,0.000550645712542204,2.84594133673858e-05,1.05595036802597e-05,1.18043888419741e-07,1.89874352637331e-06,0.00572444854347137,0.149288336853181,0.00771577512121022,0.00286284031004816,3.20034740604921e-05,0.000514777935624605,0,0,1.609914282872e-05,5.29226107809285e-07,1.26404914068286e-10,2.3609209226736e-07,0,0,0,0,0.00332301825069075,0,4.48710787689163e-05,0,0.00575315030943127,0.20134492944785,2.22660259563106e-07,0,0.000338796637940044,0,0
"63",1.47266638422409e-05,0.000435753333307305,2.28364235932423e-05,8.47905831057101e-06,9.47753046343959e-08,1.52466237196291e-06,0.00502622111652249,0.148722930660103,0.00779408803784719,0.00289390878921105,3.23468806364609e-05,0.000520368380212929,0,0,1.63221578670267e-05,4.71109601581933e-07,1.12841012707428e-10,2.9187330523243e-07,0,0,0,0,0.00335506861009065,0,4.48799185458414e-05,0,0.0058124101111657,0.177458646071226,2.25587775818458e-07,0,0.000368838216112321,0,0
"64",1.02183195506461e-05,0.000343694065130931,1.82681141095837e-05,6.7876962808353e-06,7.58606949484198e-08,1.22053929445039e-06,0.00440248804191807,0.148078067466726,0.00787068299412814,0.00292442916474067,3.26840240909178e-05,0.00052586040413751,0,0,1.65653522515483e-05,4.18514521672248e-07,1.00645234108224e-10,3.66328821175546e-07,0,0,0,0,0.0033879281790576,0,4.48884405934213e-05,0,0.00587127651236588,0.156123936398613,2.28786034113103e-07,0,0.000406885500407789,0,0
"65",7.05316889638896e-06,0.00027019072322801,1.45689712908823e-05,5.41718958102675e-06,6.05361184715539e-08,9.74107187634944e-07,0.00384674477212956,0.147359969302221,0.00794580634205422,0.00295449407302839,3.30159394559072e-05,0.000531270665224959,0,0,1.68358848700345e-05,3.71011752998072e-07,8.9718244151363e-11,4.66237095876341e-07,0,0,0,0,0.00342158797570144,0,4.48966534918909e-05,0,0.0059298120690672,0.137097081523502,2.32353019641829e-07,0,0.000454273551795778,0,0
"66",4.84276278500076e-06,0.000211708717547674,1.15834603163104e-05,4.31029863203983e-06,4.81607542827694e-08,7.75074534657522e-07,0.00335284068341769,0.146574513917249,0.00801969840925702,0.0029841941992169,3.33436394620611e-05,0.000536615470931097,0,0,1.71429543442506e-05,3.28195116541106e-07,7.99655585669383e-11,6.00444438216705e-07,0,0,0,0,0.00345604060307514,0,4.49045645057935e-05,0,0.0059880992535894,0.120154761520282,2.36414518745771e-07,0,0.000512169778240478,0,0
"67",3.30731547566874e-06,0.00016534018491403,9.18174869242614e-06,3.41921113669366e-06,3.81993940783202e-08,6.14844747400355e-07,0.0029149954772494,0.145727220393006,0.00809259234825519,0.00301361786395883,3.36681099191046e-05,0.00054191070403412,0,0,1.74981239967744e-05,2.89680885426831e-07,7.12966109809618e-11,7.80248851722107e-07,0,0,0,0,0.00349128016971276,0,4.49121796552119e-05,0,0.00604623680824955,0.105092585912099,2.41128471586612e-07,0,0.000581424261707223,0,0
"68",2.24644320554645e-06,0.000128703282864329,7.25591684766966e-06,2.70415763885301e-06,3.02069194183033e-08,4.86267271238015e-07,0.00252780799759493,0.144823241886515,0.00816471326412258,0.00304285071145936,3.39903062315428e-05,0.000547171766537099,0,0,1.79156242688545e-05,2.55107478171427e-07,6.3623884364985e-11,1.01976104288793e-06,0,0,0,0,0.00352730221457575,0,4.49195037830624e-05,0,0.00610433663023316,0.0917237378566169,2.46688985492553e-07,0,0.00066241303663404,0,0
"69",1.51743635442327e-06,9.98553330548443e-05,5.71662826396691e-06,2.13219402920272e-06,2.38146532840516e-08,3.83418701058811e-07,0.00218625848495534,0.143867364534157,0.00823627759477484,0.00307197548966544,3.43111509466345e-05,0.000552413540137554,0,0,1.8412601692095e-05,2.24135216860974e-07,5.68621523864122e-11,1.33620674556512e-06,0,0,0,0,0.00356410363336548,0,4.49265406202301e-05,0,0.00616252112199285,0.0798777168800943,2.53329583585467e-07,0,0.000754891328181232,0,0
"70",1.01922956511684e-06,7.72184443108768e-05,4.49022575174043e-06,1.67613905137749e-06,1.87184512976848e-08,3.01411761549518e-07,0.00188570523148979,0.142864011590786,0.00830749271844023,0.00310107191359246,3.4631532233256e-05,0.000557650361644804,0,0,1.90092802604931e-05,1.96446070655217e-07,5.09278917939157e-11,1.75013064584294e-06,0,0,0,0,0.00360168260920324,0,4.49332928474822e-05,0,0.0062209209333808,0.0693991665104481,2.61325221339649e-07,0,0.000857875731424953,0,0
"71",6.80650656981763e-07,5.95162477857141e-05,3.51621719920145e-06,1.31365362405008e-06,1.46683841987465e-08,2.36229782025423e-07,0.0016218765345658,0.14181725194697,0.00837855676377362,0.00313021660309839,3.49523031938837e-05,0.000562896011783167,0,0,1.97290007243878e-05,1.7174333059474e-07,4.57389291844772e-11,2.28546193626112e-06,0,0,0,0,0.0036400385437469,0,4.49397621563889e-05,0,0.00627967301889479,0.0601467747031098,2.70992602636294e-07,0,0.000969573798013914,0,0
"72",4.51860186264676e-07,4.57204225938044e-05,2.74511285618837e-06,1.02644829240224e-06,1.14598576551809e-08,1.84584205693266e-07,0.00139085877648925,0.140730812234345,0.00844965859914608,0.00315948308679672,3.52742819162423e-05,0.000568163715887544,0,0,2.05981066038776e-05,1.4975118167088e-07,4.121437489018e-11,2.96940564309729e-06,0,0,0,0,0.00367917199138782,0,4.49459493064403e-05,0,0.0063389189358807,0.0519922366131398,2.82688375568121e-07,0,0.00108737627943405,0,0
"73",2.98153956539951e-07,3.50057659875062e-05,2.13657644963113e-06,7.99605174812246e-07,8.9260161727976e-09,1.43792682557606e-07,0.00118908139156727,0.13960809179376,0.00852097797862636,0.00318894186414304,3.55982521750636e-05,0.000573466155059653,0,0,2.16456528976668e-05,1.30214153780912e-07,3.72748745944198e-11,3.83213263296541e-06,0,0,0,0,0.00371908459304803,0,4.49518541825975e-05,0,0.00639880331699503,0.0448192710962544,2.96804890445479e-07,0,0.0012079215793759,0,0
"74",1.95503743975434e-07,2.67126566583496e-05,1.65785375445261e-06,6.21001225229672e-07,6.93128305041809e-09,1.11675376830572e-07,0.00101329942081444,0.138452179840207,0.0085926858229015,0.00321866051797634,3.59249646972087e-05,0.000578815486397398,0,0,2.29029243763275e-05,1.12896445597765e-07,3.38431785578977e-11,4.90625430241712e-06,0,0,0,0,0.00375977901291401,0,4.49574758495506e-05,0,0.00645947246208278,0.0385226843176479,3.13763355371691e-07,0,0.0013272344279747,0,0
"75",1.2736822567617e-07,2.03158644701686e-05,1.28244431783177e-06,4.80820363428964e-07,5.36589660442844e-09,8.64672511816796e-08,0.000860574299949977,0.137265874212182,0.00866494461380709,0.00324870386992436,3.62551389048981e-05,0.000584223370932886,0,0,2.44027643179837e-05,9.75811253343703e-08,3.08449931831292e-11,6.22608446111372e-06,0,0,0,0,0.00380125887522122,0,4.49628126052764e-05,0,0.00652107300989783,0.0330074759569572,3.34004418577619e-07,0,0.00144093235653018,0,0
"76",8.24260666268191e-08,1.53987683511747e-05,9.88984581647708e-07,3.71142933674085e-07,4.14131313096814e-09,6.67442534062866e-08,0.000728253476337697,0.136051701142477,0.00873790888130265,0.00327913417111159,3.65894650521781e-05,0.00058970100791971,0,0,2.61787304129322e-05,8.40692204092937e-08,2.82100449556152e-11,7.82670936353915e-06,0,0,0,0,0.00384352870294392,0,4.49678620320766e-05,0,0.00658375066746841,0.0281879856172576,3.5797642511999e-07,0,0.00154448533509445,0,0
"77",5.29741849200803e-08,1.16321514029454e-05,7.60313452775489e-07,2.85601958563085e-07,3.18635840495206e-09,5.13615119440948e-08,0.000613949402400962,0.134811935535204,0.00881172576176781,0.00331001132058729,3.69286066695867e-05,0.000595259174106403,0,0,2.82641108002973e-05,7.21787144085361e-08,2.58732575037624e-11,9.7429053580119e-06,0,0,0,0,0.00388659385598182,0,4.4972621047792e-05,0,0.00664764899282206,0.0239870790386048,3.86121817229558e-07,0,0.00163350704719774,0,0
"78",3.38027813304295e-08,8.7568451705719e-06,5.82694270163418e-07,2.19096698893068e-07,2.44402126041435e-09,3.94018343437276e-08,0.000515518403520047,0.133548621282878,0.00888653560659848,0.00334139310389202,3.72732032320563e-05,0.000600908266632914,0,0,3.06908480674967e-05,6.17434745810713e-08,2.37759229591249e-11,1.2007960155985e-05,0,0,0,0,0.00393046047345757,0,4.49770859525934e-05,0,0.00671290824352712,0.0203353754299327,4.1886234859338e-07,0,0.00170405166780444,0,0
"79",2.14099412700794e-08,6.56959124609632e-06,4.45169990711709e-07,1.67555067891662e-07,1.86879445976839e-09,3.01329892622625e-08,0.000431039864416645,0.132263591210665,0.00896247262045956,0.00337333544428147,3.76238729662874e-05,0.000606658348205065,0,0,3.34884308073629e-05,5.26121363629497e-08,2.18667421441059e-11,1.46524663036818e-05,0,0,0,0,0.00397513541451559,0,4.49812524761167e-05,0,0.00677966431743926,0.0171705185209913,4.56583939487446e-07,0,0.00175288834802068,0,0
"80",1.3456589743378e-08,4.91157662553283e-06,3.39031177550921e-07,1.2773744755586e-07,1.42447928808395e-09,2.2972432237087e-08,0.000358796117383667,0.130958486294105,0.00903966550939429,0.00340589265940103,3.79812157169674e-05,0.000612519193251196,0,0,3.66828194828483e-05,4.4646973001665e-08,2.01026159254041e-11,1.7703162420458e-05,0,0,0,0,0.00402062620285607,0,4.49851158214078e-05,0,0.00684804782174394,0.0144364946811879,4.99622091649858e-07,0,0.00177772718344762,0,0
"81",8.39052003594080e-09,3.65917886602951e-06,2.57378967322107e-07,9.7075394910015e-08,1.08238086575134e-09,1.7458304456787e-08,0.000297253347614483,0.129634773862438,0.00911823812044284,0.00343911771670829,3.83458157969076e-05,0.000618500333855754,0,0,4.02954748303124e-05,3.77227781682884e-08,1.84490920214085e-11,2.11818980792598e-05,0,0,0,0,0.00406694097433529,0,4.49886707056832e-05,0,0.00691818331086507,0.0120830015860835,5.48248795067368e-07,0,0.00177737512265824,0,0
"82",5.18862483734196e-09,2.71652795322162e-06,1.94767582621994e-07,7.35395936533073e-08,8.19830913274388e-10,1.32256897337793e-08,0.000245043756145028,0.128293764571231,0.0091983100565486,0.0034730624816993,3.87182447547083e-05,0.000624611104400883,0,0,4.43425523805058e-05,3.17257874993938e-08,1.68804053724556e-11,2.51047915077614e-05,0,0,0,0,0.0041140884251075,0,4.4991911398967e-05,0,0.00699018873262087,0.0100648704285314,6.02661787874707e-07,0,0.00175180751315478,0,0
"83",3.18125807754511e-09,2.00955410507128e-06,1.46913124043315e-07,5.55321950649433e-08,6.18983549599644e-10,9.98725661192283e-09,0.000200949141976856,0.126936628002768,0.00927999725329576,0.0035077779539983,3.90990640048358e-05,0.000630860684027644,0,0,4.88343161310457e-05,2.65526614291739e-08,1.53790918691036e-11,2.94816360662605e-05,0,0,0,0,0.00416207776393088,0,4.49948317605545e-05,0,0.00706417511533508,0.00834154363234242,6.62976879416588e-07,0,0.00170214988321814,0,0
"84",1.93331292592319e-09,1.48124496382925e-06,1.104573180501e-07,4.17993989905294e-08,4.65837636729505e-10,7.51753963422304e-09,0.000163885985561398,0.125564406827258,0.00936341250729771,0.00354331448757365,3.94888272784665e-05,0.000637258136244657,0,0,5.37748089047864e-05,2.21095467263845e-08,1.39351995287469e-11,3.4315592980704e-05,0,0,0,0,0.00421091866581559,0,4.49974252719008e-05,0,0.00714024651726362,0.00687660855880044,7.29223828831189e-07,0,0.00163057397599651,0,0
"85",1.16422291863545e-09,1.08788236923849e-06,8.2776616270217e-08,3.1360752440675e-08,3.49446212506949e-10,5.64022646313778e-09,0.000132892040587555,0.124178029527862,0.00944866594962358,0.0035797219926637,3.9888082868245e-05,0.000643812445249595,0,0,5.91617980121955e-05,1.83112282552469e-08,1.2545162345323e-11,3.96031859903902e-05,0,0,0,0,0.00426062123127306,0,4.49996850660608e-05,0,0.00721850024501924,0.00563738597833755,8.01346008964984e-07,0,0.00154012076260554,0,0
"86",6.94507109609557e-10,7.96068852865834e-07,6.18285489684518e-08,2.34521933296879e-08,2.61279720662662e-10,4.21791642412228e-09,0.000107114374663513,0.122778321753627,0.00953586546123524,0.0036170501183344,4.02973756550486e-05,0.000650532548769463,0,0,6.49869944566752e-05,1.50803761553569e-08,1.12104346254028e-11,4.53345907229612e-05,0,0,0,0,0.00431119594531603,0,4.50016039565755e-05,0,0.00729902733138543,0.00459457031787306,8.79203805182114e-07,0,0.00143447004527642,0,0
"87",4.10300615199257e-10,5.80387865886784e-07,4.60285448717655e-08,1.74803452304242e-08,1.9471510974157e-10,3.14390204150237e-09,8.57987461925705e-05,0.121366016412832,0.00962511703071195,0.00365534841583244,4.07172489187283e-05,0.000657427367449034,0,0,7.12365241815427e-05,1.23468874552194e-08,9.93600355315804e-12,5.14941901361837e-05,0,0,0,0,0.00436265363985125,0,4.50031744616917e-05,0,0.00738191324686379,0.00372191709648721,9.62581429582316e-07,0,0.00131768048670279,0,0
"88",2.39990539790781e-10,4.21570265963804e-07,3.41515579066068e-08,1.29859816784205e-08,1.44627497578467e-10,2.33559932517139e-09,6.82801674748378e-05,0.119941762652455,0.00971652505729023,0.00369466648394024,4.11482459464171e-05,0.000664505831004205,0,0,7.78916127463928e-05,1.00473156496292e-08,8.72890285938889e-12,5.80613494323477e-05,0,0,0,0,0.00441500545807004,0,4.50043888284885e-05,0,0.00746723880526462,0.00299597170888053,1.05119660035103e-06,0,0.00119392505522984,0,0
"89",1.38943366201531e-10,3.0506342808086e-07,2.5253806599124e-08,9.61493190205703e-09,1.07065057402778e-10,1.72931609322047e-09,5.39744841304035e-05,0.11850613388648,0.00981019260422726,0.00373505409829901,4.1590911460466e-05,0.000671776901493776,0,0,8.49294319334552e-05,8.12437744419545e-09,7.59684097464142e-12,6.50113511010263e-05,0,0,0,0,0.00446826282076913,0,4.5005239054291e-05,0,0.00755508121306063,0.00239583293645426,1.14471236480739e-06,0,0.00106724502341513,0,0
"90",7.9601732552115e-11,2.19919148100417e-07,1.86107518305658e-08,7.09500033499611e-09,7.89911479841645e-11,1.27610163865082e-09,4.23707978198605e-05,0.117059635037192,0.00990622160858422,0.00377656132709357,4.20457928928181e-05,0.000679249594140019,0,0,9.23240491564537e-05,6.52652301281661e-09,6.54703529359928e-12,7.2316424106291e-05,0,0,0,0,0.00452243739195704,0,4.50057169069651e-05,0,0.00764551520602938,0.00190294432189822,1.24275024670305e-06,0,0.000941341310408335,0,0
"91",4.51171510713288e-11,1.57932859632337e-07,1.36681307393327e-08,5.21772615722136e-09,5.80805540289552e-11,9.38466695652102e-10,3.30245707242312e-05,0.11560270914186,0.0100047130537012,0.00381923863557799,4.25134415335607e-05,0.000686932996143757,0,0,0.000100047418514124,5.20755485257177e-09,5.58531419510492e-12,7.99468008396307e-05,0,0,0,0,0.00457754104686928,0,4.50058139450765e-05,0,0.00773861421525468,0.00150090682526869,1.34490387734155e-06,0,0.000819415953941758,0,0
"92",2.52925637220304e-11,1.1298010800909e-07,1.00034452401416e-08,3.82402234594832e-09,4.2559090981127e-11,6.8780099929045e-10,2.55512728318242e-05,0.114135743455487,0.0101057671099762,0.00386313698168967,4.29944135788031e-05,0.000694836283898106,0,0,0.00010807035557183,4.1262805918093e-09,4.71551511440595e-12,8.78717407036204e-05,0,0,0,0,0.00463358583785212,0,4.50055215368897e-05,0,0.00783445150760849,0.00117530691381949,1.45075232093127e-06,0,0.000704069827300972,0,0
"93",1.40209580255183e-11,8.05071828372187e-08,7.29578805280041e-09,2.79291178829579e-09,3.10778221369384e-11,5.02347748870824e-10,1.9620462525737e-05,0.112659075152742,0.0102094832482318,0.00390830790451074,4.34892710975632e-05,0.000702968738917109,0,0,0.000116363445597848,3.2461866804325e-09,3.93917503462679e-12,9.60604688865791e-05,0,0,0,0,0.00469058396027927,0,4.50048308799237e-05,0,0.00793310125266844,0.000913555302502563,1.55987241471671e-06,0,0.000597256341248684,0,0
"94",7.68425147543157e-12,5.71417073729871e-08,5.30229105831282e-09,2.03272590567882e-09,2.26147915876227e-11,3.65620877075116e-10,1.4950222932009e-05,0.111172996702818,0.0103159603281623,0.00395480360666639,4.39985829298868e-05,0.000711339762675147,0,0,0.000124897845718248,2.53512241603462e-09,3.2554831539093e-12,0.000104482991495817,0,0,0,0,0.0047485477192658,0,4.50037330192188e-05,0,0.00803463947753905,0.000704732809850774,1.67184959551729e-06,0,0.000500285563673871,0,0
"95",4.16268294011538e-12,4.03961685863165e-08,3.8398125366104e-09,1.47425343770872e-09,1.63985441484448e-11,2.65172998217834e-10,1.1301907097852e-05,0.109677760963236,0.0104252966623337,0.00400267703098497,4.45229255199077e-05,0.000719958890415458,0,0,0.00013364595387824,1.96498682539895e-09,2.66144670073419e-12,0.000113110762095297,0,0,0,0,0.00480748949234467,0,4.50022188677635e-05,0,0.00813914488201799,0.000539441075572699,1.78628685684139e-06,0,0.000413869438100984,0,0
"96",2.22846020859608e-12,2.84431456093652e-08,2.77075226331291e-09,1.06542748848725e-09,1.18488275120597e-11,1.91639971066237e-10,8.47517132482382e-06,0.108173586015317,0.0105375900541721,0.00405198193096516,4.50628836788861e-05,0.00072883580384586,0,0,0.000142581930157301,1.51141411900027e-09,2.15221084259115e-12,0.000121917188325855,0,0,0,0,0.00486742169258316,0,4.50002792255652e-05,0,0.0082466994977263,0.000409657070543777,1.90281165487508e-06,0,0.000338196759433691,0,0
"97",1.17872030822882e-12,1.99456103543656e-08,1.99210605974197e-09,7.67221115128888e-10,8.53079123484521e-12,1.38002787492585e-10,6.30329598838806e-06,0.106660659746788,0.0106529378064957,0.00410277293386527,4.561905126516e-05,0.00073798034250846,0,0,0.000151682067710373,1.15345641122256e-09,1.72147187271238e-12,0.000130877979449192,0,0,0,0,0.00492835673045776,0,4.49979048002292e-05,0,0.00835738918516763,0.000308591318534036,2.02108074152712e-06,0,0.000273026165450011,0,0
"98",6.15896498994149e-13,1.3929346278605e-08,1.42705243442567e-09,5.50488641549378e-10,6.1197455120148e-12,9.90195278984328e-11,4.6488061614857e-06,0.105139144176337,0.0107714366955417,0.00415510559459594,4.61920317609228e-05,0.000747402513496043,0,0,0.000160925020459991,8.73264884861689e-10,1.36192782478883e-12,0.000139971345516054,0,0,0,0,0.00499030697177753,0,4.49950862271476e-05,0,0.00847130397136622,0.000230550483045293,2.14078303582637e-06,0,0.000217786317868974,0,0
"99",3.1784422807588e-13,9.6874382568593e-09,1.01851049591606e-09,3.93544093364834e-10,4.37414897739986e-12,7.07898723175074e-11,3.39941053661075e-06,0.103609179510637,0.0108931829041713,0.00420903643808174,4.67824387200398e-05,0.000757112499095043,0,0,0.000170291902175164,6.55772414615843e-10,1.06572024731213e-12,0.000149178065989548,0,0,0,0,0.00505328469796145,0,4.49918140904572e-05,0,0.00858853823732117,0.000170805432558601,2.26164074525094e-06,0,0.000171674262824439,0,0
"100",1.61975921269661e-13,6.70907655799579e-09,7.24226380934344e-10,2.80311876331591e-10,3.11498367712197e-12,5.04225186463248e-11,2.46427745511874e-06,0.102070887925435,0.0110182719070172,0.00426462298736347,4.73908960567976e-05,0.000767120661864178,0,0,0.000179766276501662,4.88381794257787e-10,8.24832845656259e-13,0.000158481450002431,0,0,0,0,0.00511730206094983,0,4.49880789441532e-05,0,0.00870919076877658,0.000125466097584447,2.38340901313017e-06,0,0.000133745245787299,0,0
"101",8.14961381349276e-14,4.62671322636519e-09,5.13040126479597e-10,1.98919928417775e-10,2.21006783288417e-12,3.57821722898645e-11,1.77066269695045e-06,0.100524377067397,0.0111467982997201,0.00432192377442794,4.80180381423614e-05,0.000777437546606432,0,0,0.000189334059992313,3.60664168409618e-10,6.31425102175494e-13,0.000167867212229793,0,0,0,0,0.00518237103750728,0,4.49838713344695e-05,0,0.00883336468584592,9.13644121388664e-05,2.50587439932158e-06,0,0.000102989630376894,0,0
"102",4.04758144852927e-14,3.17700984395244e-09,3.62060504226027e-10,1.40633635705936e-10,1.56217063072415e-12,2.52978171635863e-11,1.26089661834915e-06,0.0989697432810688,0.0112788555640373,0.00438099833055102,4.86645096735523e-05,0.000788073878655893,0,0,0.000198983360594946,2.64072149570664e-10,4.780903124299e-13,0.000177323288046936,0,0,0,0,0.00524850338393536,0,4.49791818203758e-05,0,0.00896116726714605,6.59464440394881e-05,2.62885250424119e-06,0,7.83947463542175e-05,0,0
"103",1.98402922144427e-14,2.17210319074093e-09,2.54535408792416e-10,9.90511289014147e-11,1.1000427592033e-12,1.78179927164209e-11,8.89729747437365e-07,0.0974070745741837,0.0114145357604101,0.00444190715279326,4.93309652770024e-05,0.00079904055787453,0,0,0.000208704272756358,1.91671539967063e-10,3.58036779244082e-13,0.000186839609744955,0,0,0,0,0.00531571058546158,0,4.49740009974472e-05,0,0.00909270968261622,4.71745209261602e-05,2.75218502626384e-06,0,5.89912878145273e-05,0,0
"104",9.59657850675559e-15,1.47855568020955e-09,1.78252919029672e-10,6.94982624601494e-11,7.71674004753162e-13,1.25019818060384e-11,6.22027334261966e-07,0.0958364533433662,0.0115539291394727,0.00450471164316461,5.00180688104581e-05,0.000810348647731824,0,0,0.000218488647864222,1.37894725292283e-10,2.65197757093139e-13,0.000196407862636825,0,0,0,0,0.00538400380601573,0,4.49683195194006e-05,0,0.0092281066466056,3.34398074069152e-05,2.87573650739887e-06,0,4.38852158418e-05,0,0
"105",4.57954697195476e-15,1.00200368858174e-09,1.24345585190052e-10,4.8575524800916e-11,5.3924499335158e-13,8.73832214574136e-12,4.30795570054074e-07,0.0942579588903316,0.0116971236639136,0.00456947401684892,5.07264923216938e-05,0.000822009358817421,0,0,0.000228329855650732,9.83178064837648e-11,1.94280127267822e-13,0.000206021236401496,0,0,0,0,0.00545339383491816,0,4.4962128121819e-05,0,0.00936747599953351,2.34854301428253e-05,2.9993909785241e-06,0,3.22769877130449e-05,0,0
"106",2.15569786199147e-15,6.76011472516938e-10,8.63998468911767e-11,3.38200773577191e-11,3.75362445871439e-13,6.0840229980498e-12,2.95515872883538e-07,0.0926716697652498,0.011844204431999,0.00463625717572599,5.14569146238903e-05,0.000834034026109414,0,0,0.000238222548764814,6.94625091431656e-11,1.40763988879865e-13,0.000215674183395299,0,0,0,0,0.0055238910323367,0,4.49554176459109e-05,0,0.00951093822276999,1.63399177677804e-05,3.12304866802396e-06,0,2.34703886612519e-05,0,0
"107",1.00076846004766e-15,4.5401505225021e-10,5.97953994127423e-11,2.34546784042182e-11,2.60262869620376e-13,4.21940778349098e-12,2.00759104956242e-07,0.0910776659788747,0.0119952529939157,0.00470512454323661,5.22100194442993e-05,0.000846434079286141,0,0,0.000248162439429743,4.86229530118445e-11,1.00865812134402e-13,0.000225362192219674,0,0,0,0,0.00559550527112836,0,4.4948179061866e-05,0,0.00965861588774375,1.1260445110575e-05,3.24662289240233e-06,0,1.68733638616838e-05,0,0
"108",4.58120963948823e-16,3.03525943319808e-10,4.12171321449446e-11,1.62019072265433e-11,1.79743950404611e-13,2.91470087433644e-12,1.35048902846475e-07,0.0894760311282337,0.0121503465518656,0.00477613985639277,5.2986493100424e-05,0.000859221005325503,0,0,0.000258146094049336,3.37165408556812e-11,7.14770109678537e-14,0.000235081581780427,0,0,0,0,0.00566824587357129,0,4.49404034963564e-05,0,0.00981063303678085,7.68515895261405e-06,3.37003720579292e-06,0,1.19931293713126e-05,0,0
"109",2.06750889684313e-16,2.01979970698933e-10,2.8296039317748e-11,1.11472635756767e-11,1.2364049130738e-13,2.00540465994305e-12,8.99423357430381e-08,0.0878668544822749,0.0123095570345601,0.00484936691044248,5.37870216548156e-05,0.000872406302583065,0,0,0.00026817074906124,2.31575735459865e-11,5.00882206855525e-14,0.000244829318522831,0,0,0,0,0.00574212155244598,0,4.49320822548897e-05,0,0.00996711449003904,5.19371892406476e-06,3.49322285057418e-06,0,8.4275685641927e-06,0,0
"110",9.19717345716234e-17,1.33778042799446e-10,1.93461140258803e-11,7.63869668530714e-12,8.47061471443548e-14,1.3742285950263e-12,5.92966033665498e-08,0.0862502330741031,0.012472950036441,0.00492486925136005,5.46122874959577e-05,0.000886001425479118,0,0,0.000278234149224152,1.57517282357806e-11,3.47076097005249e-14,0.000254602857520252,0,0,0,0,0.00581714033978141,0,4.49232068517093e-05,0,0.0101281850701294,3.47510850929709e-06,3.61611652298119e-06,0,5.85456950528896e-06,0,0
"111",4.03199029018233e-17,8.81865003613426e-11,1.3172372840955e-11,5.21317376394154e-12,5.77962916977704e-14,9.37881455516838e-13,3.8692125556805e-08,0.0846262738455652,0.0126405836116294,0.00500270981095905,5.54629652887069e-05,0.00090001771885754,0,0,0.000288334407998899,1.06092428961704e-11,2.37795179058459e-14,0.000264400006616747,0,0,0,0,0.0058933095181178,0,4.49137690371109e-05,0,0.0102939687337357,2.3017492118678e-06,3.73865844734209e-06,0,4.02058613597837e-06,0,0
"112",1.74164744024078e-17,5.78543951658824e-11,8.9313691374019e-12,3.54323375948044e-12,3.92734080186276e-14,6.37458111137584e-13,2.49848254211001e-08,0.0829950958882397,0.0128125069123368,0.00508295047903197,5.63397172335514e-05,0.000914466341008424,0,0,0.000298469888499521,7.07451385934924e-12,1.61078083359684e-14,0.00027421881182397,0,0,0,0,0.00597063554425856,0,4.49037608260552e-05,0,0.0104645875975848,1.50897486394838e-06,3.86079073710972e-06,0,2.72935225570631e-06,0,0
"113",7.41128393567675e-18,3.77714241363327e-11,6.03027300080413e-12,2.39824991953941e-12,2.65762154400561e-14,4.31471832878382e-13,1.5963353300609e-08,0.0813568328225668,0.0129887586613114,0.00516565160652812,5.72431875697629e-05,0.000929358174275639,0,0,0.000308639102890067,4.66980668877503e-12,1.07866702929227e-14,0.000284057461576146,0,0,0,0,0.00604912397345548,0,4.48931745286991e-05,0,0.0106401608447159,9.78981149364999e-07,3.98245601325625e-06,0,1.83136672264138e-06,0,0
"114",3.10624056264612e-18,2.45390870277886e-11,4.05416603726513e-12,1.61647155404422e-12,1.79087626352171e-14,2.90825382633353e-13,1.0090168178277e-08,0.0797116353541001,0.0131693654479279,0.0052508714334129,5.8173996253609e-05,0.000944703722104025,0,0,0.000318840627667231,3.05087490969878e-12,7.14027965299739e-15,0.000293914207172089,0,0,0,0,0.00612877937415891,0,4.48820027834234e-05,0,0.0108208034958322,6.28446371645008e-07,4.10359624531515e-06,0,1.21451312646245e-06,0,0
"115",1.28203647446551e-18,1.58633994391509e-11,2.71388818479415e-12,1.08493128236273e-12,1.20170389514797e-14,1.95196834149204e-13,6.30856896036619e-09,0.0780596740427685,0.013354339837823,0.00533866543453628,5.91327317394943e-05,0.000960512991324056,0,0,0.000329073032207199,1.97244649179785e-12,4.67171435580563e-15,0.000303787296699639,0,0,0,0,0.00620960524092119,0,4.48702385895813e-05,0,0.011006625029811,3.9911334510706e-07,4.22415178004875e-06,0,7.95980137085004e-07,0,0
"116",5.20959351461711e-19,1.02035474558272e-11,1.80878923969028e-12,7.25066807147524e-13,8.02915598754289e-15,1.30453256221453e-13,3.90078937987376e-09,0.0764011423176344,0.0135436782866395,0.0054290855766084,6.01199427895462e-05,0.000976795358430175,0,0,0.000339334818023303,1.26174778205213e-12,3.02081560836711e-15,0.000313674919872608,0,0,0,0,0.00629160390259927,0,4.48578753424485e-05,0,0.0111977278370572,2.50720770578516e-07,4.34406052415947e-06,0,5.15506259662658e-07,0,0
"117",2.08381552938537e-19,6.52975507167018e-12,1.20024187590153e-12,4.82476371903192e-13,5.34150292231415e-15,8.68079252676601e-14,2.38502940767278e-09,0.074736259765889,0.013737358849561,0.00552217947927373,6.11361292361946e-05,0.000993559418589694,0,0,0.000349624366377762,7.98466223559714e-13,1.93023474115067e-15,0.000323575161451514,0,0,0,0,0.00637477642701865,0,4.48449068694188e-05,0,0.0113942054893608,1.55769240582362e-07,4.46325725059462e-06,0,3.29877608283603e-07,0,0
"118",8.20313478209121e-20,4.15725346438801e-12,7.92890116864546e-13,3.19651242954535e-13,3.53800374613581e-15,5.75130257192191e-14,1.44173144543953e-09,0.0730652757206392,0.0139353386800067,0.00561798947333521,6.21817316231696e-05,0.00101081281612969,0,0,0.000359939892173745,4.99788733133565e-13,1.2186606214238e-15,0.000333485961217702,0,0,0,0,0.00645912251362244,0,4.48313274717477e-05,0,0.0115961408103203,9.56976180673417e-08,4.58167300223718e-06,0,2.08550670859583e-07,0,0
"119",3.17744580535522e-20,2.63301039661334e-12,5.21433194168425e-13,2.1084271724411e-13,2.33310289908487e-15,3.79363007080785e-14,8.61496805738943e-10,0.0713884731672468,0.0141375513132358,0.00571655154945478,6.32571196536013e-05,0.00102856205529863,0,0,0.00037027940235256,3.09378820199028e-13,7.60131602916666e-16,0.000343405078789011,0,0,0,0,0.00654464039432534,0,4.4817131959179e-05,0,0.0118036037312378,5.81271170514506e-08,4.69923457119659e-06,0,1.30244783773042e-07,0,0
"120",1.21078279578423e-20,1.65884971127691e-12,3.41352559599176e-13,1.38452760873154e-13,1.53168423474854e-15,2.4911771670399e-14,5.08780478625115e-10,0.0697061729824088,0.0143439037338061,0.00581789419120266,6.43625793801568e-05,0.00104681229019741,0,0,0.00038064065732428,1.89363503287819e-13,4.68352486983783e-16,0.00035333006187809,0,0,0,0,0.00663132671524306,0,4.48023156965358e-05,0,0.012016648918786,3.49015249454398e-08,4.81586403636581e-06,0,8.03427911537573e-08,0,0
"121",4.53790831524172e-21,1.03954003694539e-12,2.22435023963018e-13,9.05073335224815e-14,1.00101980330084e-15,1.62852131539288e-14,2.96922473520036e-10,0.06801873851356,0.0145542732299715,0.00592203708720515,6.54982990820502e-05,0.00106556709293233,0,0,0.000391021134274637,1.14585603343262e-13,2.85021619596796e-16,0.000363258216885489,0,0,0,0,0.00671917642284436,0,4.47868746453561e-05,0,0.0122353131628156,2.07122523909065e-08,4.93147834645862e-06,0,4.89459866570731e-08,0,0
"122",1.67246794067185e-21,6.47926557482119e-13,1.44269550941173e-13,5.88955818919143e-14,6.51226174064033e-16,1.05973954232649e-14,1.71206255117707e-10,0.0663265804983142,0.0147685040433297,0.00602898971841714,6.66643537880592e-05,0.00108482819927171,0,0,0.000401417991436641,6.85358102194347e-14,1.71295130029918e-16,0.000373186580979893,0,0,0,0,0.00680818264068276,0,4.47708054093259e-05,0,0.0124596125154673,1.21466520864257e-08,5.04598893936215e-06,0,2.94452181835449e-08,0,0
"123",6.06015067881629e-22,4.01634246098672e-13,9.3130711541617e-14,3.81483206443123e-14,4.2170985587871e-16,6.86433790544006e-15,9.75187065907142e-11,0.0646301623142634,0.0149864038284694,0.006138749818293,6.78606884241384e-05,0.00110459523140253,0,0,0.000411828032628549,4.05119924881711e-14,1.0165163263474e-16,0.000383111895043994,0,0,0,0,0.0068983365446962,0,4.47541052809342e-05,0,0.0126895391764674,7.03819001263807e-09,5.15930139180467e-06,0,1.74896962963964e-08,0,0
"124",2.15845651823726e-22,2.47585626358967e-13,5.98318367782455e-14,2.45945067886275e-14,2.71809491814304e-16,4.42555982159188e-15,5.48625066181665e-11,0.0629300055382847,0.0152077399451358,0.00625130170592254,6.90870995896688e-05,0.00112486539779574,0,0,0.000422247671675069,2.36620459617799e-14,5.95558562444761e-17,0.000393030577057118,0,0,0,0,0.0069896272315478,0,4.47367722907783e-05,0,0.0129250581243721,4.02873934499958e-09,5.27131509772701e-06,0,1.02555844209616e-08,0,0
"125",7.55523656336282e-23,1.51767408009407e-13,3.82530915499307e-14,1.57814261799968e-14,1.74365240960927e-16,2.83977070181403e-15,3.04796778628772e-11,0.0612266957813382,0.0154322356146328,0.00636661449511226,7.03432159986067e-05,0.00114563317071309,0,0,0.000432672896333513,1.36535946159291e-14,3.44439479371512e-17,0.000402938695647959,0,0,0,0,0.00708204158492993,0,4.47188052554651e-05,0,0.0131661034993805,2.27776938153245e-09,5.38192297416431e-06,0,5.93593081711155e-09,0,0
"126",2.59841392383246e-23,9.25034604723236e-14,2.43370701168369e-14,1.00780023572608e-14,1.11320280850614e-16,1.81350379577706e-15,1.67193643670839e-11,0.0595208887493878,0.0156595659828715,0.00648464018599672,7.16284776615729e-05,0.00116688994253717,0,0,0.000443099231709648,7.7819867134006e-15,1.96614872410085e-17,0.000412831943686631,0,0,0,0,0.00717556413607234,0,4.47002038307519e-05,0,0.0134125747508806,1.27177827919241e-09,5.49101119829949e-06,0,3.39083058996749e-09,0,0
"127",8.77879382424746e-24,5.60571617981865e-14,1.5406694350767e-14,6.4046667195174e-15,7.07264023717386e-17,1.15251767350069e-15,9.053815235164e-12,0.0578133164634359,0.0158893541446677,0.00660531165012128,7.29421139328874e-05,0.00118862366289036,0,0,0.000453521703126622,4.38031081348515e-15,1.1075687952882e-17,0.000422705611899866,0,0,0,0,0.00727017692242151,0,4.46809685638225e-05,0,0.0136643325716046,7.01137148108377e-10,5.59845897929158e-06,0,1.91139269941982e-09,0,0
"128",2.9129873328563e-24,3.37726004739223e-14,9.70422854213399e-15,4.05028334552136e-15,4.47151481232038e-17,7.28859077598708e-16,4.83920546938222e-12,0.0561047935517154,0.0161211671975185,0.00672854052508903,7.42831206031606e-05,0.00121081845943562,0,0,0.000463934798618118,2.4345127436212e-15,6.15617993665714e-18,0.000432554562590848,0,0,0,0,0.00736585934674909,0,4.46611009433864e-05,0,0.013921194650765,3.81604619323194e-10,5.7041383712129e-06,0,1.0630590415292e-09,0,0
"129",9.49141438489801e-25,2.02266569077553e-14,6.08125141886418e-15,2.54866693071498e-15,2.81297354063063e-17,4.58646836936771e-16,2.55255774898216e-12,0.0543962235049429,0.0163545124080022,0.00685421504082925,7.5650236283469e-05,0.0012334542463259,0,0,0.000474332431301635,1.33577466373975e-15,3.37577192205775e-18,0.000442373203630119,0,0,0,0,0.0074625880326748,0,4.46406034557224e-05,0,0.0141829312905579,2.05008996132238e-10,5.8079141345035e-06,0,5.83263871419311e-10,0,0
"130",3.03615361627959e-25,1.2041350756404e-14,3.79117960703894e-15,1.59569784048895e-15,1.76070094589442e-17,2.8715949988245e-16,1.32851123698269e-12,0.052688604761491,0.0165888335898582,0.00698219780630284,7.70419184011204e-05,0.00125650632548572,0,0,0.000484707902051509,7.23418236198413e-16,1.8259581487822e-18,0.000452155462959564,0,0,0,0,0.00756033667727458,0,4.46194796372578e-05,0,0.014449260944089,1.08695362428298e-10,5.90964365527045e-06,0,3.15652560150991e-10,0,0
"131",9.53299923447325e-26,7.12496050262865e-15,2.35111199667127e-15,9.93958543790278e-16,1.09643954992812e-17,1.78874349435782e-16,6.82138865755033e-13,0.0509830364638759,0.0168235078093028,0.00711232359294413,7.84563192087843e-05,0.001279944987256,0,0,0.000495053862956668,3.86635506524927e-16,9.74090199961478e-19,0.000461894763920283,0,0,0,0,0.00765907591038791,0,4.45977341288323e-05,0,0.0147198457478034,5.6866798586261e-11,6.00917693229965e-06,0,1.68471464065015e-10,0,0
"132",2.93739095212791e-26,4.18996062352219e-15,1.4502970580884e-15,6.15935330453915e-16,6.79253911149454e-18,1.1084656229085e-16,3.45484754924307e-13,0.0492807237018079,0.0170578425496319,0.00724439715921841,7.98912622968504e-05,0.00130373511838844,0,0,0.000505362282110794,2.03887673343897e-16,5.12428196861608e-19,0.000471584001778873,0,0,0,0,0.00775877315343346,0,4.45753727266363e-05,0,0.0149942871377189,2.93526933724295e-11,6.10635664199124e-06,0,8.86650670706684e-11,0,0
"133",8.88044410401602e-27,2.44861879718556e-15,8.89798111558009e-16,3.79681491465745e-16,4.18597107830454e-18,6.83303909619284e-17,1.72569945438798e-13,0.047582982031229,0.0172910734828757,0.00737819116914821,8.13442201910513e-05,0.00132783582690185,0,0,0.00051562441055318,1.06066495846208e-16,2.65783224258256e-19,0.00048121552188604,0,0,0,0,0.00785939247970505,0,4.45524024366415e-05,0,0.0152721216559478,1.49455305674318e-11,6.20101829408065e-06,0,4.60070732281578e-11,0,0
"134",2.63368532161772e-27,1.42193328831197e-15,5.42927815688655e-16,2.32802954794613e-16,2.5659266224585e-18,4.18977191287709e-17,8.49991268205474e-14,0.0458912410345774,0.0175223630102386,0.00751344426623863,8.28122937103973e-05,0.00135220009485818,0,0,0.000525830752055714,5.44232986928905e-17,1.35899725589396e-19,0.00049078109995714,0,0,0,0,0.00796089448671895,0,4.45288315225124e-05,0,0.0155528170710309,7.50555690888441e-12,6.29299048862467e-06,0,2.35331340705654e-11,0,0
"135",7.6606607245844e-28,8.20439770062527e-16,3.29437570673513e-16,1.4197394618886e-16,1.56438109657203e-18,2.55515945101706e-17,4.12772757374605e-14,0.0442070466665744,0.0177507997441141,0.00764985937252939,8.42921938501302e-05,0.00137677447161101,0,0,0.000535971036731127,2.75380230840679e-17,6.84924330463955e-20,0.000500271925015118,0,0,0,0,0.0080632361720016,0,4.45046695530297e-05,0,0.0158357689524436,3.7170475590256e-12,6.38209528698903e-06,0,1.18646801647592e-11,0,0
"136",2.18504380180394e-28,4.7031186505551e-16,1.98768718489856e-16,8.61083714113185e-17,9.48542265684457e-19,1.54975209717306e-17,1.97601688592918e-14,0.0425320621140538,0.0179753991112761,0.00778710229003886,8.57802270353842e-05,0.00140149882143777,0,0,0.000546034199448101,1.37386633545981e-17,3.40202204009821e-20,0.000509678585581818,0,0,0,0,0.0081663708126343,0,4.44799274508957e-05,0,0.0161202978547078,1.81507226012905e-12,6.46814870825855e-06,0,5.89511643439074e-12,0,0
"137",6.11034608548e-29,2.67829858901981e-16,1.19242059749907e-16,5.1935371835204e-17,5.71941015678521e-19,9.34733158320174e-18,9.32375626695974e-15,0.0408680668898663,0.0181951052579544,0.00792480068806656,8.72722846572613e-05,0.00142630614058551,0,0,0.000556008364099428,6.75683813178854e-18,1.66510218120205e-20,0.000518991059741874,0,0,0,0,0.00827024787363807,0,4.44546175283501e-05,0,0.0164056472789846,8.73794106109411e-13,6.55096136150454e-06,0,2.88621724028199e-12,0,0
"138",1.67496344522253e-29,1.51505303644905e-16,7.11179659300676e-17,3.11477050077283e-17,3.42917816772287e-19,5.60606388545584e-18,4.33562143403956e-15,0.0392169538820147,0.0184087944313753,0.00806254356403024,8.87638378468884e-05,0.0014511224595202,0,0,0.000565880834823012,3.27532579786191e-18,8.02960269790939e-21,0.000528198709732483,0,0,0,0,0.0083748129123153,0,4.44287535288643e-05,0,0.0166909825884773,4.14652672593415e-13,6.63033922298256e-06,0,1.39221901143809e-12,0,0
"139",4.49990142626531e-30,8.51244728337724e-17,4.21656563230313e-17,1.85736328135153e-17,2.04426035421297e-19,3.34300070876953e-18,1.98661499229322e-15,0.0375807240922124,0.0186152799975309,0.00819988126702207,9.02499384570008e-05,0.00147586684644342,0,0,0.000575638095385686,1.56460070443452e-18,3.81450743922508e-21,0.000537290281729886,0,0,0,0,0.00848000750702734,0,4.44023506574565e-05,0,0.0169753910570741,1.93938026582217e-13,6.70608456634369e-06,0,6.61563198198721e-13,0,0
"140",1.18463747344565e-30,4.75007983597143e-17,2.48501372140624e-17,1.10112865616837e-17,1.21158018633033e-19,1.9819164227621e-18,8.96854724297968e-16,0.0359614788251838,0.0188133192301106,0.00833632617134821,9.17252271967758e-05,0.00150045152779769,0,0,0.00058526581775994,7.36407708357051e-19,1.78491640866601e-21,0.000546253911507195,0,0,0,0,0.00858576921016556,0,4.43754256065045e-05,0,0.0172578832266444,8.93902220303398e-14,6.77799704928991e-06,0,3.09646088791541e-13,0,0
"141",3.05549785662914e-31,2.63226542660318e-17,1.45562460394729e-17,6.48950465865526e-18,7.13838272506152e-20,1.16806365412246e-18,3.98862557307469e-16,0.0343614091330195,0.0190016219697371,0.00847135408128072,9.31839497966004e-05,0.00152478214039781,0,0,0.000594748881094868,3.41451225610413e-19,8.22580183941206e-22,0.000555077136625302,0,0,0,0,0.00869203151152866,0,4.43479965777374e-05,0,0.0175373957364776,4.05988404478383e-14,6.84587495939856e-06,0,1.42737394371608e-13,0,0
"142",7.72013008879704e-32,1.44845044051921e-17,8.47384753391641e-18,3.80170790592797e-18,4.18061996587703e-20,6.84291945289848e-19,1.74729723267078e-16,0.0327827823789217,0.0191788612054248,0.00860440643751591,9.46199819589227e-05,0.00154875812789596,0,0,0.00060407140206778,1.55943268416283e-19,3.73308532308831e-22,0.000563746915787238,0,0,0,0,0.00879872383603157,0,4.4320083291847e-05,0,0.0178127957666836,1.81670618958857e-14,6.90951661646533e-06,0,6.47944313124503e-14,0,0
"143",1.9105063084931e-32,7.91382298448319e-18,4.90210282164898e-18,2.21360843186164e-18,2.43352569824278e-20,3.98447612777074e-19,7.53885315320502e-17,0.031227925861985,0.0193436855717438,0.00873489337999826,9.60268636750708e-05,0.00157227329144006,0,0,0.000613216777351799,7.01401814554993e-20,1.66816096126964e-22,0.000572249655934228,0,0,0,0,0.0089057715635293,0,4.42917069944695e-05,0,0.0180828872054783,8.00861044424395e-15,6.968721922985e-06,0,2.89612881259629e-14,0,0
"144",4.63011647910984e-33,4.29281457341823e-18,2.81782861601995e-18,1.28096924447959e-18,1.4078183076192e-20,2.30577487047773e-19,3.20327812646105e-17,0.0296992075383545,0.0194947336865877,0.008862197700693,9.73978432545826e-05,0.00159521650059328,0,0,0.000622167739104973,3.10646947350076e-20,7.33909231488243e-23,0.000580571247587014,0,0,0,0,0.00901309607057817,0,4.42628904552438e-05,0,0.0183464186082924,3.47766941050138e-15,7.02329405360044e-06,0,1.27448223715724e-14,0,0
"145",1.09874464983014e-33,2.31172641853668e-18,1.60930068895234e-18,7.36636860774845e-19,8.09345118675823e-21,1.32598752006071e-19,1.34027605925594e-17,0.0281990139819399,0.019630650177731,0.00898567969377237,9.87259311255399e-05,0.00161747256588168,0,0,0.000630906423773111,1.3545910935804e-20,3.17861774802933e-23,0.000588697108839046,0,0,0,0,0.00912061481925461,0,4.42336579492397e-05,0,0.018602092963871,1.48743783839592e-15,7.0730412647886e-06,0,5.52133427044865e-15,0,0
"146",2.55275163418309e-34,1.23576495949615e-18,9.13084016562785e-19,4.20926429824109e-19,4.62336928393484e-21,7.57704721175282e-20,5.52162859211585e-18,0.0267297258460963,0.0197501031645425,0.00910468288011815,0.000100003963128415,0.00163892326883631,0,0,0.000639414454454315,5.81480146837178e-21,1.35514718230667e-23,0.000596612238287998,0,0,0,0,0.00922824146002009,0,4.42040352394542e-05,0,0.0188485792213887,6.2657523302604e-16,7.11777880348763e-06,0,2.3545649432932e-15,0,0
"147",5.80599542077172e-35,6.55704999258371e-19,5.14631347514778e-19,2.38978291995696e-19,2.62411379000796e-21,4.30189763185263e-20,2.23965129916789e-18,0.0252936912110876,0.0198518028782874,0.00921854054907162,0.00010122467265354,0.00165944853928,0,0,0.000647673036616589,2.45694683661427e-21,5.68658055585759e-24,0.000604301277050881,0,0,0,0,0.00933588597993441,0,4.41740495415301e-05,0,0.0190845254642876,2.59932075838823e-16,7.15733088665825e-06,0,9.88324083289064e-16,0,0
"148",1.29257168041809e-35,3.45321760592081e-19,2.88108108914042e-19,1.34794520239886e-19,1.47968090949383e-21,2.42650777628783e-20,8.94344745692709e-19,0.0238931973241893,0.0199345210252009,0.00932658302444925,0.000102380770579747,0.00167892776314238,0,0,0.000655663066792935,1.02174805597924e-21,2.34855533404871e-24,0.000611748579847769,0,0,0,0,0.00944345487694099,0,4.414372948417e-05,0,0.0193085735446077,1.06186979953582e-16,7.19153272106094e-06,0,4.08300331865368e-16,0,0
"149",2.8164377325734e-36,1.80490223197224e-19,1.60195837608533e-19,7.55283957237797e-20,8.28853121463327e-22,1.35965131700548e-20,3.51573531421186e-19,0.0225304413524053,0.0199971104262782,0.0094281455258461,0.000103465031579476,0.00169724119760431,0,0,0.000663365253211271,4.18154494549697e-22,9.54569940354336e-25,0.000618938294964211,0,0,0,0,0.00955085137293714,0,4.41131050559498e-05,0,0.019519374919016,4.27153715715335e-17,7.22023252511151e-06,0,1.66006624717796e-16,0,0
"150",6.00586301131202e-37,9.36205353558214e-20,8.84600875522459e-20,4.20374240268756e-20,4.61184626801209e-22,7.56765322131525e-21,1.36048511704314e-19,0.0212075008639569,0.0200385244119767,0.00952257646231299,0.000104470384987198,0.00171427146425936,0,0,0.000670760247329475,1.68398150802826e-22,3.81811450459268e-25,0.000625854452716875,0,0,0,0,0.00965797566399269,0,4.40822075409275e-05,0,0.0197156073599217,1.6919201850065e-17,7.24329351580304e-06,0,6.64223796036994e-17,0,0
"151",1.25327739265958e-37,4.81894317498554e-20,4.85075230539424e-20,2.32388346301166e-20,2.54873377035818e-22,4.18357260848868e-21,5.18229546415093e-20,0.0199263048260473,0.0200578354139292,0.0096092459659103,0.00010539000810847,0.00172990508564977,0,0,0.000677828784546615,6.67288276664119e-23,1.50281617889607e-25,0.000632481061857977,0,0,0,0,0.00976472518615842,0,4.40510694539622e-05,0,0.0198959921552857,6.59848395994093e-18,7.26059581793471e-06,0,2.61534663980785e-17,0,0
"152",2.55909841998939e-38,2.46135095943031e-20,2.64121106708541e-20,1.27588282979343e-20,1.39891840193319e-22,2.29695025758089e-21,1.94307852623832e-20,0.0186886059459368,0.0200542521836183,0.00968755444965678,0.000106217419600739,0.00174403402639024,0,0,0.000684551832350282,2.60159037876329e-23,5.82055985856517e-26,0.000638802213167385,0,0,0,0,0.00987099494179771,0,4.40197244527211e-05,0,0.0200593113647668,2.5337727234612e-18,7.27203825577433e-06,0,1.01334440193618e-17,0,0
"153",5.11294460838935e-39,1.24743096301753e-20,1.42789965674906e-20,6.95652802567319e-21,7.62510316837666e-23,1.25239451823814e-21,7.17120645409965e-21,0.0174959551847229,0.0200271350827546,0.00975694096000538,0.000106946570405862,0.00175655719749672,0,0,0.000690910743596498,9.97913819966997e-24,2.21828251485188e-26,0.000644802189305359,0,0,0,0,0.00997667782195105,0,4.39882072555948e-05,0,0.0202044246705536,9.57956493400007e-19,7.27753998511831e-06,0,3.86357963338949e-18,0,0
"154",9.99495273447807e-40,6.27282810627018e-21,7.66413019377687e-21,3.76641458571861e-21,4.12717714027115e-23,6.78085642101065e-22,2.60511317085033e-21,0.0163496792353545,0.0199760089330352,0.00981689108973132,0.000107571929674705,0.00176738188176558,0,0,0.000696887412847776,3.7658354621812e-24,8.31875723608056e-27,0.000650465579840035,0,0,0,0,0.0100816649822963,0,4.39565535428646e-05,0,0.0203302853529282,3.56598027011853e-19,7.27704193096238e-06,0,1.44952129656774e-18,0,0
"155",1.91162276824324e-40,3.12967563208369e-21,4.08385700721957e-21,2.02482558379752e-21,2.21811822513855e-23,3.64545576175922e-22,9.31530862823227e-22,0.0152508616780651,0.019900572983225,0.00986694422391107,0.000108088563205705,0.00177642503926453,0,0,0.000702464433110177,1.39809124944968e-24,3.06966543774241e-27,0.000655777400230514,0,0,0,0,0.0101858462256876,0,4.39247998563695e-05,0,0.0204359549336048,1.3069907126512e-19,7.27050799520097e-06,0,5.35134921366034e-19,0,0
"156",3.57706398461279e-41,1.54921643093974e-21,2.16020226738397e-21,1.08079347412837e-21,1.18361982413691e-23,1.94587388449363e-22,3.27878547580185e-22,0.0142003284103643,0.0198007076461605,0.00990669990963867,0.000108492202122891,0.00178361445522492,0,0,0.000707625250680975,5.10638523322104e-25,1.11460612129386e-27,0.000660723213443624,0,0,0,0,0.0102891104131086,0,4.3892983490508e-05,0,0.0205206160661063,4.71668559119235e-20,7.25792600866337e-06,0,1.9440754542188e-19,0,0
"157",6.54863238390398e-42,7.60837671140806e-22,1.13425383366545e-21,5.72752179019277e-22,6.27060083060563e-24,1.03120844143706e-22,1.13602454509876e-22,0.0131986378007138,0.0196764777724193,0.00993582316857442,0.000108779299836617,0.00178888969774046,0,0,0.000712354315749197,1.83484723966583e-25,3.98255440096109e-28,0.000665289252816279,0,0,0,0,0.010391345883917,0,4.3861142385125e-05,0,0.0205835833091987,1.67605291636461e-20,7.23930840712225e-06,0,6.95002631900734e-20,0,0
"158",1.17293857316204e-42,3.70707987285492e-22,5.91147297567011e-22,3.01324715961355e-22,3.29799943156612e-24,5.42528009233426e-23,3.87471951486313e-23,0.0122460758433281,0.0195281323545071,0.00995404860885891,0.000108947075745384,0.00179220285941282,0,0,0.000716637226586413,6.48642405327329e-26,1.40032685527212e-28,0.000669462544749102,0,0,0,0,0.0104924408952961,0,4.38293150073904e-05,0,0.0206243114943724,5.86469541727585e-21,7.21469261896347e-06,0,2.44512404161911e-20,0,0
"159",2.05545062038896e-43,1.79195576841059e-22,3.05795001090726e-22,1.57370541101965e-22,1.72192125031218e-24,2.83346926788654e-23,1.3010516530786e-23,0.0113426564063755,0.0193561006878858,0.00996118323717457,0.000108993544625552,0.00179351906504744,0,0,0.000720460865337392,2.25604124841205e-26,4.84559797392987e-29,0.000673231029832329,0,0,0,0,0.0105922840650872,0,4.37975402384234e-05,0,0.0206424014869353,2.0208576014188e-21,7.18414115966749e-06,0,8.46601999392883e-21,0,0
"160",3.52417323407628e-44,8.59361430531072e-23,1.56998598734772e-22,8.15851574999332e-23,8.92433225365025e-25,1.46897308903078e-23,4.30109768690858e-24,0.0104881264783922,0.0191609851450169,0.00995710792012218,0.000108917531187821,0.00179281673621169,0,0,0.00072381352391066,7.72055444386533e-27,1.65022731684799e-29,0.000676583681061684,0,0,0,0,0.0106907648104936,0,4.37658572607184e-05,0,0.0206376032374292,6.85786599334468e-22,7.14774143831327e-06,0,2.88502550392658e-21,0,0
"161",5.91210314645946e-45,4.08863027085579e-23,7.99972797713415e-23,4.19834255140997e-23,4.59111278583207e-25,7.55941379562943e-24,1.40000043545612e-24,0.00968197613914286,0.0189435508381233,0.00994177749366205,0.000108718669822976,0.00179008761239426,0,0,0.000726685018594946,2.59979642989593e-27,5.5316158425304e-30,0.000679510617898485,0,0,0,0,0.0107877738047253,0,4.37343054396805e-05,0,0.0206098161193045,2.29213749555029e-22,7.10560528683026e-06,0,9.67709824332088e-22,0,0
"162",9.70470066957755e-46,1.92990381955745e-23,4.04532829534624e-23,2.14439640090828e-23,2.34434519159661e-25,3.86120470520681e-24,4.48724116176461e-25,0.00892345282169525,0.0187047125488713,0.00991521956721453,0.000108397390082256,0.00178533653711933,0,0,0.000729066792552095,8.61499869683615e-28,1.82520080636557e-30,0.00068200321506021,0,0,0,0,0.0108832034091349,0,4.37029242151067e-05,0,0.0205590866449169,7.54624307159336e-23,7.05786823129736e-06,0,3.19524346187034e-22,0,0
"163",1.55884542040045e-46,9.03761671809001e-24,2.03010320247768e-23,1.08711547542791e-23,1.18814526793741e-25,1.95749599674976e-24,1.41636707841631e-25,0.00821157930050513,0.0184455193834309,0.00987753211243641,0.000107954888910689,0.00177858102518968,0,0,0.000730952005856476,2.80955459288853e-28,5.92875144181309e-31,0.000684054205090398,0,0,0,0,0.0109769481030805,0,4.36717529922796e-05,0,0.0204856037392301,2.44739449128565e-23,7.00468853188767e-06,0,1.03864984241796e-22,0,0
"164",2.45038569978874e-47,4.19893567250722e-24,1.01101226974371e-23,5.46983152963646e-24,5.97649088886591e-26,9.84932651106406e-25,4.40316064159155e-26,0.0075451747418182,0.0181671376660639,0.00982887996347195,0.000107393091050742,0.001769850633859,0,0,0.000732335612737042,9.01847187424725e-29,1.89608656559393e-31,0.000685657773944543,0,0,0,0,0.0110689049109587,0,4.3640831037146e-05,0,0.0203896918241538,7.8200439038668e-24,6.94624601904029e-06,0,3.32421111186865e-23,0,0
"165",3.76972952700386e-48,1.93553096874736e-24,4.99641182527292e-24,2.73140028452067e-24,2.98357719334407e-26,4.91841580791277e-25,1.34833171736615e-26,0.00692287809088705,0.017870832612209,0.00976949038402027,0.000106714599341386,0.00175918616587716,0,0,0.000733214426455293,2.84966387924313e-29,5.97101827331154e-32,0.000686809649033207,0,0,0,0,0.0111589738012802,0,4.36101973783522e-05,0,0.0202718020242925,2.46206501996353e-24,6.88274076107778e-06,0,1.04764622621925e-23,0,0
"166",5.67633478913236e-49,8.85211432922159e-25,2.45027171223845e-24,1.35361894325343e-24,1.47818652373738e-26,2.43749392772018e-25,4.06749986435174e-27,0.00634317304579537,0.0175579493236307,0.00969964787596475,0.000105922636844812,0.0017466387358515,0,0,0.000733587172347191,8.86495001737882e-30,1.8517883086491e-32,0.000687507179379762,0,0,0,0,0.0112470580725022,0,4.35798907152775e-05,0,0.0201325018438235,7.63891920118961e-25,6.81439159837704e-06,0,3.25165188712642e-24,0,0
"167",8.36660356800018e-50,4.0169093296656e-25,1.19238431150139e-24,6.65724687328142e-25,7.26791325776702e-27,1.19880604349349e-25,1.20897002834292e-27,0.00580441387794541,0.0172298936259515,0.00961968841437607,0.000105020982837564,0.0017322687331849,0,0,0.000733454529904817,2.71545164619128e-30,5.65650877050974e-33,0.000687749407770246,0,0,0,0,0.0113330647244121,0,4.35499493294498e-05,0,0.0199724636847386,2.33596820217879e-25,6.74143458070208e-06,0,9.94071375922898e-25,0,0
"168",1.20725311305794e-50,1.80862695058886e-25,5.75780439853069e-25,3.24913959157462e-25,3.54623225233132e-27,5.85099439849521e-26,3.54097254008048e-28,0.0053048514002691,0.0168881132264873,0.00952999329487077,0.000104013904710058,0.00171614471506787,0,0,0.000732819164829182,8.19136158522479e-31,1.70210006010111e-33,0.000687537134991333,0,0,0,0,0.0114169048002558,0,4.35204110073146e-05,0,0.0197924525791463,7.04155132415758e-26,6.66412134233367e-06,0,2.99377951667446e-25,0,0
"169",1.70554395661267e-51,8.08041028847356e-26,2.75885958885354e-25,1.57364412561235e-25,1.71708043971667e-27,2.83383650251674e-26,1.02214696517754e-28,0.00484265845024383,0.0165340796123381,0.00943098277255024,0.00010290608773918,0.00169834226179058,0,0,0.000731685752570413,2.43381162523137e-31,5.04626432309962e-34,0.000686872976463486,0,0,0,0,0.0114984937123108,0,4.34913129682582e-05,0,0.0195933134954371,2.09268031615518e-26,6.58271745198802e-06,0,8.88339237157712e-26,0,0
"170",2.35935315667719e-52,3.58230391778185e-26,1.31168120285601e-25,7.56307916464576e-26,8.25030033010102e-28,1.3619895032793e-26,2.90840644712955e-29,0.00441595433925101,0.0161692710401092,0.00932310965840563,0.000101702564547881,0.00167894282424387,0,0,0.000730060994445177,7.12371038125546e-32,1.47426346870501e-34,0.000685761411777679,0,0,0,0,0.0115777515434632,0,4.34626917975132e-05,0,0.0193759585511056,6.13253125326097e-27,6.49750076712151e-06,0,2.59756165799079e-26,0,0
"171",3.19624863691256e-53,1.57599524577252e-26,6.18795864774369e-26,3.60690470812982e-26,3.93363961254503e-28,6.49555884327257e-27,8.15862735475406e-30,0.00402282781590553,0.015795156894407,0.00920685302072266,0.000100408645860713,0.00165803259017824,0,0,0.000727953628032301,2.05441427677605e-32,4.24497427327342e-35,0.000684208827830759,0,0,0,0,0.0116546033220702,0,4.3434583390772e-05,0,0.0191413544289519,1.77235333475175e-27,6.40875982421471e-06,0,7.48608625551882e-27,0,0
"172",4.2409141768357e-54,6.88068204531807e-27,2.89655396184213e-26,1.70688719615243e-26,1.86103872406616e-28,3.07392519599404e-27,2.25668120712216e-30,0.00366135819221831,0.0154131836168908,0.00908271211729325,9.90298539231535e-05,0.00163570139188125,0,0,0.000725374433171263,5.83859316724654e-33,1.20488841670339e-35,0.000682223556427255,0,0,0,0,0.0117289792770138,0,4.34070229046538e-05,0,0.0188905102496323,5.05251305827659e-28,6.31679228950414e-06,0,2.12677735110184e-27,0,0
"173",5.51194196229846e-55,2.98136238384176e-27,1.34532072028596e-26,8.01492592812043e-27,8.7366070513583e-29,1.44342587072769e-27,6.15582713767332e-31,0.00332963438207874,0.0150247623350467,0.008951200660718,9.75718596926463e-05,0.0016120416737008,0,0,0.000722336235318407,1.63547561532999e-33,3.37185754924003e-36,0.000679815907372169,0,0,0,0,0.0118008150674239,0,4.33800447125336e-05,0,0.0186244661069296,1.4209711440651e-28,6.22190349488289e-06,0,5.95724773501231e-28,0,0
"174",7.01829329170297e-56,1.28212224255514e-27,6.19976109318715e-27,3.73430028212833e-27,4.06955900713031e-29,6.7252831967073e-28,1.65629707504936e-31,0.00302577169681736,0.0146312582530432,0.0088128414951783,9.60404246459634e-05,0.00158714753353974,0,0,0.000718853907712412,4.5162037285285e-34,9.30512928513909e-37,0.000676998198222593,0,0,0,0,0.0118700519891213,0,4.33536823714594e-05,0,0.0183442824240439,3.94328720548872e-29,6.12440507751833e-06,0,1.64552826019252e-28,0,0
"175",8.75579590486911e-57,5.47271147950853e-28,2.83480946415075e-27,1.72633260800445e-27,1.88087374383796e-29,3.10908105081274e-28,4.39640974824692e-32,0.00274792632894448,0.0142339818081921,0.00866816173995865,9.44413477937787e-05,0.00156111384828896,0,0,0.000714944373861832,1.22963016601507e-34,2.53272145780267e-37,0.000673784781996465,0,0,0,0,0.0119366371643611,0,4.33279685891466e-05,0,0.0180510302430846,1.07994479364766e-29,6.02461373914317e-06,0,4.48313276061729e-29,0,0
"176",1.07041423853699e-57,2.31880301927513e-28,1.28607806185787e-27,7.91836668834359e-28,8.62522008170036e-30,1.42609765689486e-28,1.15143126576831e-32,0.0024943075301395,0.0138341815470039,0.00851768843362788,9.27804182591628e-05,0.00153403548931858,0,0,0.000710626612176601,3.30159863825921e-35,6.80057403740099e-38,0.00067019207425724,0,0,0,0,0.0120005236951506,0,4.33029352109093e-05,0,0.0177457825175078,2.91936711693108e-30,5.92285014068792e-06,0,1.20491189933106e-29,0,0
"177",1.28248955262244e-58,9.753177382944e-29,5.78895056631759e-28,3.6035692135958e-28,3.92436426568737e-30,6.49011603005089e-29,2.97596801219573e-33,0.00226318755186437,0.0134330386351422,0.0083619446937916,9.10633735690769e-05,0.00150600663072662,0,0,0.00070592166412255,8.74376841212814e-36,1.80168064704076e-38,0.000666238581108444,0,0,0,0,0.0120616708169813,0,4.32786131957748e-05,0,0.0174296064388244,7.79098852519068e-31,5.8194379414975e-06,0,3.19526618772733e-30,0,0
"178",1.50609728033837e-59,4.07272977469676e-29,2.58532791249027e-28,1.62707004192449e-28,1.77152440744464e-30,2.9304318165067e-29,7.59166832785424e-34,0.00205290946621508,0.0130316628856539,0.00820144639110132,8.92958636310443e-05,0.00147712015012152,0,0,0.000700852647573026,2.2843950387127e-36,4.71046894425316e-39,0.000661944929743862,0,0,0,0,0.0121200440178198,0,4.32550326127641e-05,0,0.017103556796732,2.05297525845862e-31,5.71470299265687e-06,0,8.36212344972434e-31,0,0
"179",1.73379636087533e-60,1.68858326275873e-29,1.14553560312833e-28,7.28862282097792e-29,7.93402400005854e-31,1.31273318244244e-29,1.91174661959599e-34,0.00186189302119403,0.0126310901691004,0.00803669932291243,8.74834202227057e-05,0.00144746711932122,0,0,0.000695444777120966,5.88860571571985e-37,1.21557814033209e-39,0.000657333903313068,0,0,0,0,0.0121756151404691,0,4.32322226362571e-05,0,0.0167686703453134,5.34231963610864e-32,5.60897269265166e-06,0,2.16004112478788e-31,0,0
"180",1.9567435447693e-61,6.95186744055672e-30,5.03584312774461e-29,3.23921637424792e-29,3.52531514682274e-31,5.83413385422137e-30,4.75301481565867e-35,0.00168863870944094,0.0122322810567008,0.00786819686160749,8.56314317096158e-05,0.00141713638048155,0,0,0.000689725393012956,1.49792122817244e-37,3.09677678509519e-40,0.000652430481982816,0,0,0,0,0.0122283624742534,0,4.32102115478978e-05,0,0.0164259611270846,1.37307716518143e-32,5.50257551100799e-06,0,5.50832009804428e-32,0,0
"181",2.16521314180319e-62,2.84231622208613e-30,2.19633956806702e-29,1.42816621580772e-29,1.55399504252594e-31,2.57229308400886e-30,1.1668379570495e-35,0.001531730243936,0.0118361205421838,0.00769641804498003,8.3745122624553e-05,0.00138621420179348,0,0,0.000683724000453687,3.76064434211378e-38,7.78964800510055e-41,0.000647261892206781,0,0,0,0,0.0122782708183017,0,4.31890267473505e-05,0,0.0160764166915097,3.48608613547072e-33,5.39584068483999e-06,0,1.38694953865921e-32,0,0
"182",2.34926877845602e-63,1.15422561084841e-30,9.50348843224185e-30,6.24669856103228e-30,6.79574946957122e-32,1.12511605835374e-30,2.82882085197623e-36,0.00138983563983634,0.0114434186884776,0.00752182607094943,8.18295376868873e-05,0.00135478400596466,0,0,0.000677472321498461,9.31939809284547e-39,1.93497411240943e-41,0.000641857666364307,0,0,0,0,0.012325331543794,0,4.31686947625931e-05,0,0.0157209951347855,8.74405219622044e-34,5.28909809570533e-06,0,3.44869737654985e-33,0,0
"183",2.4995252466676e-64,4.65605641657057e-31,4.07957553580216e-30,2.7104639300949e-30,2.94814983503634e-32,4.88197209565987e-31,6.77326146488094e-37,0.00126170710004687,0.0110549120504221,0.00734486715592796,7.98895298095876e-05,0.00132292616416827,0,0,0.000671004361263654,2.27989122149947e-39,4.7472845158076e-42,0.000636249715100251,0,0,0,0,0.0123695426223205,0,4.31492412705894e-05,0,0.0153606228813302,2.16703156976035e-34,5.18267832914752e-06,0,8.46966129967792e-34,0,0
"184",2.60792076474988e-65,1.86605185788655e-31,1.73734815409116e-30,1.16666425220639e-30,1.26874462251402e-32,2.10136859735097e-31,1.60185599105098e-37,0.00114617989494557,0.0106712657331796,0.00716596971503872,7.79297516304228e-05,0.00129071784793887,0,0,0.000664356491064614,5.5065675255873e-40,1.15049667029481e-42,0.000630472414895485,0,0,0,0,0.012410908663002,0,4.31306911166857e-05,0,0.0149961931259999,5.3068131716347e-35,5.07691292533608e-06,0,2.05471256410517e-34,0,0
"185",2.66841278701709e-66,7.43161699808695e-32,7.33989346818401e-31,4.98132411447111e-31,5.41625304764774e-33,8.97233802068388e-32,3.74204007458749e-38,0.00104217041535444,0.0102930759569065,0.00698554382273708,7.59546501089173e-05,0.00125823293155764,0,0,0.000657567550805387,1.31316264669211e-40,2.75451665392825e-43,0.000624562713630529,0,0,0,0,0.0124494409075893,0,4.31130683472941e-05,0,0.0146285648564948,1.28424244564998e-35,4.97213482600281e-06,0,4.92448182372258e-35,0,0
"186",2.67751570987801e-67,2.94158318794767e-32,3.07619758524079e-31,2.10973264499468e-31,2.2935643800946e-33,3.80007802282143e-32,8.6351063628172e-39,0.000948673563680429,0.00992087301060351,0.0068039809138848,7.39684637480169e-05,0.00122554193773758,0,0,0.000650678973596598,3.09204376027249e-41,6.51578495696225e-44,0.000618560257177279,0,0,0,0,0.0124851572472696,0,4.3096396235334e-05,0,0.0142585623790334,3.07130106582606e-36,4.86867902709317e-06,0,1.16610144721156e-35,0,0
"187",2.63461608783307e-68,1.15746896199308e-32,1.27894036837363e-31,8.86299306135942e-32,9.63378520676273e-34,1.5964287555135e-32,1.9683548450046e-39,0.000864759632267864,0.00955512449113877,0.00662165368766028,7.19752220258457e-05,0.00119271201983898,0,0,0.000643734935594575,7.18899614503444e-42,1.52293310899833e-44,0.000612507540375223,0,0,0,0,0.0125180821892823,0,4.30806973209827e-05,0,0.013886975275065,7.2587966243112e-37,4.76688344579698e-06,0,2.72841571366302e-36,0,0
"188",2.54202780908186e-69,4.52864535853934e-33,5.27457497168731e-32,3.69309095798333e-32,4.01368598869738e-34,6.65216401421278e-33,4.43203380991555e-40,0.000789570801328601,0.00919623873662342,0.00643891617959418,6.99787466554748e-05,0.00115980697436757,0,0,0.000636782534662238,1.65035602789803e-42,3.51728579501634e-45,0.000606450086125402,0,0,0,0,0.0125482468437728,0,4.30659934500319e-05,0,0.0135145587231949,1.69536752360316e-37,4.66709001438764e-06,0,6.30817743704419e-37,0,0
"189",2.40478191539078e-70,1.76224447041467e-33,2.15781764588189e-32,1.52630755593723e-32,1.65857919664977e-34,2.7492774663208e-33,9.85683758819651e-41,0.000722317372082869,0.00884456837614985,0.0062561039702703,6.7982654326813e-05,0.00112688727809269,0,0,0.000629872001787597,3.74066181349619e-43,8.02701586507443e-46,0.000600436656778299,0,0,0,0,0.0125756888770458,0,4.3052305818094e-05,0,0.0131420341273372,3.91285375845558e-38,4.56964601486234e-06,0,1.44119962151663e-37,0,0
"190",2.23017831937558e-71,6.82210049184454e-34,8.75629913660282e-33,6.25636414406153e-33,6.79768470687007e-35,1.12694277768406e-33,2.16500584970394e-41,0.000662273834508756,0.00850041393004418,0.00607353450264177,6.59903606225412e-05,0.00109401014473619,0,0,0.000623056950017361,8.3702133722703e-44,1.81013999040855e-46,0.000594519502510581,0,0,0,0,0.0126004524709477,0,4.30396550166859e-05,0,0.0127700899997306,8.92295383637392e-39,4.47490567341525e-06,0,3.25359981496729e-38,0,0
"191",2.02715461977713e-72,2.62812036088654e-34,3.52446335782602e-33,2.54340183033774e-33,2.76314084957009e-35,4.58139670795803e-34,4.69567823292332e-42,0.000608774853763957,0.00816402740600963,0.0058915074833351,6.40050848378502e-05,0.0010612295967986,0,0,0.000616394665621871,1.84874352265926e-44,4.03326498979087e-47,0.000588754651994453,0,0,0,0,0.0126225882586146,0,4.30280610882198e-05,0,0.0123993830542895,2.01021497154912e-39,4.38323203235421e-06,0,7.25771439646924e-39,0,0
"192",1.80554649340063e-73,1.00779613895292e-34,1.40708217529127e-33,1.02542914633856e-33,1.11390228510228e-35,1.8471041683755e-34,1.00545433408887e-42,0.000561211245178058,0.00783561584670796,0.00571030534663932,6.20298554704165e-05,0.00102859654868753,0,0,0.000609946447750404,4.02976739606645e-45,8.87858308303261e-48,0.000583202251372672,0,0,0,0,0.0126421532512875,0,4.30175435792861e-05,0,0.0120305394739124,4.47306200515044e-40,4.2949991270639e-06,0,1.59951457484432e-39,0,0
"193",1.57532243053393e-74,3.84793019530845e-35,5.57169052110004e-34,4.09994870713097e-34,4.45325689953863e-36,7.38527538178779e-35,2.12486518793126e-43,0.000519025994877073,0.00751534479338262,0.00553019376302132,6.0067516181669e-05,0.000996158897878942,0,0,0.000603778003197304,8.66624896695115e-46,1.93066514127367e-48,0.000577926958383566,0,0,0,0,0.0126592107692261,0,4.30081215991726e-05,0,0.0116641563220466,9.82831168918985e-41,4.21059449664554e-06,0,3.482285101293e-40,0,0
"194",1.34587241728355e-75,1.46330244325205e-35,2.18817531000872e-34,1.62561356511236e-34,1.7655465655914e-36,2.92824792388631e-35,4.43053112727758e-44,0.000481710371666206,0.00720334163805913,0.00535142217691916,5.81207320623964e-05,0.000963961621365994,0,0,0.000597959903832635,1.83816904091325e-46,4.14625758242492e-49,0.00057299839945058,0,0,0,0,0.0126738303391611,0,4.2999813885018e-05,0,0.0113008030755571,2.13165885677898e-41,4.13042206190961e-06,0,7.48753816729899e-41,0,0
"195",1.12541699658342e-76,5.54387975201961e-36,8.52296938197868e-35,6.3915479218799e-35,6.94121109951586e-37,1.15132662442466e-35,9.11071951804532e-45,0.000448800165767509,0.00689969884370231,0.00517422436120785,5.61919960647619e-05,0.000932046875125848,0,0,0.00059256811570906,3.8438403176612e-47,8.79171965576775e-50,0.000568491698683052,0,0,0,0,0.0126860876079855,0,4.29926388657085e-05,0,0.0109410232626874,4.56185228677305e-42,4.05490541277868e-06,0,1.58962882954101e-41,0,0
"196",9.20583093491079e-78,2.09304049714881e-36,3.29229745783335e-35,2.49188527268226e-35,2.70601100809409e-37,4.48871684950326e-36,1.84672556521872e-45,0.000419872081341918,0.00660447701752669,0.00499881897809255,5.42836354886749e-05,0.000900454094759675,0,0,0.000587684610194706,7.92058492867869e-48,1.83997200988904e-50,0.000564488089058198,0,0,0,0,0.0126960642212113,0,4.29866147348172e-05,0,0.0105853361960414,9.6279248727782e-43,3.98449155421309e-06,0,3.33109553850777e-42,0,0
"197",7.36175299858294e-79,7.87632385784536e-37,1.26122255682065e-35,9.63310789045834e-36,1.04603302875672e-37,1.735249589945e-36,3.68764452331651e-46,0.000394540302341596,0.00631770782752177,0.00482541013826512,5.23978184332647e-05,0.000869220095835823,0,0,0.000583398072297485,1.60735704135276e-48,3.79918447102525e-51,0.000561075617600456,0,0,0,0,0.0127038477127064,0,4.29817595212152e-05,0,0.0102342388033705,2.0028077624159e-43,3.9196551898131e-06,0,6.8870953567e-43,0,0
"198",5.75264145489085e-80,2.95482587960335e-37,4.79130362511976e-36,3.69236009977155e-36,4.00927466143626e-38,6.65120927220204e-37,7.25115477091651e-47,0.0003724532450375,0.00603939675584317,0.00465418795232534,5.05365601474633e-05,0.000838379172849163,0,0,0.000579804791579831,3.21109461190959e-49,7.73767049214924e-52,0.000558349958180695,0,0,0,0,0.0127095313688402,0,4.29780911725259e-05,0,0.00988820792499065,4.10467094308452e-44,3.86090408513053e-06,0,1.40456705651147e-43,0,0
"199",4.41879481891021e-81,1.10525165671134e-37,1.80496721243559e-36,1.40321274965484e-36,1.52360922177433e-38,2.52767241678934e-37,1.41245502370946e-47,0.000353290505434725,0.00576952565420151,0.00448532909720382,4.87017294909376e-05,0.00080796320030683,0,0,0.000577011195946204,6.35313379937143e-50,1.56408788593157e-52,0.000556415347673447,0,0,0,0,0.0127132140970923,0,4.29756276289255e-05,0,0.00954773067480829,8.33778787853213e-45,3.8087950455056e-06,0,2.8431250746603e-44,0,0
"200",3.89919434875945e-82,4.12234924687115e-38,6.74252131729958e-37,5.28697746782763e-37,5.74052406122499e-39,9.52368567802294e-38,3.18530195310654e-48,0.000336760005605353,0.00550805227948944,0.00431899981073258,4.68950784920289e-05,0.000778002117299712,0,0,0.000575167944789018,1.4552899200593e-50,3.66832426864268e-53,0.000555385663673802,0,0,0,0,0.0127150002771973,0,4.29743869142434e-05,0,0.0092158329281573,1.96181931384532e-45,3.76415140660006e-06,0,6.67719423672844e-45,0,0
